company_number,company_name,date_of_creation,company_status,company_type,sic_codes,registered_office_address
SC900884,NOT NOW MADAM! LIMITED,2026-08-31,active,ltd,64209,"18 Midlothian Drive, Glasgow, G41 3QX, Scotland"
17428787,BLEU CHIP LTD,2026-08-31,active,ltd,45112;45200;68201;81222,"50c Ealing Road, Wembley, HA0 4TQ, United Kingdom"
17428881,HAIXOR LTD,2026-08-31,active,ltd,41100;68100;68209,"162 St. Pauls Road, Smethwick, B66 1QR, England"
17428907,JAN & BAKHT LTD,2026-08-31,active,ltd,68100;68209,"46 Marmion Avenue, London, E4 8EP, England"
17428910,RAMA DEVELOPMENTS LIMITED,2026-08-31,active,ltd,68100;68209,"2 Wheeleys Road, Birmingham, B15 2LD, England"
17429081,AALAYA LIMITED,2026-08-31,active,ltd,68209;68310;68320,"Flat 16, Mawdley House, Webber Row, London, SE1 8XQ, United Kingdom"
17429168,KNC HOUSING CIC,2026-09-01,active,private-limited-guarant-nsc,98000,"35 Stockwell Green, London, SW9 9HZ, England"
17429430,ZM SQUARED PROPERTY LTD,2026-09-01,active,ltd,68320,"The Gate House Oakwood Hill Industrial Estate, Oakwood Hill, Loughton, Essex, IG10 3TZ, England"
17429452,SAFEHOUSE INVESTMENT PROPERTY LTD,2026-09-01,active,ltd,68100,"1 Kynaston Road, Orpington, Kent, BR5 4JS, United Kingdom"
17429450,MULBERRY BIDCO LIMITED,2026-09-01,active,ltd,70100,"741 Walmersley Road, Bury, BL9 5JW, England"
17429424,ZENCO ESTATES LTD,2026-09-01,active,ltd,68100;68209,"158 Cromwell Road, Salford, Greater Manchester, M6 6DE, England"
SC900938,JPL ADVISORY LTD,2026-09-01,active,ltd,70229;82990,"2/3 48 West George Street, Glasgow, Lanarkshire, G2 1BP, Scotland"
17429799,PONTELAND HOUSING 1 LIMITED,2026-09-01,active,ltd,68100;68209,"327 Wingrove Road North, Newcastle Upon Tyne, NE4 9EB, United Kingdom"
17429785,TALGI HOMES LTD,2026-09-01,active,ltd,68209,"44 Reedman Road, Long Eaton, Nottingham, Nottinghamshire, NG10 3FE, England"
17429812,CRYSTAL NETWORK & CLUB LTD,2026-09-01,active,ltd,64999,"Unit B Ventura House, Ventura Park Road, Tamworth, Staffordshire, B78 3HL, England"
17429798,BONDS & BONDS LIMITED,2026-09-01,active,ltd,68209,"1110 Elliott Court Coventry Business Park, Herald Avenue, Coventry, West Midlands, CV5 6UB, United Kingdom"
17429821,BLACKPOINT PROPERTY HOLDINGS LIMITED,2026-09-01,active,ltd,68209,"Bank Farm Buildings Chester Road, Aldford, Chester, CH3 6HJ, United Kingdom"
SC901000,PCAL INVESTMENTS LTD,2026-09-01,active,ltd,68209,"3 Lairg Court, Airdrie, ML6 9AT, United Kingdom"
17430152,TAN INTEGRATED SERVICES LIMITED,2026-09-01,active,ltd,82990;87200,"The Town House Earlsmoor 151 Bryn Road, Brynmill, Swansea, SA2 0AU, Wales"
17430340,STRATOS PROCUREMENT LTD,2026-09-01,active,ltd,82990,"Eleven Brindley Place, 2 Brunswick Square, Birmingham, B1 2LP, England"
17430454,GARIB PROPERTY LIMITED,2026-09-01,active,ltd,68100,"111 Telford Way, Hayes, UB4 9TH, England"
17430764,MENZO GROUP LIMITED,2026-09-01,active,ltd,47910;64209;70229,"Suite Ra01 195-197 Wood Street, London, E17 3NU, United Kingdom"
17430750,MH HAZELL PROPERTIES LIMITED,2026-09-01,active,ltd,68209,"4 Edwin Road, Hastings, TN35 5JT, England"
17430752,ILAN NEST LIMITED,2026-09-01,active,ltd,41100;68100;68209,"41 Pentland Terrace, Bolton, BL1 3TA, England"
17430729,MZ SOLUTIONS LTD,2026-09-01,active,ltd,56103;82990,"107 Coventry Street, Kidderminster, DY10 2BH, England"
17431076,WOLVESACRE PROPERTY VENTURES LTD,2026-09-01,active,ltd,68100,"Wolvesacre Hall, Iscoyd, Whitchurch, SY13 3AS, United Kingdom"
17431561,LANA NEILL ESTATES LTD,2026-09-01,active,ltd,68310,"76 Corporation Avenue, Llanelli, SA15 3SR, Wales"
17431570,GULZAR INVESTMENTS LTD,2026-09-01,active,ltd,64301,"27 Greendale Road, Liverpool, L25 4RP, England"
17431572,12 ST JOHNS VILLAS FREEHOLD LTD,2026-09-01,active,ltd,98000,"Flat 4 12 St. John's Villas, London, N19 3EG, England"
17431571,OWL CMM LTD,2026-09-01,active,ltd,81229;98000,"15 Finkle Street, Carlisle, CA3 8UU, United Kingdom"
17431970,JDK PROPERTIES (YORKSHIRE) LTD,2026-09-01,active,ltd,68209,"Aireside Business Centre, Royd Ings Avenue, Keighley, West Yorkshire, BD21 4BZ, United Kingdom"
17432130,KENYON PROPERTIES YORKSHIRE LTD,2026-09-01,active,ltd,68320,"4 Lourdes Grange, Pontefract, WF7 7FF, United Kingdom"
17432174,DB&E PROPERTIES LTD,2026-09-01,active,ltd,68209,"73 Solent Road, Church Gresley, Swadlincote, DE11 9BU, England"
17432178,HT27 LIMITED,2026-09-01,active,ltd,68100;68209;68320,"Springhill Farm Springhill, Longworth, Abingdon, OX13 5HL, England"
17432419,ORGS AI ENGINEERING LTD,2026-09-02,active,ltd,62020;64303,"008 Westbourne Studios 242 Acklam Road, London, W10 5JJ, England"
17432627,ELITE INVESTMENTS PROPERTY GROUP LIMITED,2026-09-02,active,ltd,68100;68201;68209;68320,"Warwick House 18 Forge Lane, Minworth, Sutton Coldfield, B76 1AH, England"
17432956,MAPLEDEAN RTM COMPANY LIMITED,2026-09-02,active,private-limited-guarant-nsc,99999,"Flat 3 30 Lawrence Road, Hove, BN3 5QB, United Kingdom"
17433130,STIGMATIC PRIVATE LTD,2026-09-02,active,ltd,68100;68209,"31 Howden Road, Manchester, M9 0RQ, United Kingdom"
17433263,BLACKRIDGE PROJECTS LTD,2026-09-02,active,ltd,82990,"3 Angel Street, Rotherham, S63 8NA, United Kingdom"
17433229,SDG PROPERTY GROUP LTD,2026-09-02,active,ltd,68100;68209;68320,"Unit 2 52 Bath Street, Gravesend, DA11 0DF, England"
17433233,OWNPLACE LTD,2026-09-02,active,ltd,68209,"Cobalt Square Suite 2a, 83 Hagley Road, Birmingham, B16 8QG, England"
17433389,PRECIOUS HEALTHCARE GROUP LIMITED,2026-09-02,active,ltd,70100,"99a High Road, Beeston, Nottingham, NG9 2LH, England"
17433386,ESSENTIAL CORE HOLDINGS LTD,2026-09-02,active,ltd,64209,"Southerden House, Market Street, Hailsham, BN27 2AE, England"
17433351,WATTU LETTINGS & ESTATE MANAGEMENT LTD,2026-09-02,active,ltd,68100;68209;68310;68320,"16 Howard Road, Southampton, SO15 5BN, England"
17433360,THISIS4 MATILDA LTD,2026-09-02,active,ltd,68100,"19 The Cloisters, Littlehampton, BN17 5ST, England"
17433364,YARD PEOPLE LTD,2026-09-02,active,ltd,68100;68209;68320;98000,"124 City Road, London, EC1V 2NX, England"
SL038216,BEECHBROOK MEZZANINE II SECONDARY LP,2026-09-02,active,limited-partnership,,"50 Lothian Road, Festival Square, Edinburgh, EH3 9WJ"
17433938,SHIPLEY RENTALS LTD,2026-09-02,active,ltd,68209,"15-17 Church Street, Stourbridge, West Midlands, DY8 1LU, United Kingdom"
17434135,QUANTUM NEST PROPERTY GROUP LTD,2026-09-02,active,ltd,41100;68209,"16 Carlton Road, Rugby, CV22 7PB, England"
17434141,FAMILY FRASER INVESTMENTS LTD,2026-09-02,active,ltd,64209,"Riverside South Barton, Brixton, Plymouth, PL8 2DF, England"
17434145,BELVANE LIMITED,2026-09-02,active,ltd,68209;68320;98000,"66 Paul Street, London, EC2A 4NA, England"
17434146,MAER BARNS EXMOUTH 2 LTD,2026-09-02,active,ltd,68100;68209,"Maer Farm, Maer Lane, Exmouth, Devon, EX8 5DD, England"
17434415,THE ORGANIC HOUSE PTY LTD,2026-09-02,active,ltd,68100;68209,"C/O Beverston Accountants, 3 Stoke Damerel Business Centre, 5 Church Street, Plymouth, Devon, PL3 4DT, United Kingdom"
17434528,ANOTHER ABODE HOLDINGS LIMITED,2026-09-02,active,ltd,64209,"4 Yorke Street, Hucknall, Nottingham, NG15 7BT, England"
17434527,IS INVESTMENTS GROUP LIMITED,2026-09-02,active,ltd,68209,"295a Birchfield Road, Birmingham, B20 3BX, England"
17434681,SD LIFESTYLE PROPERTY HOLDINGS LTD,2026-09-02,active,ltd,68209,"19 St Christopher's Way, Pride Park, Derby, Derbyshire, DE24 8JY, United Kingdom"
17434760,Z.A PROPERTY MANAGEMENT LTD,2026-09-02,active,ltd,68320,"49 Amberton Road, Leeds, LS8 3AJ, England"
SC901359,VISTA GLOBAL TRAVEL & MONEY LIMITED,2026-09-02,active,ltd,64999;82990,"31 Viewforth, Edinburgh, EH10 4JE, Scotland"
17434948,"JOHN, JANE AND JAMES HOLDINGS LTD",2026-09-02,active,ltd,64209,"1508 Aviator Point, 1 Odyssey Way, London, Greater London, SW18 1EH, England"
17434954,POLO PROPERTY PORTFOLIO LTD,2026-09-02,active,ltd,68100;68209,"12 Whalley Drive, Ormskirk, L39 6RF, United Kingdom"
17435781,110% PROPERTY LIMITED,2026-09-03,active,ltd,68209,"5 Coopers Drive, Endmoor, Kendal, LA8 0BG, England"
17433879,THINK OUTSOURCING UK LTD,2026-09-02,active,ltd,82990,"Unit 5,  Kingsway Centre,, King Street, Dudley, DY2 8PX, England"
17436182,DESKBRIDGE GLOBAL LTD,2026-09-03,active,ltd,82990,"82, Unit A James Carter Road, Mildenhall, IP28 7DE, United Kingdom"
17436175,WILKINSON ACQUISITIONS LIMITED,2026-09-03,active,ltd,68310,"Bury Lodge, Bury Road, Stowmarket, IP14 1JA, England"
17436365,109 UPPER NORTH STREET LTD,2026-09-03,active,private-limited-guarant-nsc,98000,"109 Upper North Street, Brighton, BN1 3FJ, England"
17436361,ABOVE LIFESTYLE LIMITED,2026-09-03,active,ltd,41100;55100;68100,"96 Longhill Road, London, SE6 1UA, England"
17436356,BBDA PROPERTIES LIMITED,2026-09-03,active,ltd,68209,"Imo Car Wash, Grove Road, Northfleet, Kent, DA11 9AX, England"
17436591,DHINDA GROUP LIMITED,2026-09-03,active,ltd,47910;68100;68320,"205 St. Helens Road, Bolton, BL3 3PY, United Kingdom"
17436853,COME HOME LTD,2026-09-03,active,ltd,68100;68209,"Cartel Studios, 203-205 The Vale, London, W3 7QS, United Kingdom"
17436842,THE HOUSE EXCHANGE LIMITED,2026-09-03,active,ltd,68100,"C/O Walkers Accountants Ltd Suite 3 Aireside House, Royd Ings Avenue, Keighley, West Yorkshire, BD21 4BZ, England"
NI743488,SARRE LTD,2026-09-03,active,ltd,68209,"Forsyth House, Cromac Square, Belfast, BT2 8LA, Northern Ireland"
17436844,BOND ASSET MANAGEMENT LIMITED,2026-09-03,active,ltd,41100;68100;68209;98000,"8 Blackthorn Road, Hazel Grove, Stockport, SK7 5EJ, England"
NI743493,SPB PROPERTY HOLDINGS LTD,2026-09-03,active,ltd,68209,"35 Knock Lochan, Omagh, BT79 7GZ, Northern Ireland"
17436945,BMS TECHNOLOGY SALES TRUSTEES LIMITED,2026-09-03,active,private-limited-guarant-nsc,82990,"St James House, 65 Mere Green Road, Sutton Coldfield, West Midlands, B75 5BY, United Kingdom"
17437408,VACILANDO SAILING LTD,2026-09-04,active,ltd,68310,"71-75 Shelton Street, Covent Garden, London, WC2H 9JQ, United Kingdom"
17437406,AEILSA HOMES LIMITED,2026-09-04,active,ltd,68100;68209;68320,"Thandi Nicholls Ltd, Creative Industries Centre, Glaisher Drive, Wolverhampton, West Midlands, WV10 9TG, United Kingdom"
17437420,CHURCH HOUSE MANAGEMENT COMPANY LIMITED,2026-09-04,active,private-limited-guarant-nsc,98000,"Church House, 33 St Sepulchre Street, Scarborough, North Yorkshire, YO11 1NE, England"
17428658,NEXT STEP PROPERTY GROUP LTD,2026-08-31,active,ltd,68100;68310,"Suite 2 Douglas House 32-34 Simpson Road, Bletchley, Milton Keynes, MK1 1BA, England"
17428959,BELLE O ESTATES LTD,2026-08-31,active,ltd,68100,"421 Arterial Road, Leigh-On-Sea, SS9 4DZ, England"
SC900925,PITTENWEEM HOLDINGS LIMITED,2026-08-31,active,ltd,64209,"42 Dudhope Crescent Road, Dundee, DD1 5RR, Scotland"
17429268,BLACK CROW PROPERTIES LTD,2026-09-01,active,ltd,68100;68209;68320,"104 Preston Road, Wembley, HA9 8NL, England"
17429280,FRANK PLACES LTD,2026-09-01,active,ltd,68100;68209,"Fetherston House, Kirkoswald, Penrith, CA10 1EE, United Kingdom"
OC461496,CCV CAPE ROAD LLP,2026-09-01,active,llp,,"3b Tournament Court, Edgehill Drive, Warwick, CV34 6LG, United Kingdom"
17429733,H5 HOLLOWAY LTD,2026-09-01,active,ltd,68209,"6 Lyttelton Road, London, N2 0EF, England"
17429729,NOOR CAPITAL GROUP LIMITED,2026-09-01,active,ltd,64209,"66 Paul Street, London, England, EC2A 4NA, United Kingdom"
SC900991,BEACONSFIELD SOLUTIONS LTD,2026-09-01,active,ltd,55100;68320,"5 South Charlotte Street, Edinburgh, EH2 4AN, United Kingdom"
17430077,5C PORTFOLIO LIMITED,2026-09-01,active,ltd,68100;68209;68320,"3 Hagley Court South, Level Street, Brierley Hill, DY5 1XE, England"
SC901044,K PROPERTY SPACE LTD,2026-09-01,active,ltd,68100;68209;68320,"17 St. Aidens Road, Edinburgh, EH16 4YB, Scotland"
17430072,HSQUARED PROPERTY INVESTMENTS LIMITED,2026-09-01,active,ltd,68209,"Langley House, 53 Theobald Street, Borehamwood, Hertfordshire, WD6 4RT, United Kingdom"
17430074,PK MORTGAGE SOLUTIONS LIMITED,2026-09-01,active,ltd,64999,"10 Palmersville, Newcastle Upon Tyne, NE12 9HN, United Kingdom"
17430437,RIBO COMPANY LIMITED,2026-09-01,active,ltd,68209,"C/O Getground, 1 Lyric Square, London, W6 0NB, England"
17430699,GSR INVESTMENT HOLDINGS LTD,2026-09-01,active,ltd,68100;68209,"55-57 Gisburn Road, Barnoldswick, BB18 5HB, England"
17430883,THE GABLES (WOODSIDE PARK) FREEHOLD LIMITED,2026-09-01,active,ltd,98000,"8 Claudius Close, Stanmore, HA7 4PS, England"
17431430,XAV0 GROUP LTD,2026-09-01,active,ltd,47910;73110;82990,"1 Moorey Close, London, E15 3JP, England"
17431417,BRANDY WHARF LIMITED,2026-09-01,active,ltd,68209,"1 Willoughton Place, Wharton Close, Gainsborough, Lincs, DN21 1EB, United Kingdom"
17432049,AMPLIFY ADVISORY LTD,2026-09-01,active,ltd,82990,"Flat 402 Shillibeer Court 4 Curran Street, London, SE10 0PJ, England"
17432046,TAGAYTAY LIMITED,2026-09-01,active,ltd,68209,"20 Dartmouth Drive, Broughton, Milton Keynes, MK10 9WH, England"
17432470,ROGER BATES PROPERTIES LIMITED,2026-09-02,active,ltd,68310,"167-169 Great Portland Street, 5th Floor, London, W1W 5PF, England"
17432590,ADMIN LOGIC SERVICES LTD,2026-09-02,active,ltd,82190;82990,"71-75 Shelton Street, Covent Garden, London, WC2H 9JQ, United Kingdom"
17432601,KINGDOM GROWTH LTD,2026-09-02,active,ltd,64201,"124-128 City Road, London, EC1V 2NX, England"
17432941,SPIRE VENTURES CP LIMITED,2026-09-02,active,ltd,64209,"2 Piries Place, Horsham, RH12 1EH, England"
17433153,BEACON COURT FREEHOLD (READING) LTD,2026-09-02,active,ltd,64209,"Chiltern Court 37 St Peters Avenue, Caversham, Reading, RG4 7DH, United Kingdom"
17433503,MVG CONSTRUCTION GROUP LIMITED,2026-09-02,active,ltd,64203,"124-128 City Road, London, EC1V 2NX, England"
17433637,TRIANTAN SERVICES LIMITED,2026-09-02,active,ltd,70100,"C/O S&W Partners Llp 14th Floor, 103 Colmore Row, Birmingham, England, B3 3AG, England"
17433741,ZIWARE PVT LIMITED,2026-09-02,active,ltd,82990,"3 Walton Gardens, Wallsend, NE28 0BN, England"
17433762,HARE PROPERTY HOLDINGS LTD,2026-09-02,active,ltd,68209,"Units Abc 10 Stephens Way, Warrington Road Ind Est, Wigan, Lancashire, WN3 6PH, United Kingdom"
17434049,MIDLANDS CONSTRUCTION AND PROPERTY MANAGEMENT LTD,2026-09-02,active,ltd,43220;43390;55209;68320,"71-75 Shelton Street, Covent Garden, London, WC2H 9JQ, United Kingdom"
17434051,KAR WAI PROPERTY (YORKSHIRE) LTD,2026-09-02,active,ltd,68209,"7 Lorenzos Way, Hull, North Humberside, HU9 3HS, United Kingdom"
OC461509,THEYIA LLP,2026-09-02,active,llp,,"71-75 Shelton Street, Covent Garden, London, WC2H 9JQ, United Kingdom"
17434271,FUTURE FAIRNESS LIMITED,2026-09-02,active,ltd,62012;62020;70229;82990,"66 Paul Street, London, EC2A 4NA, England"
17434287,INDIANA MARINE LTD,2026-09-02,active,ltd,99999,"Third Floor, 207 Regent Street, London, W1B 3HH, England"
17434389,BAJAJ FAMILY PROPERTY HOLDINGS LTD,2026-09-02,active,ltd,68209,"23 Moulton Avenue, Hounslow, TW3 4LP, England"
17434554,J HARTS HOLDINGS LTD,2026-09-02,active,ltd,64209,"Office 30 Greenbox Westonhall Road, Stoke Prior, Bromsgrove, B60 4AL, England"
SC901343,S&T PROPERTY HOLDINGS LTD,2026-09-02,active,ltd,68100;68209,"42 Beech Path, East Calder, Livingston, EH53 0FR, Scotland"
17434750,SHAMNOM SOLUTIONS LTD,2026-09-02,active,ltd,70229;82990,"10 Pym Street, Heywood, OL10 1BY, England"
17434814,MARLESDALE (BURTON END) MANAGEMENT COMPANY LIMITED,2026-09-02,active,private-limited-guarant-nsc,68320;98000,"5th Floor 101 Old Hall Street, Liverpool, Merseyside, L3 9BP, England"
17434906,BLINCHT GROUP LTD,2026-09-02,active,ltd,64209,"282 Whitechapel Road, Cleckheaton, BD19 6HW, England"
SC901370,SPP GLASGOW LTD,2026-09-03,active,ltd,68209,"1059 Tollcross Road, Glasgow, G32 8UQ, United Kingdom"
17435329,MJN CAPITAL LIMITED,2026-09-03,active,ltd,99999,"2 Oakfield Road, Clifton, Bristol, BS8 2AL, England"
17435325,SM UK PROPERTY LTD,2026-09-03,active,ltd,68209,"751 High Road, London, N17 8AH, England"
17435326,GFO SERVICES LTD,2026-09-03,active,ltd,82990,"32 Chepstow Road, London, W2 5BE, England"
17435324,RUNA HOLDINGS LIMITED,2026-09-03,active,ltd,64209,"3 Rose Villas, Skewen, Neath, SA10 6BG, Wales"
17435334,NIU LTD,2026-09-03,active,ltd,82990,"128 City Road, London, EC1V 2NX, United Kingdom"
17435312,RAVENGLASS ASSET MANAGEMENT LTD,2026-09-03,active,ltd,68320,"7 Monkshanger, Farnham, GU9 8BU, England"
17435657,NINJA-D LIMITED,2026-09-03,active,ltd,64209,"Twigmoor, The Park, North Ferriby, East Riding Of Yorkshire, HU14 3LU, England"
17435670,SKYWAYS HEALTHCARE GROUP LTD,2026-09-03,active,ltd,64209;87300,"Norbury Chambers 2-6 Norbury Street, Stockport, SK1 3SH, United Kingdom"
17435665,REVERA UK RIVER INVESTMENT HOLDINGS LTD,2026-09-03,active,ltd,64209,"Suite 1, 7th Floor 50 Broadway, London, SW1H 0DB, United Kingdom"
17435653,SMS PROPERTY DEVELOPMENT LTD,2026-09-03,active,ltd,68100,"38 Cornflower Drive Cornflower Drive, Bessacarr, Doncaster, DN47DH, United Kingdom"
17435651,PRESTON HOUSE FREEHOLD LIMITED,2026-09-03,active,ltd,98000,"Flat 8 Preston House, Preston Close, London, SE1 4NZ, United Kingdom"
17435656,STANBERRY FAMILY INVESTMENT HOLDINGS LIMITED,2026-09-03,active,ltd,64209,"Bank House, Broad Street, Spalding, PE11 1TB, England"
17435645,NUEVO PALACE ROAD RTM COMPANY LIMITED,2026-09-03,active,private-limited-guarant-nsc,98000,"68 Palace Road, London, SE19 2LX, United Kingdom"
17435888,SAGE CREST DEVELOPMENTS LTD,2026-09-03,active,ltd,68100,"132 Burnt Ash Road, Lee, SE12 8PU, United Kingdom"
17435878,CM LIVING CO LTD,2026-09-03,active,ltd,68209,"7a Roberts Road, Basildon, SS15 6AZ, England"
17436116,WILLIAMS PLANT HIRE HOLDINGS LIMITED,2026-09-03,active,ltd,64209,"Williams Plant Hire, Henfaes Lane, Welshpool, Powys, SY21 7BE, United Kingdom"
17436337,ANB STERLING HEIGHTS LTD,2026-09-03,active,ltd,68209,"23 Elms Farm Road, Hornchurch, Essex, RM12 5RH, United Kingdom"
OC461527,RIVERAIN PARTNERS LLP,2026-09-03,active,llp,,"27 Old Gloucester Street, London, WC1N 3AX, United Kingdom"
17436333,SUMER DIGITAL SERVICES LIMITED,2026-09-03,active,ltd,82990,"Acre House, 11-15 William Road, London, NW1 3ER, United Kingdom"
17436497,PARK AVENUE VENTURES LTD,2026-09-03,active,ltd,64209,"12 East Street, Bromley, Kent, BR1 1QX, England"
17436750,ALGHAWR TRADING LIMITED,2026-09-03,active,ltd,68100;68209,"Elson Geaves, Forest Links Road, Ferndown, Dorset, BH22 9PH, England"
17436753,KENTFIELD PROPERTIES LTD,2026-09-03,active,ltd,68100,"2 The Links, Herne Bay, Kent, CT6 7GQ, England"
17436758,SFR HOLDINGS LTD,2026-09-03,active,ltd,64202,"22 Forest Glade, London, E11 1LU, England"
17436861,SHELTERED HOUSING LTD,2026-09-03,active,ltd,68209;68310;68320;98000,"63a Elm Park Avenue, London, N15 6UN, England"
17436868,CRONYX SOLUTIONS LIMITED,2026-09-03,active,ltd,41202;98000,"10 De Croche Place, Cardiff, CF11 6JL, Wales"
17437068,PRIMEUTILIES LTD,2026-09-03,active,ltd,82990,"12 Hudson Street, Cheltenham, GL50 4HF, United Kingdom"
17437072,HEIDI ROCKS PROPERTY LTD,2026-09-03,active,ltd,68310,"2 Stanley Gardens, Herne Bay, CT6 5SG, United Kingdom"
17437065,RAI CAPITAL PROPERTIES LTD,2026-09-03,active,ltd,68100;68209,"15 Meyer Road, Erith, DA8 3SJ, England"
17437231,LAKER GROUP LIMITED,2026-09-03,active,ltd,70100,"87-91 Newman Street, London, W1T 3EY, United Kingdom"
17437497,O'SHEA BROTHERS PROPERTY MANAGEMENT LIMITED,2026-09-04,active,ltd,68320,"12 Hatherley Road, Sidcup, DA14 4DT, England"
17437507,LONDON LEAK SPECIALIST LTD,2026-09-04,active,ltd,73110;82990,"71-75 Shelton Street, Covent Garden, London, WC2H 9JQ, United Kingdom"
17437490,PARISI PROPERTY GROUP LTD,2026-09-04,active,ltd,68100;68209,"Flat 238 Hale Works Apartments, Daneland Walk, London, N17 9LS, England"
17429946,CAREMORA HOUSING LTD,2026-09-01,active,ltd,68201,"245 Bromford Road, Birmingham, B36 8EX, England"
17429930,ORDINAL HOLDINGS LIMITED,2026-09-01,active,ltd,64209,"71-75 Shelton Street, Covent Garden, London, WC2H 9JQ, United Kingdom"
17430182,ESL COLLECTIVE LTD,2026-09-01,active,ltd,68209,"7 St John Street, Mansfield, Nottinghamshire, NG18 1QH, United Kingdom"
17430185,MAPLEWOOD PROJECT 03 LIMITED,2026-09-01,active,ltd,68209,"10 Herschel Street, Slough, SL1 1PB, England"
17430189,WORKTREE AMIGOS LTD,2026-09-01,active,ltd,58290;62012;64209,"71-75 Shelton Street, Covent Garden, London, WC2H 9JQ, United Kingdom"
17430389,COURTESY CARS GROUP UK LTD,2026-09-01,active,ltd,45112;45200;77110;82990,"44 Syon Lane, Isleworth, TW7 5NQ, United Kingdom"
17430399,SANDYCO LTD,2026-09-01,active,ltd,41100;68209,"184 Henleaze Road, Henleaze, Bristol, BS9 4NE, England"
17430381,CP RESOURCING LTD,2026-09-01,active,ltd,82990,"46 Hood Lane, Warrington, WA5 1EJ, United Kingdom"
17431443,THE HIDEAWAY PROPERTY LTD,2026-09-01,active,ltd,68209,"82a James Carter Road, Mildenhall, Bury St. Edmunds, IP28 7DE, England"
17431623,ZADIA LTD,2026-09-01,active,ltd,68310,"10 Ulverston, Brownsover, Rugby, CV21 1EE, England"
17431637,DANYAL HOLDINGS LTD,2026-09-01,active,ltd,64209,"3a Bradbury Street, Dewsbury, WF13 3AU, United Kingdom"
17431862,SURREY PROPERTY LIMITED,2026-09-01,active,ltd,68209;68310,"22 Princes Court Princes Road, Weybridge, KT13 9BZ, England"
17432107,GARDENS VIEW LTD,2026-09-01,active,ltd,68209,"21 Grosvenor Way, London, E5 9ND, England"
17432387,AMORA KEYS LTD,2026-09-02,active,ltd,55100;68209;68320,"128 City Road, London, EC1V 2NX, United Kingdom"
17432392,WE ABODE LIMITED,2026-09-02,active,ltd,68100,"34 Beacon Road, Kingstanding, Birmingham, B44 9RL, England"
OE035269,ACTRON HOLDINGS LIMITED,2026-09-02,registered,registered-overseas-entity,,"Suite 202, Second Floor, P.O Box 1312, Eden Plaza, Eden Island, Mahe, London, W1U 7LP, Seychelles"
17432502,REPARTIE LTD,2026-09-02,active,ltd,59112;64209,"80 Newington Green Road, London, N1 4RN, England"
17432507,VALVORION THEI INDUSTRIES LIMITED,2026-09-02,active,ltd,08910;20150;64209;64999,"Rf001, 1st Floor Front, 36 Gerrard Street, London, W1D 5QA, United Kingdom"
OC461505,NEXT STEP CLEANERS LLP,2026-09-02,active,llp,,"7 Halefield Road, London, N17 9XR, United Kingdom"
17432838,EVANS & TO LTD,2026-09-02,active,ltd,55209;68100;68209,"124 City Road, London, EC1V 2NX, England"
17432837,I10 GROUP LTD,2026-09-02,active,ltd,64209,"13 St Mary's Street, C/O Psf Accounting, Stamford, PE9 2DE, England"
17433067,CHOWDHURY INN LIMITED,2026-09-02,active,ltd,68209;68320;96090,"5a Parr Road, Stanmore, HA7 1NP, England"
17433083,TANISHAAN INVESTMENTS LIMITED,2026-09-02,active,ltd,68100,"7 Falterley Road, Manchester, M23 9BR, England"
17433071,SAM LAWRENCE PERSONAL ESTATE AGENT LTD,2026-09-02,active,ltd,68310,"33 Harpur Hill, Swanscombe, DA10 1FT, United Kingdom"
17433221,LEONARDO NEEMAN LIMITED,2026-09-02,active,ltd,82990,"245 Broad Street, Birmingham, B1 2HQ, England"
17433214,JAMIESON ALEXANDER (NOMINEES) LTD,2026-09-02,active,ltd,82990,"Unit B2 The Point, Weaver Road, Lincoln, LN6 3QN, England"
17433213,CLIPPERS QUAY FREEHOLD LIMITED,2026-09-02,active,ltd,68100,"The Spinney, Fairmile Park Road, Cobham, KT11 2PG, England"
17433811,HEHANA LIMITED,2026-09-02,active,ltd,68209,"50 Granby Row, Manchester, Greater Manchester, M17AY, England"
17433795,AT CAPITAL GROUP LTD,2026-09-02,active,ltd,64209,"108 Buckleigh Road, Wath Upon Dearne, Rotherham, S63 7HU, England"
17433825,TRKEY HOLDINGS LTD,2026-09-02,active,ltd,64209,"71-75 Shelton Street, Covent Garden, London, WC2H 9JQ, United Kingdom"
17433818,OXANE INTERCO 1 LIMITED,2026-09-02,active,ltd,64205,"3rd Floor 1 Ashley Road, Altrincham, Cheshire, WA14 2DT, United Kingdom"
17433920,DEVONSHIRE 1A FLAT 4 LTD,2026-09-02,active,ltd,68100;68209;68320,"Apartment 154 Dudley House North Wharf Road, London, W2 1QZ, England"
17434245,QUOTEFLOOR LTD,2026-09-02,active,ltd,82990,"Fourth Floor St James House, St James's Row, Burnley, Lancs, BB11 1DR, United Kingdom"
17434251,HIERARCHY ESTATES LTD,2026-09-02,active,ltd,68100;68209,"Flat 205, 28, Serapis House Goodluck Hope Walk, London, E14 0XL, United Kingdom"
17434233,THORNLEY MAISON LEGAL SERVICES LTD,2026-09-02,active,ltd,69109;82990,"Swan Building, 20 Swan Street, Manchester, M4 5JW, England"
SC901322,TRINAFOUR HOLDING LTD,2026-09-02,active,ltd,64205,"6 Logie Mill, Edinburgh, Lothian, EH7 4HG, Scotland"
17434375,SM PROPERTY MANAGEMENT GROUP LTD,2026-09-02,active,ltd,68320,"124 Tower Hamlets Road, London, E7 9DB, United Kingdom"
17434639,MOT WORKS (OSWIN) LTD,2026-09-02,active,ltd,82990,"C/O Oswin House Oswin Avenue, Balby, Doncaster, South Yorkshire, DN4 0AW, England"
17434648,FRANC PROPERTY LIMITED,2026-09-02,active,ltd,68209,"Office 6 251-255 Church Road, Benfleet, Essex, SS7 4QP, United Kingdom"
17434964,RESIDENTIAL SUMMIT GROUP LTD,2026-09-02,active,ltd,68100;68209,"Devon House, Church Hill, London, N21 1LE, England"
17435033,BARBERA UK HOLDING LTD,2026-09-03,active,ltd,64209,"38 Station Road, Stoke D'Abernon, Cobham, KT11 3BN, England"
17435228,VERTEX DIGITAL SYSTEMS LTD,2026-09-03,active,ltd,62012;64999;73110,"128 City Road, London, EC1V 2NX, United Kingdom"
17435482,RANELAGH PROPERTY HOLDINGS LTD,2026-09-03,active,ltd,68209,"Hanover Buildings, 11-13 Hanover Street, Liverpool, Merseyside, L1 3DN, United Kingdom"
17435464,HANLISSA LIMITED,2026-09-03,active,ltd,68209,"24 St. James's Road, Hampton Hill, Hampton, TW12 1DQ, England"
17435928,GEORGIE FREDERICK PROPERTY LTD,2026-09-03,active,ltd,68310,"Georgie Frederick-Hoser, 124 City Road, London, EC1V 2NX, United Kingdom"
17435923,KAPTAN LETTINGS LTD,2026-09-03,active,ltd,68209,"Flat 4 Old Edwalton House 252 Melton Road, Edwalton, Nottingham, NG12 4AG, England"
17435927,MKHB PROPERTY GROUP LTD,2026-09-03,active,ltd,41100;68100;68209;68320,"31a Dewsbury Gate Road, Dewsbury, WF13 4AX, England"
17435999,REVERA UK RIVER PROJECT HOLDINGS LTD,2026-09-03,active,ltd,64209,"Suite 1, 7th Floor 50 Broadway, London, SW1H 0DB, United Kingdom"
17436314,POLARIS GLOBAL GROUP LIMITED,2026-09-03,active,ltd,68209,"62 Hawes Way, Waverley, Rotherham, South Yorkshire, S60 8EA, England"
SC901485,PETRICHOR LIVING LIMITED,2026-09-03,active,ltd,68209,"9 Royal Crescent, Glasgow, G3 7SP, Scotland"
17436558,IMMIGRATION 360 LTD,2026-09-03,active,ltd,69109;82990,"3 Hunting Gate, Hemel Hempstead, HP2 6NX, England"
17436542,MARIN PROPERTY HOLDINGS LIMITED,2026-09-03,active,ltd,68100;68209,"110 Constantine Drive, Peterborough, PE2 8SZ, England"
17436793,BANKSIDE ESTATES LTD,2026-09-03,active,ltd,68320,"3 Vista Place, Ingworth Road, Poole, Dorset, BH12 1JY, England"
17436953,TWO NORTH LTD,2026-09-03,active,ltd,59111;59120;59200;68209,"66 Paul Street, London, England, EC2A 4NA, United Kingdom"
17436962,ABP HOLDCO 1 LIMITED,2026-09-03,active,ltd,64209,"298 Regents Park Road First Floor, Marlborough House, London, N3 2SZ, United Kingdom"
SC901530,SHAUGHNESSY PROPERTY CO LTD,2026-09-03,active,ltd,68209,"103 Glasgow Road, Edinburgh, EH12 8LH, Scotland"
17437378,ZAMARX LTD,2026-09-04,active,ltd,98000,"Unit 8 Marchmont Gate, Boundary Way, Hemel Hempstead, HP2 7BF, United Kingdom"
OC461529,ISEKAI DISTRIBUTION LLP,2026-09-04,active,llp,,"128 City Road, London, EC1V 2NX, United Kingdom"
17428676,IRB ESTATES GROUP LTD,2026-08-31,active,ltd,68209,"4 Yews Farm Court, Styrrup, Doncaster, DN11 8EP, England"
17429096,CREST NEST LTD,2026-09-01,active,ltd,68100;68201;68209;68320,"10 Queens Park Road, Blackburn, BB1 1RF, England"
17429208,KINETICAL LIMITED,2026-09-01,active,ltd,43220;43390;68209,"27a Warren Drive, Wallasey, CH45 0JW, United Kingdom"
17429408,RENOVISTA LTD,2026-09-01,active,ltd,73110;82990,"71-75 Shelton Street, Covent Garden, London, WC2H 9JQ, United Kingdom"
17429663,MOONLIGHT LIVING LTD,2026-09-01,active,ltd,68100;68209;68320,"Unit 81 Centaur Court Claydon Business Park, Gt. Blakenham, Ipswich, Suffolk, IP6 0NL, United Kingdom"
17429666,KEYHUB CIC,2026-09-01,active,private-limited-guarant-nsc,68201;68209,"Suite A, 82 James Carter Road Mildenhall, Bury St., Edmunds, IP28 7DE, United Kingdom"
17429660,KDL SOLUTIONS LTD,2026-09-01,active,ltd,82990,"Omega Court, 376 Cemetery Road, Sheffield, South Yorkshire, S11 8FT, United Kingdom"
17429661,SILVERPINES ESTATES LTD,2026-09-01,active,ltd,68209,"325-327 Oldfield Lane North, Greenford, Middlesex, UB6 0FX, United Kingdom"
17429892,ELAZAR HOLDING LTD,2026-09-01,active,ltd,68100;68209;68320,"128 City Road, London, EC1V 2NX, United Kingdom"
17429888,BCR GROUP HOLDINGS LTD,2026-09-01,active,ltd,64209,"19 Low Farm Place, Moulton Park Industrial Estate, Northampton, NN3 6HY, United Kingdom"
17430267,CADRE PARAPLANNING LTD,2026-09-01,active,ltd,82990,"71-75 Shelton Street, Covent Garden, London, WC2H 9JQ, United Kingdom"
SC901049,VISAGE ORTHODONTICS HOLDING LTD,2026-09-01,active,ltd,64209,"24-26 Thistle Street, Aberdeen, AB10 1XD, United Kingdom"
17430472,SALT STUDIO GROUP LTD,2026-09-01,active,ltd,59111;59113;59120;70100,"19 Albany Court Milton Road, Harpenden, AL5 5LU, England"
17430492,ODALLION CAPITAL GROUP LTD,2026-09-01,active,ltd,55209;68209,"82, Suite A James Carter Road, Midenhall, IP28 7DE, United Kingdom"
SC901058,GLEN BOYD PROPERTY LTD,2026-09-01,active,ltd,68100,"22 Blythswood Square, Glasgow, G2 4BG, Scotland"
17430664,BEAU NASH BATH PROPERTIES LTD,2026-09-01,active,ltd,68209,"141 Englishcombe Lane, Bath, BA2 2EL, United Kingdom"
17430653,ENGLISH ROSE HOMES LTD,2026-09-01,active,ltd,68100;68201;68209;68320,"106 Walhouse Road, Walsall, WS1 2BE, England"
17430659,SEAWELL VENTURES LIMITED,2026-09-01,active,ltd,64209,"82 St John Street, London, EC1M 4JN, England"
17430651,PROLOGIS UK 135 LIMITED,2026-09-01,active,ltd,68209,"Prologis House Blythe Gate, Blythe Valley Park, Shirley, Solihull, B90 8AH, England"
17431020,LVL HOLDINGS LTD,2026-09-01,active,ltd,68209,"71-75 Shelton Street, Covent Garden, London, WC2H 9JQ, United Kingdom"
17431123,BUCKLEYS PROPERTY LIMITED,2026-09-01,active,ltd,68310,"Sparrows Den Pett Level Road, Winchelsea Beach, Winchelsea, TN36 4ND, England"
17431331,LOUGHRIGG FINANCE LIMITED,2026-09-01,active,ltd,64999;66190,"Flat 603 Wilson Building 43 Potato Wharf, Manchester, M3 4NX, England"
17431774,VINST RETAIL UK LTD,2026-09-01,active,ltd,47990;64204;70100,"Blenheim House, Cambridge Innovation Park, Denny End Road, Waterbeach, Cambridge, CB25 9GL, United Kingdom"
SC901172,ZFN PROPERTIES LTD,2026-09-01,active,ltd,68209,"38 Curlew Brae, Livingston, EH54 6UG, Scotland"
17432519,ZEUS AGENCY LTD,2026-09-02,active,ltd,61900;63910;82990;93290,"128 City Road, London, EC1V 2NX, United Kingdom"
17432516,YAVIL ACCOMMODATION LTD,2026-09-02,active,ltd,43390;55900;68209;87200,"70 Newtown, Gresford, Wrexham, LL12 8NN, Wales"
17432994,BARYAN ESTATES LTD,2026-09-02,active,ltd,68100;68209,"34 Chester Street, Wrexham, LL13 8AH, Wales"
17432996,COLPARK LTD,2026-09-02,active,ltd,68209,"409 Vesta Court City Walk, London, SE1 3BP, England"
SC901220,MAGUIRE HOLDINGS (SCOTLAND) LIMITED,2026-09-02,active,ltd,64209,"Room 3, 193 Dumbarton Road, Clydebank, West Dunbartonshire, G81 4XJ, United Kingdom"
SC901221,EARDLEY HOLDINGS LIMITED,2026-09-02,active,ltd,64209,"Woodburn Summerhill, Lochmaben, Lockerbie, DG11 1RN, United Kingdom"
17433197,BLUE SPHERES PROPERTY LTD,2026-09-02,active,ltd,98000,"Kingswood House Suite G1d, Kingswood House, Richardshaw Lane, Leeds, LS28 6BN, United Kingdom"
17433203,ZSRA PROPERTY GROUP LTD,2026-09-02,active,ltd,41100;68100;68209,"Quadrant Court 49 Calthrope Road, Sbe, Edgbaston, Birmingham, B15 1TH, United Kingdom"
17433542,AZZE LTD,2026-09-02,active,ltd,82990,"88 Denmead, Milton Keynes, MK8 8JA, United Kingdom"
17433531,HASSAN PROPERTY GROUP LTD,2026-09-02,active,ltd,68209,"172 Wragby Road, Lincoln, LN2 4PT, England"
17433532,HYAM INVESTMENTS LTD,2026-09-02,active,ltd,68100;68209;68320,"25 Sherborne Avenue, Luton, Bedfordshire, LU2 7BB, United Kingdom"
17433598,AYAAN 10 LIMITED,2026-09-02,active,ltd,68100;68209,"Suite A, 1st Floor, 2a-4a Windsor Street, Luton, LU1 3UB, United Kingdom"
17433597,BK HOLDING GROUP PLC,2026-09-02,active,plc,41201;41202;64203;68100,"C/O Virtual Company Secretary Ltd, 7 York Road, Woking, GU22 7XH, United Kingdom"
SC901275,ROSETTA HILL LIMITED,2026-09-02,active,ltd,68100;68209,"37/4 Rosetta Road, Peebles, EH45 8HH, Scotland"
17434057,DANIELS WEALTH MANAGEMENT LTD,2026-09-02,active,ltd,64999,"72 Bramhall Drive Washington, Tyne And Wear, NE38 9DB, United Kingdom"
17434358,KEYMATIC LOCKSMITHS LTD,2026-09-02,active,ltd,43290;45200;80200;82990,"20 Kenilworth Gardens, Southall, UB1 2QL, England"
17434366,BRH GROUP LIMITED,2026-09-02,active,ltd,64203;64209,"Unit 4-6 Phoenix House Mansfield Road, Sutton In Ashfield, Nottinghamshire, NG17 4HR, United Kingdom"
17434470,ZELEK CAPITAL LIMITED,2026-09-02,active,ltd,64209,"722-726 Cranbrook Road, Ilford, IG6 1HU, England"
17434471,AAAO PROPERTY LIMITED,2026-09-02,active,ltd,68100;68209,"565 Green Lanes, London, N8 0RL, England"
17434602,WEADON GROUP LIMITED,2026-09-02,active,ltd,64209,"7 Old Field Close, Amersham, HP6 6SU, England"
17434846,NOZOMI LIVING LIMITED,2026-09-02,active,ltd,68310,"1a Golders Green Road, London, NW11 8DY, England"
17434850,Q CARE ASSIST DAY CENTRE LTD,2026-09-02,active,ltd,82990;86900,"The Clock Tower, Talbot Street, Nottingham, NG1 5GG, England"
SC901350,VIDA DEVELOPMENTS LTD,2026-09-02,active,ltd,68100;68209,"53 Lady Nancy Crescent, Blantyre, Glasgow, G72 9BD, Scotland"
17435121,BLUESMITH LIMITED,2026-09-03,active,ltd,99999,"3 Greengate, Cardale Park, Harrogate, HG3 1GY, United Kingdom"
17435117,100 SUSSEX ROAD LIMITED,2026-09-03,active,ltd,68209,"100b Sussex Road, Harrow, HA1 4NB, United Kingdom"
OC461517,PLOMBILINK LLP,2026-09-03,active,llp,,"71-75 Shelton Street, Covent Garden, London, WC2H 9JQ, United Kingdom"
OC461518,DEPANNILINK LLP,2026-09-03,active,llp,,"71-75 Shelton Street, Covent Garden, London, WC2H 9JQ, United Kingdom"
17435203,AUQUIM HOUSE LTD,2026-09-03,active,ltd,64209,"71-75 Shelton Street, Covent Garden, London, WC2H 9JQ, United Kingdom"
OC461520,THE POISON APPLE LLP,2026-09-03,active,llp,,"Terlings Llanelltyd, Dolgellau, Gwynedd, LL40 2TD, Wales"
OC461521,YORK SWIMMING ACADEMY LLP,2026-09-03,active,llp,,"10 Park Avenue, New Earswick, York, North Yorkshire, YO32 4DB"
17435485,SENIOR SUPPORT SOLUTIONS LTD,2026-09-03,active,ltd,82990,"C/O Berry Smith Llp Haywood House, Dumfries Place, Cardiff, CF10 3GA, United Kingdom"
17435484,SHAWDON GROUP LTD,2026-09-03,active,ltd,64209,"2 Winchester Place, North Street, Poole, Dorset, BH15 1NX, United Kingdom"
17435490,SENECTUS HOLDINGS LTD,2026-09-03,active,ltd,64209,"The Lockhouse, Frogmore Road, Hemel Hempstead, Herts, HP3 9RJ, United Kingdom"
OE035272,TEMPLE WAY INVESTMENTS 3 S.A.R.L.,2026-09-03,registered,registered-overseas-entity,,"46a Avenue John F. Kennedy, Luxembourg, L-1855, Luxembourg"
OE035273,TEMPLE WAY INVESTMENTS 4 S.A R.L.,2026-09-03,registered,registered-overseas-entity,,"46a Avenue John F. Kennedy, Luxembourg, L-1855, Luxembourg"
17435767,GKS PROPERTIES LTD,2026-09-03,active,ltd,68209,"71-75 Shelton Street, Covent Garden, London, WC2H 9JQ, United Kingdom"
17435762,DEAN NORTON LIMITED,2026-09-03,active,ltd,68209,"57a Broadway, Leigh-On-Sea, SS9 1PE, England"
17436035,ROSARY CAPITAL LIMITED,2026-09-03,active,ltd,64303,"1 Ariel Way, London, W12 7SL, England"
SC901443,LOCHAR DEVELOPMENTS LIMITED,2026-09-03,active,ltd,68209,"Parkend, Heck, Lockerbie, DG11 1JF, Scotland"
17436028,BLOSSOM HOPE LIMITED,2026-09-03,active,ltd,68100,"40 Ness Road, Burwell, Cambridge, CB25 0DA, England"
OC461525,ARMA PROPERTY SWP LLP,2026-09-03,active,llp,,"Unit 10 Windmill Farm Business Centre, Bartley Street, Bristol, BS3 4DB, United Kingdom"
17436285,S & W PROPERTY CONSULTANTS LTD,2026-09-03,active,ltd,68100;68310;68320,"20 Wenlock Road, London, N1 7GU, England"
17437134,HAQ HAVENS LIMITED,2026-09-03,active,ltd,68209,"2 Cobden Mews 90 The Broadway, Wimbledon, London, SW19 1RH, United Kingdom"
17437288,EA REAL ESTATE LTD,2026-09-03,active,ltd,68100;68209;68320,"38 Colchester Road, Leicester, LE5 2DF, England"
17437467,LARNER ESTATES LIMITED,2026-09-04,active,ltd,68209,"The Chestnuts Office Handley Lane, Pontshill, Ross-On-Wye, HR9 5TB, United Kingdom"
17437470,FGI GLOBAL LIMITED,2026-09-04,active,ltd,68100,"53 Riverbankway, Ashford, TN24 0PZ, United Kingdom"
17437475,GLOPROMOUK LTD,2026-09-04,active,ltd,82990,"66 Paul Street, London, England, EC2A 4NA, United Kingdom"
17428620,DONADILLO PROPERTY LTD,2026-08-31,active,ltd,68209,"71-75 Shelton Street, Covent Garden, London, WC2H 9JQ, United Kingdom"
17428851,AMATO GTM LTD,2026-08-31,active,ltd,82990,"9 Meadow View, Bordon, GU35 0UA, England"
17428839,MASON & WHITAKER PROPERTIES LTD,2026-08-31,active,ltd,68209,"1-3 Scarborough Road, Filey, YO14 9EG, England"
17428976,MANIK STUDIOS LTD,2026-08-31,active,ltd,68209,"9 Langstone Road, Birmingham, B14 4QU, England"
17429613,FINRO FINANCE LIMITED,2026-09-01,active,ltd,64999;66220,"278 High Strret, Sutton, Surrey, SM1 1PG, England"
SC900961,BRANDANE PROPERTY LTD,2026-09-01,active,ltd,68100;68209;68320,"Clyde Offices 48, West George Street, Glasgow, G2 1BP, United Kingdom"
17430019,EUNOVA GROUP LTD,2026-09-01,active,ltd,64209,"Formal House, 60 St George's Place, Cheltenham, Gloucestershire, GL50 3PN, England"
17430020,CORTEX CAPITAL GROUP LTD,2026-09-01,active,ltd,68320,"133a High Street, Yarm, Stockton-On-Tees, Cleveland, TS15 9BB, United Kingdom"
17430029,SMART MOMOS GROUP HOLDINGS LTD,2026-09-01,active,ltd,82990,"87a High Street, The Old Town, Hemel Hempstead, HP1 3AH, England"
17429993,CANAL WALK APARTMENT BLOCK MANAGEMENT COMPANY LIMITED,2026-09-01,active,ltd,98000,"Velocity Point, Wreakes Lane, Dronfield, S18 1PN, England"
17429998,SOUTH COAST EMX LTD,2026-09-01,active,ltd,99999,"96 Valley Road, Portslade, Brighton, BN41 2TL, England"
17430013,PARTNER AT CJ LTD,2026-09-01,active,ltd,99999,"23 Union Street, Wells, BA5 2PU, England"
17430250,29 GREEN ROAD FREEHOLD MANAGEMENT COMPANY LIMITED,2026-09-01,active,ltd,98000,"Willow Barn Oxford Road, Old Marston, Oxford, OX3 0PQ, England"
17430253,MILLERS CLOSE (HARLOW) RMC LIMITED,2026-09-01,active,private-limited-guarant-nsc,98000,"Springfield Lodge, Colchester Road, Chelmsford, Essex, CM2 5PW, England"
17430622,ELLENCY ESTATES LTD,2026-09-01,active,ltd,68209,"53 Park Road, Rushden, NN10 0RG, England"
17430623,MYLS GROUP LIMITED,2026-09-01,active,ltd,68100,"195 Wood Street, London, E17 3NU, England"
17430615,APTEUS CORPORATE FINANCE LIMITED,2026-09-01,active,ltd,99999,"First Floor 1 Des Roches Square, Witan Way, Witney, Oxfordshire, OX28 4BE, United Kingdom"
17430624,JAURA CAPITAL PARTNERS LTD,2026-09-01,active,ltd,64209,"71-75 Shelton Street, Covent Garden, London, WC2H 9JQ, United Kingdom"
SC901083,KNH PROPERTY LTD,2026-09-01,active,ltd,68209,"2 Hollymount, Bearsden, Glasgow, G61 1DQ, Scotland"
17430895,CORESPACE PROPERTY VENTURES LTD,2026-09-01,active,ltd,68209,"40 Egbert Gardens, Wickford, SS11 7BW, England"
17431181,569 PROPERTY SOLUTIONS LTD,2026-09-01,active,ltd,68310;82990,"22-24 Harborough Road, Northampton, NN2 7AZ, England"
OE035266,ICECAP (TRUSTEES) LIMITED,2026-09-01,registered,registered-overseas-entity,,"1st Floor, Osprey House, Old Street, St Helier, JE2 3RG, Jersey"
17431717,GURAYA(UK) LTD,2026-09-01,active,ltd,68209;68320,"1-2 Bantock Way, Birmingham, B17 0LY, England"
17431984,KET PROPERTY MANAGEMENT LTD,2026-09-01,active,ltd,55209;68209,"128 City Road, London, EC1V 2NX, United Kingdom"
17432128,J & CO. INSPIRED LTD,2026-09-01,active,ltd,82990,"7 Elm Close, Trowbridge, BA14 0SF, United Kingdom"
17432126,MASK RESIDENTIAL LTD,2026-09-01,active,ltd,98000,"1 Saw Mill Way, London, N16 6AN, England"
17432302,WESTROSE SECURITIES HOLDINGS LIMITED,2026-09-02,active,ltd,64209,"14 London Road, Newark, Nottinghamshire, NG24 1TW, England"
17432323,DASHVEX SOLUTIONS LTD,2026-09-02,active,ltd,82990,"Unit A1664 4-6 Greatorex Street, London, E1 5NF, United Kingdom"
17432303,GG-659-188 LIMITED,2026-09-02,active,ltd,68209,"C/O Getground, 1 Lyric Square, London, W6 0NB, England"
17432352,ONYXCITY LIVING LIMITED,2026-09-02,active,ltd,68209,"128 City Road, London, EC1V 2NX, United Kingdom"
17432359,FEBNEST LTD,2026-09-02,active,ltd,82990,"167-169 Great Portland Street, England, W1W 5PF, United Kingdom"
17432568,ARGENT & LAW PROPERTY LTD,2026-09-02,active,ltd,68209,"37 Tilt Road, Cobham, KT11 3EZ, United Kingdom"
17432809,JAYONIC LTD,2026-09-02,active,ltd,68100;68209,"Flat 18 Millfield Pooles Park, London, N4 3PB, England"
17432875,JWO PROPERTY GROUP LIMITED,2026-09-02,active,ltd,68100;68209;68310;68320,"75 Beacon Avenue, Kings Hill, West Malling, ME19 4LH, England"
SC901234,ULOA LTD,2026-09-02,active,ltd,68209,"101 Bruce Avenue, Inverness, IV3 5HD, Scotland"
17433052,GRYTT LTD,2026-09-02,active,ltd,82990,"Flat 107, 230, Hairpin House Bradford Street, Birmingham, B12 0BB, United Kingdom"
SC901226,PA PRIME PROPERTIES LTD,2026-09-02,active,ltd,68100;68209;68320,"96 Craigton Road, Glasgow, G51 3RQ, Scotland"
17433044,FARADAY 02 CBP PLC LTD,2026-09-02,active,ltd,64999,"Level 5 20 Fenchurch Street, London, EC3M 3BY, United Kingdom"
17433179,O AND T'S INVESTMENT LTD,2026-09-02,active,ltd,68100;68209;68320,"Kilcrea House, Dering Way, Gravesend, DA12 2DP, England"
17433485,CGME LTD,2026-09-02,active,ltd,82990,"The Retreat, 406 Roding Lane South, Woodford Green, Essex, IG8 8EY, England"
17433618,GARRISON INDUSTRIES LTD,2026-09-02,active,ltd,64209,"Church Farm, Morton Bagot, Studley, Warwickshire, B80 7EJ, England"
17433680,PLACE TO BE NW7 LTD,2026-09-02,active,ltd,68100,"23-24 Shoreditch High Street, London, E1 6PG, England"
17433675,MARSONS PROPERTY GROUP LIMITED,2026-09-02,active,ltd,55209;68320,"7 Mossborough Road, Rainford, St. Helens, WA11 8QN, England"
17433852,MKSO PROPERTIES LTD,2026-09-02,active,ltd,55209;68209;68320,"328 Greenside Lane, Manchester, M43 7SH, United Kingdom"
17434216,BEY GRUP LIMITED,2026-09-02,active,ltd,43999;64306;68320;96090,"128 City Road, London, London, EC1V 2NX, United Kingdom"
17434223,EDGE FLOW GROUP LTD,2026-09-02,active,ltd,46190;46900;62090;82990,"311 Shoreham Street, Sheffield, S2 4FA, United Kingdom"
17434172,JYC FINAN LTD,2026-09-02,active,ltd,64999,"Unit 3, Office A, 1st Floor, 6-7 St Mary At Hill, London, EC3R 8EE, England"
17434178,TRITON COMMERCIAL HOLDINGS LTD,2026-09-02,active,ltd,68209,"1 Annear Road, Penryn, TR10 9EW, England"
17434174,CONNECTPOINT CAPITAL LTD,2026-09-02,active,ltd,64209,"27 Old Gloucester Street, London, WC1N 3AX, United Kingdom"
17434169,SAFELAND PROPERTIES LTD,2026-09-02,active,ltd,41202;43390;81100;98000,"71-75 Shelton Street, Covent Garden, London, WC2H 9JQ, United Kingdom"
17434179,OAKHURST MANAGEMENT LIMITED,2026-09-02,active,ltd,68209,"51 Erith Road, Belvedere, DA17 6HF, United Kingdom"
SC901291,URBAN DWELLER COMMERCIAL LTD,2026-09-02,active,ltd,68209,"1 Cambuslang Court, Cambuslang, Glasgow, Strathclyde, G32 8FH, United Kingdom"
17434199,SAPPHIRE OAK CONSULTING LIMITED,2026-09-02,active,ltd,68209;70229,"3 Christchurch Terrace, Thorne Road, Doncaster, DN1 2HU, England"
17434211,LOVE TO CARE HOLDINGS LTD,2026-09-02,active,ltd,64209,"Vantage Point House Silverhills Road, Decoy Industrial Estate, Newton Abbot, TQ12 5ND, England"
NI743460,PFG GROUP HOLDINGS LIMITED,2026-09-02,active,ltd,64209,"Unit 9 Loughway Business Park, Newry, Co. Down, BT34 2TH, Northern Ireland"
17434647,DETENT TOPCO LTD,2026-09-02,active,ltd,64209,"2 Whittle Court, Knowlhill, Milton Keynes, MK5 8FT, England"
OC461514,WELLS BALLET AND DANCE SCHOOL LLP,2026-09-02,active,llp,,"North View Little London, Oakhill, Radstock, Somerset, BA3 5AU, United Kingdom"
17434677,RICHIE MORGAN PROPERTY LTD,2026-09-02,active,ltd,41100;68100;68209;68320,"166 Whitchurch Road, Cardiff, CF14 3NA, Wales"
17434884,YS PROPERTY HOLDINGS LIMITED,2026-09-02,active,ltd,68100;68201,"3 Chesilbourne Grove, Bournemouth, BH8 0BA, England"
17434879,LUBANA UP26 TRANSPORT LIMITED,2026-09-02,active,ltd,99999,"93 Oldbury Road, Rowley Regis, B65 0NR, England"
17435016,LINÉVA WATERS CAPITAL LTD,2026-09-03,active,ltd,64306,"14 Lodge View Crescent, Burscough, Ormskirk, L40 7AH, England"
17435009,ODE & ANGY PROPERTIES LTD,2026-09-03,active,ltd,68209,"72 Arbuthnot Lane, Bexley, DA5 1HD, England"
SC901373,DONALD HOWIE PROPERTY SOLUTIONS LTD,2026-09-03,active,ltd,68209;68310;68320,"10 Back O Loch Road, Kirkintilloch, Glasgow, G66 3EP, Scotland"
SL038217,M+ EVG FOUNDER LP,2026-09-03,active,limited-partnership,,"50 Lothian Road, Festival Square, Edinburgh, EH3 9WJ"
17435355,HENLEY SUSSEX LIMITED,2026-09-03,active,ltd,98000,"Flat 4 Henley Court, 16e Woodsgate Park, Bexhill On Sea, TN39 4DL, United Kingdom"
SC901375,HILSRIG INVESTMENTS LTD,2026-09-03,active,ltd,64209,"37 Berryhill Drive, Giffnock, Glasgow, East Renfrewshire, G46 7AA, Scotland"
17435559,SAHI HOLDINGS LTD,2026-09-03,active,ltd,68100,"13 Clivesdale Drive, Hayes, UB3 3PX, England"
17435890,CHILDEBERT LIMITED,2026-09-03,active,ltd,64209,"55 Childebert Road, London, SW17 8EY, England"
17436190,ENTHUSED GROUP LIMITED,2026-09-03,active,ltd,64209,"1 Beauchamp Court, 10 Victors Way, Barnet, Hertfordshire, EN5 5TZ, United Kingdom"
17436207,SURJAN INVESTMENTS LTD,2026-09-03,active,ltd,68209,"Devonshire House, 582 Honeypot Lane, Stanmore, HA7 1JS, England"
17436192,COMPASSROCK UK TOPCO LIMITED,2026-09-03,active,ltd,64209,"Verde 5th Floor, 10 Bressenden Place, London, SW1E 5DH, United Kingdom"
17436433,CCL SHORT LETS LTD,2026-09-03,active,ltd,68320,"Brick Management, Business Park, The Hub, Farnborough, Hampshire, GU147JP, United Kingdom"
17436432,KRASA INTERNATIONAL UK LIMITED,2026-09-03,active,ltd,41100;55100;68320;70229,"Cunningham House Pike Way, North Weald, Epping, CM16 6BL, England"
17436627,CONCORDIA CONSULTING INTERNATIONAL LIMITED,2026-09-03,active,ltd,70229;82990,"Suite 436, 22 Notting Hill Gate, London, W11 3JE, United Kingdom"
17436626,RUDOLPHS RANGERS LTD,2026-09-03,active,ltd,99999,"Dept 2, 43 Owston Road, Carcroft, Doncaster, DN6 8DA, England"
17436818,BENIFLOW LIMITED,2026-09-03,active,ltd,99999,"46 Topham Crescent, Thorney, Peterborough, PE6 0SR, United Kingdom"
17436804,R D CONSULTANCY GROUP LTD,2026-09-03,active,ltd,82990,"Jtp Accountancy & Tax Services Ivy House, Ground Floor West Wing, Ivy Terrace, Eastbourne, East Sussex, BN21 4QU, United Kingdom"
17437009,MAK KEYSTONE LTD,2026-09-03,active,ltd,64209;70229,"73 Strode Road, Portsmouth, PO2 8PX, England"
OC461532,HERITAIGE EQUITY LLP,2026-09-04,active,llp,,"1 Park Row, Floor 3 C/O Gilbanks, Leeds, LS1 5HN, United Kingdom"
17428682,DW REAL ESTATE HOLDINGS LTD,2026-08-31,active,ltd,68100;68320,"28 Lynmouth Road, London, N16 6XL, England"
17428695,OLNINE HOLDINGS LIMITED,2026-08-31,active,ltd,64209;70100,"Bartle House, 9 Oxford Court, Manchester, M2 3WQ, England"
17428857,AFZ PROPERTY HOLDING LTD,2026-08-31,active,ltd,68209,"15 Hamlet Road, Birmingham, B28 9BG, England"
17429029,MOONWOOD ESCAPES LTD,2026-08-31,active,ltd,55201;55209;68209,"19 Broadlands Drive, Bolton Le Sands, Carnforth, LA5 8BH, England"
17429033,MS MANN PROPERTIES LIMITED,2026-08-31,active,ltd,68209,"40 Fairbourne Avenue, Birmingham, B44 9AN, England"
17429122,SCHOLARS PARK RESIDENTS MANAGEMENT COMPANY LIMITED,2026-09-01,active,private-limited-guarant-nsc,98000,"C/O Miller 2 Centro Place, Pride Park, Derby, Derbyshire, DE24 8RF, United Kingdom"
17429266,MH LUXE RESIDENCES LTD,2026-09-01,active,ltd,68320,"66 Paul Street, London, EC2A 4NA, England"
17429679,HOMESTRIDE LIVING LTD,2026-09-01,active,ltd,55900;68209,"234-244, 5th Floor, Blue Star House Stockwell Road, London, SW9 9SP, United Kingdom"
17430047,CLEVER IDEA DEPTFORD LTD,2026-09-01,active,ltd,68209,"Winterton House, High Street, Westerham, TN16 1AQ, England"
17430043,FORWARDS PROPERTIES LTD,2026-09-01,active,ltd,68209,"766 Chesterfield Road, Sheffield, S8 0SF, England"
17430062,BUSOM 34 YACHTING LTD,2026-09-01,active,ltd,99999,"Third Floor, 207 Regent Street, London, W1B 3HH, England"
17430057,NOVI PROPERTY LTD,2026-09-01,active,ltd,68100;68209,"17 Green Lanes, London, N16 9BS, England"
17430069,JF2026 LTD,2026-09-01,active,ltd,82990,"Genesis Centre, Innovation Way, North Staffs Business Park, Stoke-On-Trent, Staffordshire, ST6 4BF, United Kingdom"
17430629,WALMER TERRACE LIMITED,2026-09-01,active,ltd,68100;68209,"150 Station Road, Sidcup, Kent, DA15 7AB, England"
17430647,WT GROUP HOLDINGS LTD,2026-09-01,active,ltd,64209,"Unit 12a Central Trading Estate, Marley Way, Saltney, Chester, CH4 8SX, United Kingdom"
17430799,BRIGHTON BED HEADS LTD,2026-09-01,active,ltd,68209,"Haven Horsemere Green Lane, Climping, Littlehampton, BN17 5QZ, England"
17431062,ASK14 LTD,2026-09-01,active,ltd,68209,"15 Griffin Lane, Solihull, B90 1TS, United Kingdom"
17431226,SEV PROPERTY GROUP LTD,2026-09-01,active,ltd,68100;68209,"565 Green Lanes, London, N8 0RL, England"
17432029,RSZ HOLDINGS LTD,2026-09-01,active,ltd,68209,"5 Hurrell Drive, Harrow, HA2 6DY, England"
17432027,JAFBAY LTD,2026-09-01,active,ltd,82990,"71-75 Shelton Street, Covent Garden, London, WC2H 9JQ, United Kingdom"
17432072,ELLBOPROPERTIES LTD,2026-09-01,active,ltd,68100;68209,"104 Lingholme Road, St. Helens, WA10 2NT, United Kingdom"
17432266,KAMI PROPERTY LIMITED,2026-09-01,active,ltd,68209,"2 Fairfax Place, London, W14 8HN, England"
17432267,SULTANA PROPERTIES LTD,2026-09-01,active,ltd,68100;68209,"48 Windsor Drive, Solihull, B92 8HS, England"
17434779,SOROMA DASHBOARD UK LTD,2026-09-02,active,ltd,68100;70229;85600,"Apartment C203 Madison House, 92 Wrentham Street, Birmingham, B5 6QQ, England"
17434887,JOHNSON TAMARA PROPERTY MANAGEMENT LIMITED,2026-09-02,active,ltd,68100;68209;98000,"79 High Street North, Dunstable, LU6 1JF, England"
17434888,PATRONE PROPERTY MANAGEMENT LTD,2026-09-02,active,ltd,68320,"41 Leaf Avenue, Peterborough, PE7 8EF, United Kingdom"
17435082,EURO OPTIONS GROUP HOLDINGS LIMITED,2026-09-03,active,ltd,64209,"Unit 5a Greenvale Business Park, Todmorden Road, Littleborough, OL15 9FG, England"
17435072,SADEUS LTD,2026-09-03,active,ltd,22230;46630;70100,"7 High Street, Kington, Herefordshire, HR5 3AX, United Kingdom"
17435286,J M FOX LIVING LIMITED,2026-09-03,active,ltd,68209;82990,"50-54 Oswald Road, Scunthorpe, DN15 7PQ, England"
17435523,GLENBURNIE RESI LTD,2026-09-03,active,ltd,68100,"Unit 1 Olympia House, Armitage Road, London, NW11 8RQ, England"
17435952,GRAYS GROUP LONDON LIMITED,2026-09-03,active,ltd,68100;68201;68209;68320,"85 Myrdle Street, The Whitechapel Centre, London, E1 1HL, United Kingdom"
17435947,SDI HOLDINGS LTD,2026-09-03,active,ltd,68209,"61 Bradford Street, Walsall, WS1 3QD, England"
17436650,QUEENSBRIDGE ADVISORY GROUP LTD,2026-09-03,active,ltd,64999;70221,"Senator House, 85 Queen Victoria Street, London, EC4V 4AY, United Kingdom"
17436663,STAMFORD RETAIL PARK LTD,2026-09-03,active,ltd,68100;68209,"3 Castlegate, Grantham, NG31 6SF, England"
17436678,UPFRONT INVESTMENTS LTD,2026-09-03,active,ltd,64209,"Unit 44p Leyton Industrial Village, Argall Avenue, London, E10 7QP, England"
17437126,ADEX CONSULTANCY AND PROPERTY MANAGEMENT LIMITED (ACPM LTD) LIMITED,2026-09-03,active,ltd,68209;68310;68320;70229,"6 Signals Drive, Coventry, CV3 1QT, England"
17437123,HARVARD & TAYLOR RESIDENTIAL LTD,2026-09-03,active,ltd,68209,"Office 109, 49-65 Southampton Way, London, SE5 7SW, England"
17437329,AG FM LTD,2026-09-04,active,ltd,82990,"23 Bilston Street, Dudley, West Midlands, DY3 1JA, England"
17428733,ED & SHEA LTD,2026-08-31,active,ltd,70229;82990,"10 Arnold Street, Lowestoft, NR32 1PU, England"
17428990,INNERTIDEPROPERTIES LTD,2026-08-31,active,ltd,68209,"1 Inner Tide Lane, Newquay, TR7 2FA, United Kingdom"
17429575,GB1 INVESTMENTS LIMITED,2026-09-01,active,ltd,68209,"59-61 Charlotte Street St Pauls Square, Birmingham, West Midlands, B3 1PX, England"
17429576,CURRAN'S PROPERTY PORTFOLIO LTD,2026-09-01,active,ltd,68209,"First Floor, East Wing, Sandfield House, Kings Close, Water Lane, Wilmslow, Cheshire, SK9 5AR, United Kingdom"
17429774,FUSE PROJECT HOLDINGS 2 LIMITED,2026-09-01,active,ltd,64209,"Fuse Energy, One Bank Street, London, E14 4SG, England"
17429780,FEGOBASS LTD,2026-09-01,active,ltd,68100;68209,"6 Stockdale Road, Manchester, M9 6RD, England"
17429765,HSH INTERNATIONAL TRADING LTD,2026-09-01,active,ltd,82990,"53 Whateleys Drive, Kenilworth, Warwickshire, CV8 2GY, United Kingdom"
17430116,A & R STORAGE & COMMERCIAL PROPERTIES LTD,2026-09-01,active,ltd,68100,"2 Jagger Lane, Huddersfield, HD5 0QY, England"
17430119,SERENITY HOUSING GROUP LTD,2026-09-01,active,ltd,68209;68320,"5 Walter Road, Smethwick, B67 7NP, United Kingdom"
17430323,WHARFSIDE PROPERTIES LIMITED,2026-09-01,active,ltd,68100;68209,"305 Parrs Wood Road, Manchester, M20 6JZ, United Kingdom"
17430330,THEYERS GROUP LTD,2026-09-01,active,ltd,70229;82990;84130;85510,"6 Edison Village, Nottingham Science Park, Nottingham, Nottinghamshire, NG72RF, England"
17430314,GEECEE PROPERTY GROUP LIMITED,2026-09-01,active,ltd,68209,"367 Chester Road, Little Sutton, Ellesmere Port, CH66 3RQ, United Kingdom"
17430578,CANFIELD FINANCE LIMITED,2026-09-01,active,ltd,64306,"Pyramid House, 954 High Road, London, N12 9RT, United Kingdom"
17430580,SDQ PROPERTY MANAGEMENT LTD,2026-09-01,active,ltd,68320,"38 Bridge Street, Bolton, BL1 2EH, England"
17430603,PROLOGIS UK 134 LIMITED,2026-09-01,active,ltd,68209,"Prologis House Blythe Gate, Blythe Valley Park, Shirley, Solihull, B90 8AH, England"
17430854,MOORIN PROPERTY LTD,2026-09-01,active,ltd,68209,"66 Paul Street, London, England, EC2A 4NA, United Kingdom"
17430848,GODERA INVESTMENTS & ASSETS LIMITED,2026-09-01,active,ltd,68100;68209;68310;68320,"9 Wokindon Road, Grays Essex, RM16 4QT, United Kingdom"
17430833,LEDN UK LTD,2026-09-01,active,ltd,64929;64991;66190,"21 Holborn Viaduct, London, EC1A 2DY, United Kingdom"
17431364,THE CURATED HOST LTD,2026-09-01,active,ltd,98000,"Flat 1 Conifer Lodge, 41 Westby Road, Bournemouth, BH5 1HA, England"
17431365,NEWMAN HOLDINGS LTD,2026-09-01,active,ltd,64209,"Hawley Mill Hawley Road, Dartford, Kent, DA2 7SY, United Kingdom"
17431378,MAKE BELIEVE VENTURES LIMITED,2026-09-01,active,ltd,64209,"19-20 Bourne Court Southend Road, Woodford Green, Essex, IG8 8HD, United Kingdom"
17431894,FLPC LIMITED,2026-09-01,active,ltd,68209,"28 Jobs Lane, Coventry, CV4 9EE, England"
17431892,LB & ARL PROPERTY LTD,2026-09-01,active,ltd,68100;68209,"28a Penygraig Road, Llanelli, SA14 9PA, Wales"
17432447,GENESIS GROUP HOLDINGS LIMITED,2026-09-02,active,ltd,55209;68209,"71-75 Shelton Street, Covent Garden, London, WC2H 9JQ, United Kingdom"
17432691,EZRON LIMITED,2026-09-02,active,ltd,68209,"Walden, Hook Crescent, Romsey, Hampshire, SO51 9DE, England"
SL038213,EQUITIX APG EUROPEAN INFRASTRUCTURE SMA EPS LP,2026-09-02,active,limited-partnership,,"Citypoint, 65 Haymarket Terrace, Edinburgh, EH12 5HD, Scotland"
SC901235,SMART COOKIES PROPERTY LTD,2026-09-02,active,ltd,68209,"Back Wynd, Falkland, Cupar, KY15 7BX, Scotland"
17433337,KARWAN SARAFI LTD,2026-09-02,active,ltd,64999;79110,"60 Lower Stone Street, Maidstone, ME15 6NA, England"
17433338,VARDEN MANAGEMENT LTD,2026-09-02,active,ltd,98000,"86 New Road, Rugeley, WS15 4BJ, England"
17433319,BRAND BUILDS SUPPLY CO LTD,2026-09-02,active,ltd,82920;82990,"2 Cloud View, Congleton, CW12 3TP, England"
17433688,CHRIS LUNT HOLDINGS LTD,2026-09-02,active,ltd,64209,"9 Sedbergh Avenue, Liverpool, L10 3JT, England"
17433693,COMPASSROCK REIT LIMITED,2026-09-02,active,ltd,64306,"Verde 5th Floor, 10 Bressenden Place, London, SW1E 5DH, United Kingdom"
17433689,BLOOM PROPERTY DEVELOPMENTS LTD,2026-09-02,active,ltd,68100;68209,"10 Edenhall Drive, Urmston, Manchester, M41 8AG, England"
17433871,PS COMMERCIAL ESTATES LTD,2026-09-02,active,ltd,68209,"The Fire Station, Bentwaters Park, Woodbridge, Suffolk, IP12 2TW, United Kingdom"
17433896,PAVBEX LTD,2026-09-02,active,ltd,68209,"1 The Courtyard, Poundfield Road, Chalvington, East Sussex, BN27 3YD, United Kingdom"
17433872,FIELD END 749 LTD,2026-09-02,active,ltd,68100;68209;68320,"Apartment 154 Dudley House North Wharf Road, London, W2 1QZ, England"
17433869,ZENTIO EUROPE LIMITED,2026-09-02,active,ltd,99999,"27 Old Gloucester Street, London, WC1N 3AX, England"
17434127,AN FAMILY HOLDING LTD,2026-09-02,active,ltd,64209;68209,"The Light Box Co Northstar 111 Power Road, Pc211, London, W4 5PY, England"
17434105,JLH PROPERTY HOLDINGS LIMITED,2026-09-02,active,ltd,68209,"809 Salisbury House 29 Finsbury Circus, London, EC2M 7AQ, United Kingdom"
17434352,R&M SPECIFICS LTD,2026-09-02,active,ltd,98000,"167-169 Great Portland Street, London, W1W 5PF, England"
17434347,VELA LATAM UK HOLDCO 1 LTD,2026-09-02,active,ltd,64209,"Sixth Floor, The Fairfax, Pithay Court, Bristol, BS1 3BN, England"
17434348,BLUE TECH DESIGN LTD,2026-09-02,active,ltd,82990,"Devonshire House, 582 Honeypot Lane, Stanmore, HA7 1JS, England"
17434338,COMPLEAT MOTORSPORT SERVICES LIMITED,2026-09-02,active,ltd,64209,"The Counting House, 9 High Street, Tring, HP23 5TE, England"
SC901311,CLYDEVIEW RESIDENTIAL LIMITED,2026-09-02,active,ltd,68209,"32 Broomhouse Crescent, Uddingston, Glasgow, G71 7RE, Scotland"
17434578,WHITBREAD FAMILY COMPANY LIMITED,2026-09-02,active,ltd,64304,"Maria House, 35 Millers Road, Brighton, BN1 5NP, England"
17435106,RAIBU PRODUCTIONS LIMITED,2026-09-03,active,ltd,82990,"2nd Floor Preston Park House, South Road, Brighton, BN1 6SB, United Kingdom"
OE035270,CGG MLI (REIT) PROPCO 4 LIMITED,2026-09-03,registered,registered-overseas-entity,,"22 Grenville Street, St. Helier, JE4 8PX, Jersey"
17435733,NEPTUNE PROPERTIES (HEREFORD) LIMITED,2026-09-03,active,ltd,68209,"3 Northamptonshire Drive, Belmont, Durham, DH1 2DF, United Kingdom"
17435735,OUTLINE CAPITAL LTD,2026-09-03,active,ltd,70229;82990,"48 Staveley Road, Leicester, LE5 5JT, United Kingdom"
17435984,BLISS RESIDENTIAL REAL ESTATE LIMITED,2026-09-03,active,ltd,68100;68209,"39 High Street, Billericay, CM12 9BA, England"
17435968,TOUCHSTONE LETTINGS LTD,2026-09-03,active,ltd,68320,"10-11 Snowsfields, London, SE1 3SU, England"
17435971,PHARMELORA LTD,2026-09-03,active,ltd,47730;82990,"119 Cornwallis Avenue, Gillingham, ME7 2DL, England"
17436050,WC COMMERCE LIMITED,2026-09-03,active,ltd,47910;82990,"167-169 Great Portland Street, London, W1W 5PF, England"
17436261,NEST & RISE LTD,2026-09-03,active,ltd,64209,"C/O O'Meara Fitzmaurice & Co, Brimstage Hall, Brimstage Road, Wirral, CH63 6JA, United Kingdom"
17436321,YIELD PROPERTIES LTD,2026-09-03,active,ltd,68209,"63 Lakefield Close, Birmingham, B28 8QZ, England"
17436603,OSMAR MEDIA & MARKETING LTD,2026-09-03,active,ltd,18129;47760;56210;68209,"85-87 Vauxhall Road, Liverpool, L3 6BN, England"
17436600,LCH4RP LTD,2026-09-03,active,ltd,41100;43390;98000,"The Coachwork Centr Unit 30, Dynea Road, Pontypridd, Rct, CF37 5DN, Wales"
SC901503,MCLENNAN HOMES LTD,2026-09-03,active,ltd,68100;68201;68209;68320,"16 Crookston Place, Peebles, EH45 9AL, Scotland"
17436890,TDP ASSETS LTD,2026-09-03,active,ltd,64209,"23 Bilston Street, Dudley, West Midlands, DY3 1JA, England"
17436887,PMX UK INVESTMENTS LTD,2026-09-03,active,ltd,68209,"28 Philip Larkin Close, Hull, HU6 7FB, England"
17436883,PEAK SUITES LIMITED,2026-09-03,active,ltd,55100;55209;68209;68320,"4 Anchor Fold, Chapel-En-Le-Frith, High Peak, SK23 0PD, England"
17437032,HIGH STREET TN9 LIMITED,2026-09-03,active,ltd,41100;68100;68310,"24 Stuart Road, Gravesend, DA11 0BZ, England"
17437171,SNK AMANAH LTD,2026-09-03,active,ltd,68100;68209,"30a Manor Road, London, E15 3BJ, England"
17437445,VERDE GROUP HOLDINGS LIMITED,2026-09-04,active,ltd,64205,"9 Condor Court, Harrier Way, Peterborough, Cambridgeshire, PE7 3WL, United Kingdom"
17428965,MGN VENTURES LTD,2026-08-31,active,ltd,70100,"154 Leahurst Road, London, SE13 5NL, England"
17429115,RENTRENTUK LTD,2026-09-01,active,ltd,41100;41202;68209;68320,"249 249 Ditton Fields, Cambridge, CB5 8QH, United Kingdom"
17429346,RSL HOLDINGS YORKSHIRE LTD,2026-09-01,active,ltd,64209,"Unit 3 Pool Business Park Pool Road, Pool In Wharfedale, Otley, LS21 1FD, England"
LP024702,EQUITIX APG EUROPEAN INFRASTRUCTURE SMA LP,2026-09-01,active,limited-partnership,,"3rd Floor South Building, 200 Aldersgate Street, London, EC1A 4HD, United Kingdom"
17429494,USH RESIDENTIAL LTD,2026-09-01,active,ltd,68209,"20 Wenlock Road, London, N1 7GU, England"
SC900948,RJML PROPERTIES LTD,2026-09-01,active,ltd,68310,"3 Portland Way, Paisley, PA2 7FW, Scotland"
SC901036,E&C DAVIDSON LIMITED,2026-09-01,active,ltd,64203,"37 Portland Road, Kilmarnock, Ayrshire, KA1 2DJ, Scotland"
17429967,FCJ INVESTMENT LIMITED,2026-09-01,active,ltd,68209,"34 Wrenthorpe Road, Wrenthorpe, Wakefield, WF2 0LR, England"
17429972,MIZMAC LTD,2026-09-01,active,ltd,64209,"Alva House, Valley Drive, Gravesend, Kent, DA12 5UE, United Kingdom"
17430229,SPRING VILLE PROPERTY GROUP LIMITED,2026-09-01,active,ltd,68100;68209,"Granville Court, 169 Upper Chorlton Road, Manchester, M16 9RA, United Kingdom"
17430215,JAGGI BUILD CO HOLDINGS LIMITED,2026-09-01,active,ltd,64209,"24 Jiniwin Road, Rochester, ME1 2DJ, England"
17430225,UES (BUNTINGFORD) ESTATE MANAGEMENT COMPANY LIMITED,2026-09-01,active,private-limited-guarant-nsc,68320,"Wheatley Plc, Wheatley House, Dunhams Lane, Letchworth Garden City, Hertfordshire, SG6 1BE, United Kingdom"
17430207,CHELSEA NEWCO LIMITED,2026-09-01,active,ltd,64204;64205;64209,"10 Buckingham Street, Westminster, London, WC2N 6DF, United Kingdom"
17430211,JIMAFA STORAGE & SHIPPING AGENCY LTD,2026-09-01,active,ltd,50400;52103;52290;68209,"Unit 4 Maypole Crescent, Darrent Industrial Park, Kent, DA8 2JZ, United Kingdom"
17430210,421 NCR LIMITED,2026-09-01,active,ltd,68100;68209,"150 Station Road, Sidcup, Kent, DA15 7AB, England"
17430571,EMERY FAMILY CO LIMITED,2026-09-01,active,ltd,68209,"St Ethelbert House, Ryelands Street, Hereford, HR4 0LA, England"
17430551,1 AC BURY LIMITED,2026-09-01,active,ltd,68100,"1 Arncliffe Close, Bury, BL9 9GF, England"
17430554,PROLOGIS UK 133 LIMITED,2026-09-01,active,ltd,68209,"Prologis House Blythe Gate, Blythe Valley Park, Shirley, Solihull, B90 8AH, England"
17430969,KALAMS PROPERTIES LIMITED,2026-09-01,active,ltd,68209,"14 Alpine Close, Croydon, CR0 5UN, England"
17430964,MS PROPERTY CAPITAL LTD,2026-09-01,active,ltd,68209,"15 Burford Road, Witney, OX28 6DP, England"
17430989,MBSD HOLDINGS LTD,2026-09-01,active,ltd,68100,"4 Lammas Mead, Hitchin, SG5 1YD, England"
17430993,HARSIMRAN PROPERTY LTD,2026-09-01,active,ltd,49410;68100;68209,"20 Alberta Street, Stoke-On-Trent, ST3 4LF, England"
17430987,J4FES HOLDINGS LIMITED,2026-09-01,active,ltd,68100;68209,"55 Yew Tree Gardens, Birchington, CT7 9AL, England"
OC461501,FORSAY GLOBAL AGENCY LLP,2026-09-01,active,llp,,"71-75 Shelton Street, Covent Garden, London, WC2H 9JQ, United Kingdom"
17431141,APTEUS INTERNATIONAL LIMITED,2026-09-01,active,ltd,99999,"First Floor 1 Des Roches Square, Witan Way, Witney, Oxfordshire, OX28 4BE, United Kingdom"
17431408,KHALIL & SON PROPERTIES LTD,2026-09-01,active,ltd,68100;68209,"109 Liverpool Road, Eccles, Manchester, M30 0ND, England"
17431394,EH58 LTD,2026-09-01,active,ltd,70221;82990,"Boundary House, Cricket Field Road, Uxbridge, UB8 1QG, England"
17431734,M EARTH LTD,2026-09-01,active,ltd,68100;68209;82990,"Flat 88, 1, Lyall House Ironworks Way, London, E13 9FA, United Kingdom"
17431732,AJB2 LTD,2026-09-01,active,ltd,82990,"6 Carding Close, Nuneaton, CV11 6BJ, United Kingdom"
17431754,STATUTE LTD,2026-09-01,active,ltd,69109;70229;74909;82990,"20 Wenlock Road, London, N1 7GU, England"
SC901137,WF PROPERTY SERVICES LTD,2026-09-01,active,ltd,68320,"7/8 Western Harbour Midway, Edinburgh, EH6 6LE, Scotland"
17431755,URBAN CAPITAL HOLDINGS LTD,2026-09-01,active,ltd,68100,"18 Gilda Crescent, London, London, N16 6JP, England"
17432299,T50 LIMITED,2026-09-02,active,ltd,64209,"1st Floor 1-5 Maple Place, London, W1T 4BB, United Kingdom"
17432490,VERTICAL DESK LTD,2026-09-02,active,ltd,82990,"71-75 Shelton Street, Covent Garden, London, WC2H 9JQ, United Kingdom"
17432480,SOULBURY ROAD FARM LTD,2026-09-02,active,ltd,01500;01610;52103;68209,"Soulbury Road Farm, Burcott, Leighton Buzzard, LU7 0JP, England"
17432769,GLENMOUNT SECURITY LTD,2026-09-02,active,ltd,82990,"66 Paul Street, London, England, EC2A 4NA, United Kingdom"
SC901192,COIGACH AUTONOMOUS COMMERCIAL VENTURES LTD,2026-09-02,active,ltd,58290;63990;70229;82990,"Flat A, 3, Albert Place, Aberdeen, AB25 1RG, United Kingdom"
17432760,251 KINGSTON ROAD RTM COMPANY LIMITED,2026-09-02,active,private-limited-guarant-nsc,98000,"Flat 1 251 Kingston Road, London, SW19 3NW, England"
17432762,GLENNGARDEN LTD,2026-09-02,active,ltd,82990,"71-75  Covent Garden Shelton Street, London, WC2H 9JQ, United Kingdom"
17432776,RENDALL + RENDALL PROPERTIES LIMITED,2026-09-02,active,ltd,68100;68201;68209;68320,"22 Bullmead Close, Street, BA16 0BF, England"
SL038214,INVERGORDON L SCOTTISH LIMITED PARTNERSHIP,2026-09-02,active,limited-partnership,,"Exchange Tower 11th Floor, 19 Canning Street, Edinburgh, EH3 8EG"
17433019,NEW YORK SURREY LTD,2026-09-02,active,ltd,64209,"12 New Fetter Lane, London, EC4A 1JP, United Kingdom"
17433096,HUDSON CORE LTD,2026-09-02,active,ltd,64209,"Units 12-14 Rusper Road, Dorking, Surrey, RH5 5BX, England"
17433412,PHILIP LOUGHER LTD,2026-09-02,active,ltd,55209;68320,"1 Grouse Street, Cardiff, CF24 3QZ, Wales"
17433422,WHITE BEAR (LAND) LTD,2026-09-02,active,ltd,68209,"128 City Road, London, EC1V 2NX, United Kingdom"
17433426,JOYBOOST LIMITED,2026-09-02,active,ltd,99999,"Unit A 82 James Carter Road, Mildenhall,, Bury St Edmunds,, IP28 7DE, United Kingdom"
17433429,CENTRAL PARK PROPERTIES LIMITED,2026-09-02,active,ltd,68100;68209,"7 Bell Yard, London, WC2A 2JR, England"
17433418,R&J KETTLEY LTD,2026-09-02,active,ltd,68209,"195 Wood Street, London, E17 3NU, United Kingdom"
17433719,CARMIA LIMITED,2026-09-02,active,ltd,82990,"International House, 66 Lavender Hill, London, SW11 5RQ, United Kingdom"
SC901271,STEELE & STEELE PROPERTY LTD,2026-09-02,active,ltd,55209;68209,"15 Curriefield View, Motherwell, ML1 5GQ, United Kingdom"
17433924,HLC VENTURES LIMITED,2026-09-02,active,ltd,68100,"590 Green Lanes, London, N13 5RY, United Kingdom"
17434012,THE FEMI PROPERTY BUSINESS LTD,2026-09-02,active,ltd,68310,"147 Long Riding, Basildon, Essex, SS14 1QT, England"
17433986,MELFORT HOMES LIMITED,2026-09-02,active,private-limited-guarant-nsc,98000,"Lowthian Oast Wadhurst Road, Frant, Tunbridge Wells, Kent, TN3 9EH, United Kingdom"
17434002,HIRAYA PROPERTIES LTD,2026-09-02,active,ltd,68320,"33 Llewellyns View, Porth, CF39 8BQ, United Kingdom"
17434298,GIRIT & CO LTD,2026-09-02,active,ltd,68209,"11 Sefton Way, Uxbridge, UB8 2LH, England"
17434306,SHIPVORA SOLUTIONS LTD,2026-09-02,active,ltd,82990,"Unit A1668 4-6 Greatorex Street, London, E1 5NF, United Kingdom"
17434311,MARIS PRIME VENTURES LIMITED,2026-09-02,active,ltd,68100;68209,"8 Pendeford Place, Pendeford Business Park, Wolverhampton, West Midlands, WV9 5HD, United Kingdom"
17434323,SBRA INVESTMENTS LIMITED,2026-09-02,active,ltd,68100,"3 Austin Mews, High Street, Hemel Hempstead, HP1 3AF, England"
17434488,HERITAGE HALL ESTATES LIMITED,2026-09-02,active,ltd,68100,"Unit 1 56 Roseville Road, Leeds, LS8 5DR, England"
17434522,CAR NOMINEE LIMITED,2026-09-02,active,ltd,64209,"1 London Wall Place, London, EC2Y 5AU, United Kingdom"
17434504,WIMPOLE PROPERTY PARTNERS LIMITED,2026-09-02,active,ltd,68320,"Unit 14 Hoddesdon Enterprise Centre, Pindar Road, Hoddesdon, EN11 0FJ, England"
17434496,CCM5 HOLDINGS LIMITED,2026-09-02,active,ltd,64209,"The Old Drill Hall, 20 Whitcliffe Road, Cleckheaton, West Yorkshire, BD19 3NU, England"
17434853,VANGUARD LETTINGS LTD,2026-09-02,active,ltd,68209,"131 The Broadway, Birmingham, B20 3ED, United Kingdom"
17435251,48 GROVE ROAD EASTBOURNE RTM COMPANY LIMITED,2026-09-03,active,private-limited-guarant-nsc,98000,"Kenley House, 3 Brand Road, Eastbourne, BN22 9PX, England"
17435509,NEWTON COURT E3 RTM COMPANY LIMITED,2026-09-03,active,private-limited-guarant-nsc,98000,"Flat 38 Newton Court, 1 Axio Way, London, E3 4QW, England"
17435511,KXRA GROUP LTD,2026-09-03,active,ltd,62012;62020;62090;64209,"66 Paul Street, London, England, EC2A 4NA, United Kingdom"
17435825,DOMINION PROPERTY GROUP LTD,2026-09-03,active,ltd,68100;68209;68310;68320,"17 Derley Road, Southall, UB2 5EL, United Kingdom"
17435823,KEN-CO PROPERTY SOLUTIONS LTD,2026-09-03,active,ltd,68100;68209,"41 Chatsworth Terrace, Earlsheaton, Dewsbury, WF12 8BH, England"
17435826,TREVARYN LTD,2026-09-03,active,ltd,62090;63110;82990,"74 Lordship Road, Northolt, UB5 5TF, England"
17435812,VALENS ESTATES LTD,2026-09-03,active,ltd,68100,"71-75 Shelton Street, Covent Garden, London, WC2H 9JQ, United Kingdom"
17436081,CRIMSON PASTA GROUP LIMITED,2026-09-03,active,ltd,64304,"Larch House, Parklands Business Park, Denmead, Hampshire, PO7 6XP, United Kingdom"
17436078,KALVARO LIMITED,2026-09-03,active,ltd,63120;82990,"71-75 Shelton Street, Covent Garden, London, WC2H 9JQ, United Kingdom"
17436088,APEX ADVICE LTD,2026-09-03,active,ltd,70229;82990;88990;96090,"71-75 Shelton Street, Covent Garden, London, WC2H 9JQ, United Kingdom"
OC461526,MARKETLOOP LLP,2026-09-03,active,llp,,"32 Kinburn Street, London, Southwark, SE16 6DW, England"
17436153,GN ESTATE HOLDING LTD,2026-09-03,active,ltd,68100;68209,"46 Ashbourne Road Stretford, Manchester, M32 9SB, England"
17436699,KARIS ARC LIMITED,2026-09-03,active,ltd,64209,"722-726 Cranbrook Road, Ilford, IG6 1HU, England"
17436688,ORCHARD CLOSE (ENSBURY PARK) MANAGEMENT COMPANY LIMITED,2026-09-03,active,ltd,98000,"Heliting House, 35 Richmond Hill, Bournemouth, Dorset, BH2 6HT, United Kingdom"
17436907,PROPERTY PROVISION LTD,2026-09-03,active,ltd,43390;68320;74100;81210,"71-75 Shelton Street, Covent Garden, London, WC2H 9JQ, United Kingdom"
17436982,HENLEY HILLS LTD,2026-09-03,active,ltd,68100;68209,"3 Windsor House, St. Andrews Road, Henley-On-Thames, RG9 1PZ, England"
17436995,JOHN COPELAND PROPERTY LTD,2026-09-03,active,ltd,41100;68100;68209;68310,"36 Borsodi Boulevard, Warrington, WA5 3ZH, United Kingdom"
17437085,DFEND ASSOCIATES HOLDING LIMITED,2026-09-03,active,ltd,64209,"9 Chapel Place, 2nd Floor, London, EC2A 3DQ, England"
SC901538,MOHAMMED HUSSAIN LTD,2026-09-03,active,ltd,68209;77400;98000,"46 Millbrae Crescent, Glasgow, G42 9UN, Scotland"
17428668,AWB ESTATES GROUP LTD,2026-08-31,active,ltd,68209,"4 Yews Farm Court, Styrrup, Doncaster, DN11 8EP, England"
17428664,LONDON HMO INVESTMENTS LIMITED,2026-08-31,active,ltd,68100;68209;68320,"5 Ashridge Drive, Watford, WD19 6TQ, England"
17429074,G&K PORTFOLIO LIMITED,2026-08-31,active,ltd,64209,"60 Whitehicks, Letchworth Garden City, SG6 4PZ, England"
17429184,REAL EXPERTS ESTATES LTD,2026-09-01,active,ltd,68310,"82a James Carter Road, Mildenhall, IP28 7DE, United Kingdom"
17429188,UNIVERSAL LETS CIC,2026-09-01,active,private-limited-guarant-nsc,68201,"64-66 St. James's Street, Nottingham, NG1 6FJ, England"
17429196,7 BISHOPSGATE II LIMITED,2026-09-01,active,ltd,68209,"38 Lombard Street, London, EC3V 9BS, England"
OC461495,THE PIG AND PASTRY (YORK) LLP,2026-09-01,active,llp,,"35 Bishopthorpe Road, York, North Yorkshire, YO23 1NA, England"
17429513,MALT MEWS MANAGEMENT LIMITED,2026-09-01,active,ltd,98000,"Drivers Wharf Northam Road, Northam, Southampton, Hampshire, SO14 0PF, United Kingdom"
17429509,NIKA PROPERTY SERVICES LTD,2026-09-01,active,ltd,68100;68209,"45 Essex Road, Huntingdon, PE29 1SD, England"
17429516,AL FALAH EQUITY LTD,2026-09-01,active,ltd,68209,"351 Lichfield Road, Birmingham, B6 7ST, England"
17429857,FARS YA HOOSIE LTD,2026-09-01,active,ltd,41100;68100;68209;68310,"128 City Road, London, EC1V 2NX, United Kingdom"
SC901004,R.CHETRI VENTURES LTD,2026-09-01,active,ltd,68100;68209,"61r Gillburn Road, Dundee, DD3 0AJ, United Kingdom"
17430146,DAVISONS LAW EOT TRUSTEE LIMITED,2026-09-01,active,private-limited-guarant-nsc,64209,"Sycamore House 54 Calthorpe Road, Edgbaston, Birmingham, B15 1TH, England"
17430130,MORNINGTON WELLNESS CLINIC LTD,2026-09-01,active,ltd,68209,"First Floor, 244 Edgware Road, London, W2 1DS, United Kingdom"
17430131,MAVI INT'L CAPITAL GROUP (UK) LIMITED,2026-09-01,active,ltd,64209,"71-75 Shelton Street, Covent Garden, London, WC2H 9JQ, United Kingdom"
OC461498,PIP RESIDENTIAL LLP,2026-09-01,active,llp,,"Office 3 6 Queen Street, Huddersfield, West Yorkshire, HD1 2SQ, United Kingdom"
17430374,BIDOOT PROPERTIES LTD,2026-09-01,active,ltd,68209,"20 Wenlock Road, London, N1 7GU, England"
17430364,MONIAC LTD,2026-09-01,active,ltd,62012,"167-169 Great Portland Street, 5th Floor, London, W1W 5PF, England"
17430376,HUNTER SPACE LIMITED,2026-09-01,active,ltd,78109,"Flat 5 54-55 Ventnor Villas, Hove, BN3 3DB, England"
17430375,UP-CELLAR LTD,2026-09-01,active,ltd,56302,"28 Hartshill Road, Birmingham, B34 6QT, United Kingdom"
17430369,M4 AUTO LOGISTICS LTD,2026-09-01,active,ltd,49410,"The Elms, Startley, Chippenham, SN15 5HE, England"
17430367,AERORAM LTD,2026-09-01,active,ltd,71129;72190;84220,"85 Guildford Grove, Middleton, Manchester, M24 2WX, England"
17430379,BAVEJA TRADING LTD,2026-09-01,active,ltd,47421,"Top Flat, 280, Wellington Road South, Hounslow, Middlesex, TW4 5JT, England"
17430377,DYLUXE.DETAILING LTD,2026-09-01,active,ltd,81222,"1 Derwent Close, Manchester, M31 4QA, United Kingdom"
17430514,AML TRANSPORT GROUP LTD,2026-09-01,active,ltd,49410,"148 Younghayes Road, Cranbrook, Exeter, EX5 7DU, England"
SC901059,KINCAID SERVICES LTD,2026-09-01,active,ltd,68209,"C/O Kpp Chartered Accountants, Unit 3, 37 Rosyth Road, Glasgow, G5 0YE, Scotland"
17430517,JJMT LTD,2026-09-01,active,ltd,52290,"137 Kingfisher Drive, Houghton Le Spring, DH5 0GE, United Kingdom"
17430521,SINGLE REP LTD,2026-09-01,active,ltd,47190,"3 North Close, Portslade, Brighton, BN41 2HE, England"
17430507,THE PATERA GROUP LIMITED,2026-09-01,active,ltd,41100;41202;68100;68209,"Riverside House, River Lane, Saltney, Chester, CH4 8RQ, United Kingdom"
17430522,DILIN LIMITED,2026-09-01,active,ltd,82302;85590;96020,"11 Goldsmiths Place, Springfield Lane, London, NW6 5UG, England"
17430529,IN ALL OF IT LIMITED,2026-09-01,active,ltd,59111;59120;59131,"2 Frederick Street, London, WC1X 0ND, England"
17430532,THAMES RIVER HOLDINGS LIMITED,2026-09-01,active,ltd,64209,"Legacy Centre Hanworth Trading Estate, Hampton Road West, Feltham, TW13 6DH, England"
17430530,K7 TRANSPORT SERVICES LTD,2026-09-01,active,ltd,49410,"71-75 Shelton Street, London, WC2H 9JQ, England"
17430495,DACHIE DISTINCT LTD,2026-09-01,active,ltd,14110;15200;47910,"14 Southbrook Terrace, Bradford, BD7 1AD, United Kingdom"
17430502,ARASH SHAHSAVARI LTD,2026-09-01,active,ltd,49320;49390,"Flat 3 84 Fortune Green Road, London, NW6 1DS, United Kingdom"
17430536,EUROTOOLS (PETERBOROUGH) LIMITED,2026-09-01,active,ltd,47789,"36 Tyndall Court, Commerce Road, Lynchwood, Peterborough, Cambridgeshire, PE2 6LR, United Kingdom"
17430542,CAESARS TASTE LTD,2026-09-01,active,ltd,56103,"The Tube, Office 6, 86 North Street, Manchester, M8 8RA, United Kingdom"
17430937,TROY MEDICAL LAB CONSULTING LIMITED,2026-09-01,active,ltd,86220,"7 Holly Drive, Leeds, LS16 6EF, England"
17430936,FIRST STEP HR LTD,2026-09-01,active,ltd,74909,"66 Paul Street, London, England, EC2A 4NA, United Kingdom"
17430938,JONPEEK LTD,2026-09-01,active,ltd,70229,"92 Stanhope Road, Smethwick, B67 6JJ, England"
17430940,PINKERTON HOLDINGS LTD,2026-09-01,active,ltd,47910,"28 Brooksby Street, London, N1 1HA, United Kingdom"
17430941,HERITAIGE INVESTMENTS I LIMITED,2026-09-01,active,ltd,64209,"1 Park Row, Floor 3 C/O Gilbanks, Leeds, LS1 5HN, United Kingdom"
17430948,MULETAJI METAL LTD,2026-09-01,active,ltd,46900;47910,"Unit A , 82 James Carter Road, Mildenhall, IP28 7DE, United Kingdom"
17430944,HASSAN’S BROTHERS LTD,2026-09-01,active,ltd,47910,"49 Wright Road, Birmingham, B8 1NS, England"
17430920,POINT OF PRAYER LTD,2026-09-01,active,ltd,58290,"66 Paul Street, London, England, EC2A 4NA, United Kingdom"
17430942,MAIMA LAW CHAMBERS LTD,2026-09-01,active,ltd,69102,"Siu Offices, 4 - 6 Greatorex Street, London, E1 5NF, United Kingdom"
17430951,BONGO AIR SERVICES LIMITED,2026-09-01,active,ltd,51210,"16 Yelverton Road, Reading, RG2 7SU, England"
17430957,ROSEBURN DEVELOPMENTS LIMITED,2026-09-01,active,ltd,68209,"24 The Parade, Claygate, Esher, KT10 0NU, England"
17430958,ADRIATIC PARTNERS LTD,2026-09-01,active,ltd,99999,"Flat 220 The Almere 353 Avebury Boulevard, Milton Keynes, MK9 2FF, England"
17430931,INFACT SOLUTIONS LIMITED,2026-09-01,active,ltd,62012,"Flat 2 Wingate, Hangingstone Road,, Ilkley, West Yorks, LS29 8RS, United Kingdom"
17430956,SPA LOCAL LIMITED,2026-09-01,active,ltd,47110,"141 Mayor Street, Bolton, BL1 4SJ, England"
17430961,KAT INVESTMENT LTD,2026-09-01,active,ltd,46439;68100;68209,"12 Hawthorn Gardens, Ryton, NE40 3ED, United Kingdom"
17430926,HC PROPERTY CONSULTANCY LIMITED,2026-09-01,active,ltd,70229,"21 Nevill Street, Abergavenny, NP7 5AA, Wales"
SC901099,FRUIT MINIMARKET LTD,2026-09-01,active,ltd,47110,"529 Duke Street, Glasgow, Lanarkshire, G31 1DL, Scotland"
SC901100,KITCHENS BY DBR LIMITED,2026-09-01,active,ltd,43320,"Office 2/3, 48, Clyde Offices West George Street, Glasgow, G2 1BP, United Kingdom"
17431273,EFRATA TRADING LTD,2026-09-01,active,ltd,47910,"3, Hitard Court, Red Lion Row, London, SE17 2FF, United Kingdom"
17431263,THE LONDON LANDSCAPING COMPANY LTD,2026-09-01,active,ltd,71112,"9a Westgate, Southwell, NG25 0JN, United Kingdom"
17431269,MODERNHOUSEEXTENSIONS LTD,2026-09-01,active,ltd,41202,"41 Helmshore Road, Rossendale, BB4 4BW, United Kingdom"
17431283,FOXES PROPERTY  (LEICS) LIMITED,2026-09-01,active,ltd,68209,"9a Leicester Road, Blaby, Leicester, Leicestershire, LE8 4GR, United Kingdom"
17431291,STAFFSCENE EVENT GROUP LTD,2026-09-01,active,ltd,78200,"66 Paul Street, London, England, EC2A 4NA, United Kingdom"
17431287,WILLOW DEVELOPMENTS (WM) LTD,2026-09-01,active,ltd,43290,"15a Anchor Road, Walsall, WS9 8PT, England"
17431294,MODIA LIMITED,2026-09-01,active,ltd,17230;47620,"6 Lon Caer Seion, Conwy, LL32 8BA, Wales"
17431286,ELSHARIF LTD,2026-09-01,active,ltd,84120,"Flat 7 757 London Road, Thornton Heath, CR7 6AW, England"
17431280,RABIGENIX HEALTHCARE SOLUTIONS LTD,2026-09-01,active,ltd,46460,"5 Brayford Square, London, E1 0SG, United Kingdom"
17431267,THE RUNNING HORSE NOTTS LTD,2026-09-01,active,ltd,56302,"16 Alfreton Road, Nottingham, NG7 3NG, England"
17431274,GOLDEN DUNE ENTERPRISES LIMITED,2026-09-01,active,ltd,46900,"01 182-184 Office 15452 High Street North East Ham, London, E6 2JA, United Kingdom"
17431276,VICI PERFORMANCE LTD,2026-09-01,active,ltd,47910;86900,"82a James Carter Road, Mildenhall, IP28 7DE, United Kingdom"
17431292,GROSVENOR HATHAWAY LTD,2026-09-01,active,ltd,62012,"261 Bolton Road, Bury, BL8 2NZ, England"
17431301,COMFY ROOMS AIR-CONDITIONING LTD,2026-09-01,active,ltd,43220,"46 Burwood Close, Walton-On-Thames, KT12 4JL, United Kingdom"
17431296,MALIK AND SONS (HOLDINGS) LTD,2026-09-01,active,ltd,64209,"454 Kingsland Road, London, E8 4AE, United Kingdom"
17431300,R COCKCROFT LTD,2026-09-01,active,ltd,90030,"10 Beightons Walk, Rochdale, OL12 6EA, England"
17431531,TRILLION GROUP LTD,2026-09-01,active,ltd,25620,"86 Bury Old Road, Manchester, Lancashire, M45 6TQ, United Kingdom"
17431533,NORTH ROSE STAYS LTD,2026-09-01,active,ltd,68209;68320,"62 Bluebell Close, Corby, NN18 8LZ, England"
17431535,MCKOSI ACCESS LTD,2026-09-01,active,ltd,43999,"Ford Farm Totties, Totties, Holmfirth, HD9 1UL, England"
17431540,VOXALFLOW LTD,2026-09-01,active,ltd,62090,"51 Wolverton Road, Newport Pagnell, MK16 8BH, England"
17431538,TOP BILLING LIMITED,2026-09-01,active,ltd,59112,"35 Chedworth Drive, Manchester, M23 1LW, England"
17431548,R2G HAULAGE LTD,2026-09-01,active,ltd,49410;52103;77120,"14 Acorn Close, Slough, SL3 8GU, England"
17431534,NEXTGEN RISK ADVISORY LTD,2026-09-01,active,ltd,70229,"33 Rushout Avenue, Harrow, HA3 0AS, England"
17431524,ELITE RESIDENTIAL STAYS LTD,2026-09-01,active,ltd,68320,"57 Campbell Road, Manchester, M13 0PS, United Kingdom"
17431521,THE FERREIRA COLLECTIVE LTD,2026-09-01,active,ltd,78109;78200,"107 St. Albans Avenue, Ashton-Under-Lyne, OL6 8XF, England"
17431550,VANOPHEM GROUP LTD,2026-09-01,active,ltd,62020;70229,"45 Albemarle Street, London, W1S 4JL, England"
17431539,NICCARPENTER LTD,2026-09-01,active,ltd,43310;43320;43999,"123 Eliot Bank, London, SE23 3XD, England"
17431842,ALBER ANALYTICS LTD,2026-09-01,active,ltd,62090,"3 Allington Lane, Ebbsfleet Valley, Swanscombe, DA10 1GA, England"
17431841,AL ARFA TOURS AND TRAVEL LTD,2026-09-01,active,ltd,55100;79110;79120;79909,"226 Connaught Road, Luton, LU4 8ET, United Kingdom"
17431837,STILLBIRCH LTD,2026-09-01,active,ltd,46190,"Initial Business Centre, Unit 7 Wilson Business Park, Manchester, M40 8WN, United Kingdom"
17431857,DISCO BLISS (NORTH) LIMITED,2026-09-01,active,ltd,93290,"C/O Taxstack Accountants, 2 Burghley Way, Derby, DE23 4TD, England"
17431851,FULMEN LTD,2026-09-01,active,ltd,62012;62090;74100,"Flat 1 156 Hercules Road, Sherford, Plymouth, PL9 8GY, England"
17431847,DORA AI LTD,2026-09-01,active,ltd,79110,"3 Waterhouse Square 138-142 Holborn, London, EC1N 2SW, England"
17431848,TENS COLLECTIVE LTD,2026-09-01,active,ltd,47910;74100,"3 Glendene Drive, Birmingham, B43 5JN, United Kingdom"
17431852,ZONEX KINETIX LTD,2026-09-01,active,ltd,47990,"Unit A1093, Siu Office 4-6 Greatorex Street, London, E1 5NF, United Kingdom"
17431853,AT TRADING (NW) LIMITED,2026-09-01,active,ltd,47190,"3 Meadowland Close, Leyland, PR26 6QW, United Kingdom"
SC901144,E&D CREATIONS LTD,2026-09-01,active,ltd,47910,"5 Forest Road, Galashiels, TD1 1JP, United Kingdom"
17431835,SOYUKI ELECTRONICS LIMITED,2026-09-01,active,ltd,47910,"Suite#1-469 4 Blenheim Court, Peppercorn Close, Peterborough, PE1 2DU, United Kingdom"
17431846,AOFEI TRADE LIMITED,2026-09-01,active,ltd,46420;47820;47910;63120,"Unit 82a James Carter Road, Mildenhall, Bury St. Edmunds, IP28 7DE, England"
17431856,K & V CAPITAL (UK) LTD,2026-09-01,active,ltd,64304;70100,"275 New North Road, Unit 1820, London, N1 7AA, England"
17431920,ISLES DIGITAL LIMITED,2026-09-01,active,ltd,73110,"66 Paul Street, London, England, EC2A 4NA, United Kingdom"
17431927,HMCC DAIRY ASSOCIATES LTD,2026-09-01,active,ltd,70229,"Arosfa, Pontrhydfendigaid, Ystrad Meurig, SY25 6BA, United Kingdom"
17431915,PHOTOCOUPLE PHOTOGRAPHY LIMITED,2026-09-01,active,ltd,74201,"Apartment 7, Ladywell Point, Pilgrims Way, Salford, M50 1AU, United Kingdom"
17431914,BRIGHTERNEST CLEANING SERVICE LTD,2026-09-01,active,ltd,81210;81299,"95 Elmes Road, Bournemouth, BH9 2SY, England"
17431916,EJP FACILITIES & MAINTENANCE LIMITED,2026-09-01,active,ltd,81100,"213 Aylesbury Road, Wendover, Aylesbury, HP22 6BA, England"
17431933,BRIGHT OASIS CLEANING LTD,2026-09-01,active,ltd,81210,"16 Arbroath Street, Manchester, M11 4PH, England"
17431919,BEERMASTER DRINKS LTD,2026-09-01,active,ltd,56210,"287 Aldborough Road South, Ilford, Greater London, IG3 8JD, United Kingdom"
17431907,EVERETTE & KNIGHTS LTD,2026-09-01,active,ltd,58290,"35 Whitgift Road, Cambridge, CB1 9AY, United Kingdom"
17432143,THE MAKERS YARN LIMITED,2026-09-01,active,ltd,70229,"14 High Street, Saffron Walden, Essex, CB10 1AY, England"
17432146,BRINTON INTERIORS LTD,2026-09-01,active,ltd,41100;43320;43390,"71 Coventry Street, Kidderminster, DY10 2BS, England"
SC901160,DRQ ADVISORY LTD,2026-09-01,active,ltd,70229,"5 South Charlotte Street, Edinburgh, EH2 4AN, Scotland"
SC901165,ADAPTIVESDS LTD,2026-09-01,active,ltd,62012,"18 Abercrombie Court Prospect Road, Arnhall Business Park, Westhill, AB32 6FE, Scotland"
17432157,AWAY STAND LTD,2026-09-01,active,ltd,58190;58290;62012;63120,"66 Paul Street, London, England, EC2A 4NA, United Kingdom"
17432153,DA RESTAURANTS LTD,2026-09-01,active,ltd,56102,"37 Turnpike Lane, London, N8 0EP, United Kingdom"
17432156,MY BESPOKE TABLE LTD,2026-09-01,active,ltd,16230,"3 Eliot Close, Aylesbury, HP19 8JB, England"
17432295,PRIME VENDING SOLUTIONS LTD,2026-09-02,active,ltd,46190,"29 Thornbury Grove, Bradford, BD3 8HA, United Kingdom"
17434865,COFFEE STOP DC LTD,2026-09-02,active,ltd,56102,"210 Rodbourne Road, Swindon, SN2 2AA, England"
17434863,GUERRA MARKETING LIMITED,2026-09-02,active,ltd,70229;73110;74100,"28 Walnut Tree Road, Hounslow, TW5 0LR, England"
17434866,RAVALET DETAIL VALET LTD,2026-09-02,active,ltd,45200;81299,"8 Staithes Drive, Wakefield, WF1 5FG, England"
17434925,EXCHANGE COMPANIES LTD,2026-09-02,active,ltd,58290,"66 Paul Street, London, England, EC2A 4NA, United Kingdom"
17434931,T&Z VENDING LTD,2026-09-02,active,ltd,46190,"Eastlands, Eastlands Road, Driffield, YO25 9LD, United Kingdom"
17435025,MURCABS LTD,2026-09-03,active,ltd,49320,"Centurion House, London Road, Staines-Upon-Thames, TW18 4AX, United Kingdom"
17435024,NAGRAX LTD,2026-09-03,active,ltd,47910,"95 Fairlop Road, London, E11 1BE, England"
17435187,NASORI INTERNATIONAL LIMITED,2026-09-03,active,ltd,46900;47910,"Initial Business Centre, Unit 7 Wilsons Business Park, Manchester, M40 8WN, United Kingdom"
17435190,WESTMINSTER LAW BLACKBURN LTD,2026-09-03,active,ltd,69109,"Wellesley House, 204 London Road, Waterlooville, Hampshire, PO7 7AN, United Kingdom"
17435194,PORTAL DIGITAL LIMITED,2026-09-03,active,ltd,62012,"37 Martin Bank Wood, Almondbury, Huddersfield, HD5 8LJ, England"
17435184,SECURE FAST 24 LTD,2026-09-03,active,ltd,33190,"14 Barleyfield Close, Selby, YO8 8GW, England"
17435183,ORPWOOD PSYCHOLOGY LTD,2026-09-03,active,ltd,74909;86900,"First Floor Swan Buildings, 20 Swan Street, Manchester, M4 5JW, United Kingdom"
17435180,STRATELO LIMITED,2026-09-03,active,ltd,71122,"Llechwedderi Uchaf, Llanwnnen, Lampeter, SA48 7LF, Wales"
17435178,TOP STONE ASSETS LTD,2026-09-03,active,ltd,68209,"The Watermark,, 9 Ribbleton Lane, Preston, PR1 5EZ, England"
17435185,BUCKSHOT & BARREL LTD,2026-09-03,active,ltd,56103;56302,"71-75 Shelton Street, Covent Garden, London, WC2H 9JQ, United Kingdom"
17435182,HQ DIGITAL MEDIA LTD,2026-09-03,active,ltd,96090,"The Mynd, Llanfair Road, Abergele, LL22 8DH, United Kingdom"
17435196,MIRANAB UK LTD,2026-09-03,active,ltd,47910,"30 Tate Road, London, E16 2HJ, England"
17435261,DCI CONSTRUCTION GROUP LTD,2026-09-03,active,ltd,41201;41202;43390;43999,"71-75 Shelton Street, Covent Garden, London, WC2H 9JQ, United Kingdom"
17435254,REV DR IO SMITH FOUNDATION CIC,2026-09-03,active,private-limited-guarant-nsc,94910,"35 Antigua Way, Bletchley, Milton Keynes, MK3 5GF, England"
17435256,VIGN & CAVENDISH LTD,2026-09-03,active,ltd,46900;47910,"71-75 Shelton Street, Covent Garden, London, WC2H 9JQ, United Kingdom"
17435252,KENMORE BLUE LTD,2026-09-03,active,ltd,68209,"235 Foxhall Road, Ipswich, IP3 8LF, England"
17435259,IMR INTERNATIONAL LTD,2026-09-03,active,ltd,47910,"7 Ferndale Road, Luton, LU1 1PF, United Kingdom"
17435267,WIRRAL TCG LTD,2026-09-03,active,ltd,47650,"71-75 Shelton Street, Covent Garden, London, WC2H 9JQ, United Kingdom"
17435255,SUNNYHILL RESIDENTIAL CARE LTD,2026-09-03,active,ltd,87200;87900,"2a Connaught Avenue, London, E4 7AA, United Kingdom"
17435433,BLUE MOTH LIVE LIMITED,2026-09-03,active,ltd,77291;90020,"Salisbury House, Station Road, Cambridge, CB1 2LA, United Kingdom"
17435448,ALKEN SYSTEMS EOT LIMITED,2026-09-03,active,private-limited-guarant-nsc,94110,"Alken Systems Ltd, Unit 3 Thornsett Trading Estate, Birch Vale, High Peak, Derbyshire, SK22 1AH, United Kingdom"
17435424,HENRIQUE MENDES LTD,2026-09-03,active,ltd,47910,"71-75 Shelton Street, Covent Garden, London, WC2H 9JQ, United Kingdom"
17435423,SAHABAT INTERNATIONAL LTD,2026-09-03,active,private-limited-guarant-nsc,70229;82990;85590;94990,"71-75 Shelton Street, Covent Garden, London, WC2H 9JQ, United Kingdom"
SC901376,CONNECTED POWER GROUP LTD,2026-09-03,active,ltd,43210,"4 Commonwealth Drive, Troon, KA10 7FB, Scotland"
17435418,BALDEH PROPERTIES LTD,2026-09-03,active,ltd,68320,"66 Paul Street, London, England, EC2A 4NA, United Kingdom"
17435417,SAVASSI LIMITED,2026-09-03,active,ltd,59112;62012;63120;63990,"71-75 Shelton Street, Covent Garden, London, WC2H 9JQ, United Kingdom"
17435443,CON-NECT SECURITY SERVICES LTD,2026-09-03,active,ltd,82990,"4 Templegate Close, Leeds, LS15 0PJ, England"
17435430,MAIDSTONE NOODLE BAR LTD,2026-09-03,active,ltd,56102,"25 St Francis Close, Maidstone, ME14 2TQ, England"
17435437,GHOSTED RECORDS LIMITED,2026-09-03,active,ltd,59200;74100;74909;90030,"3 Wyvern Way, Poulton-Le-Fylde, FY6 7LR, England"
17435427,MIGAJIA LTD,2026-09-03,active,ltd,49320,"128 City Road, London, EC1V 2NX, United Kingdom"
17435426,DGS DENT LIMITED,2026-09-03,active,ltd,86230,"1a City Gate, 185 Dyke Road, Hove, BN3 1TL, United Kingdom"
17435675,SOUTH DEVON POTTERY MUSEUM CIC,2026-09-03,active,private-limited-guarant-nsc,56102;91020,"51b St. Margarets Road, Torquay, Devon, TQ1 4NU, England"
SC901383,HH FLEET SUPPORT LIMITED,2026-09-03,active,ltd,49390,"191 Station Road, Shotts, ML7 4BA, Scotland"
17435674,MCVEY MANAGEMENT LTD,2026-09-03,active,ltd,70229,"11 Rosefield Road, Liverpool, L25 8TE, United Kingdom"
17435685,ELLITE EXPRESS LTD,2026-09-03,active,ltd,52103,"176 Whiteway Road, Bristol, BS5 7RP, England"
17435679,STONY CUSTOMS & SALES LIMITED,2026-09-03,active,ltd,45200,"111-113 High St, Evesham, Worcestershire, WR11 4XP, United Kingdom"
17435833,AMS INTERIORS BEDS LTD,2026-09-03,active,ltd,31030;31090,"16 Dirkhill Street, Bradford, BD7 3BB, England"
SC901391,MLP LTD,2026-09-03,active,ltd,68100;68209,"1 Cambuslang Court, Cambuslang, Glasgow, Strathclyde, G32 8FH, United Kingdom"
17435832,AMFAH SOLICITORS LTD,2026-09-03,active,ltd,69102,"Aura Business Centre, 412 Stretford Road, Manchester, M15 4AE, England"
17435846,INTACT UK LENDING LIMITED,2026-09-03,active,ltd,64209,"22 Bishopsgate, London, EC2N 4BQ, England"
SC901392,REDANDBLUE1516 LTD,2026-09-03,active,ltd,47910,"100b Darwin Street, Livingston, EH54 5EY, United Kingdom"
17435854,CH PRIVATE HIRE LTD,2026-09-03,active,ltd,49320,"82 Merchants Way, Canterbury, CT2 8PN, United Kingdom"
NI743477,DERRYWARE LIMITED,2026-09-03,active,ltd,68100;68209,"68 Curragh Road, Dungiven, Londonderry, BT47 4QJ, Northern Ireland"
17436024,ADV CHEM UK LTD,2026-09-03,active,ltd,46750,"10 Dunsley Avenue, Manchester, M40 3NB, England"
17436023,LYMEHURST GROUP LTD,2026-09-03,active,ltd,99999,"167-169 Great Portland Street, London, W1W 5PF, England"
17436022,JULIET DELTA DELTA LIMITED,2026-09-03,active,ltd,68100,"12 Mead Crescent, Dartford, DA1 2SH, England"
17436002,LONGFORD PUBLISHING LTD,2026-09-03,active,ltd,58110;58141;58190,"Initial Business Centre, Unit 7 Wilsons Business Park, Manchester, M40 8WN, United Kingdom"
17436018,AMC TECH SOLUTIONS LTD,2026-09-03,active,ltd,82990,"Flat 11, Tudor Court, Kingsway Gardens, Andover, SP10 4DX, United Kingdom"
17436019,CAR-TISM LTD,2026-09-03,active,ltd,45190,"85 Marion Crescent, Maidstone, ME15 7EH, United Kingdom"
SC901435,KER GROUP HOLDINGS LTD,2026-09-03,active,ltd,64209,"2/3 48 West George Street, Glasgow, G2 1BP, Scotland"
17436014,YMK AUTOS LTD,2026-09-03,active,ltd,43210;45200,"157 Shaftmoor Lane, Birmingham, B28 8SN, England"
17436010,PROALLOCATE LTD,2026-09-03,active,ltd,63110;63120;63990;70229,"66 Paul Street, London, EC2A 4NA, England"
SC901426,BEAR AND POP LTD,2026-09-03,active,ltd,82301,"1/3, 24 Ratho Drive, Glasgow, G21 1NA, United Kingdom"
17436217,EMPIRE TRAVEL LEI LTD,2026-09-03,active,ltd,79110,"C/O Ywc Llp 1st Floor Front, 36 Gerrard Street, London, W1D 5QA, England"
17436218,ENO CARE SERVICES LIMITED,2026-09-03,active,ltd,78200,"15 Chipstead Road, Erith, Kent, DA8 3HT, England"
17436220,FLEET VAN RENTAL LTD,2026-09-03,active,ltd,77110,"Unit 27 New Firms Centre, Fairground Way, Walsall, West Midlands, WS1 4NU, United Kingdom"
17436216,SITEDOX LTD,2026-09-03,active,ltd,43999;58290;62012;74902,"54 St. Georges Road, Redditch, B98 8ED, England"
SC901456,CAIRNRYAN INITIATIVE LIMITED,2026-09-03,active,private-limited-guarant-nsc,68209,"27 High Park Avenue, Stranraer, DG9 0DE, United Kingdom"
17436214,SADHAURA FAMILY LIMITED,2026-09-03,active,ltd,68100,"4 Brendon Court, St. Marys Avenue North, Southall, UB2 4LZ, England"
17436393,K KAUR HOLDINGS LTD,2026-09-03,active,ltd,47730,"19 Sandringham Road, Birmingham, B42 1PU, England"
17436404,FAT CARP SOCIALS LTD,2026-09-03,active,ltd,79120;79901,"14a Albany Road, Weymouth, Dorset, DT4 9TH, United Kingdom"
17436398,WILKINS DEVELOPMENTS 1934 LIMITED,2026-09-03,active,ltd,68100;68209,"1a Kidbrooke Park Road, London, SE3 0LR, England"
17436400,IMPERIAL FEAST SOUTH LTD,2026-09-03,active,ltd,56101,"King's House, 1a King's Road,, London, SW19 8PL, England"
SC901501,D & G LOUNGE GLASGOW LIMITED,2026-09-03,active,ltd,96020,". C/O Mcgowan & Co, 1379 Gallowgate, Glasgow, G31 4EX, United Kingdom"
17436770,FR HOSPITALITY LTD,2026-09-03,active,ltd,70229;79909;82990;96090,"124 City Road, London, EC1V 2NX, England"
17436773,GC FUTURES BUILD LTD,2026-09-03,active,ltd,41201;41202;43390;78200,"Apartment 7 Delius, Woodlands Village, Wakefield, WF1 5LR, England"
17436766,GRANTED NE LTD,2026-09-03,active,ltd,82990,"6 Hilda Street, Gateshead, NE8 1YB, United Kingdom"
17436767,RY RIGGING SERVICES LTD,2026-09-03,active,ltd,43290,"37 Avenue Road, Sutton, SM2 6JE, England"
17436762,CYDERM LIMITED,2026-09-03,active,ltd,86220,"Normanby Gateway, Lysaghts Way, Scunthorpe, DN15 9YG, United Kingdom"
17436775,SYNTRA GROUP HOLDINGS LTD,2026-09-03,active,ltd,64209,"424 Margate Road, Ramsgate, Kent, CT12 6SJ, England"
NI743491,L2 VALIDATION SOLUTIONS LTD,2026-09-03,active,ltd,62020,"20 Moss View, Waringstown, Craigavon, BT66 7LL, Northern Ireland"
17436898,WEDNESDAY RETAIL UK LIMITED,2026-09-03,active,ltd,46900;47110,"50 Charles Street, Leicester, LE1 1FB, United Kingdom"
17436904,CAPO CONSULTING GROUP LTD,2026-09-03,active,ltd,70229;85590,"Unit 11c Windmill Industrial Estate, Windmill, Fowey, PL23 1HB, England"
17436891,CERTRIUM LTD,2026-09-03,active,ltd,62090,"Flat 2 Tenby House Bishops Close, Whitchurch, Cardiff, CF14 1NG, United Kingdom"
17437041,KEBAB PIZZA & SHAKE LIMITED,2026-09-03,active,ltd,56103,"3 Rosemary Road, Walsall, WS6 7DY, England"
17437040,AZARIA HOMES LTD,2026-09-03,active,ltd,43341;71111;71112;96090,"30 Wimborne Drive, Coventry, CV2 2HZ, England"
17434771,IDE COMMERCIAL CONSULTING LTD,2026-09-02,active,ltd,74909,"78 Wembley Park Drive, Wembley, HA9 8HB, England"
17437048,AZP INTERNATIONAL LTD,2026-09-03,active,ltd,47890,"2nd Floor, 255-259 Commercial Rd,, London, E1 2BT, United Kingdom"
17437046,CN PRACTICE AND EDUCATION LTD,2026-09-03,active,ltd,85590;96020,"13 Cairnsmore Avenue, Preston, PR1 4UN, England"
17437043,G D S CONSTRUCTION ESSEX LTD,2026-09-03,active,ltd,41201;41202,"180 Bentry Road, Dagenham, RM8 3PT, England"
17437047,HIMATREH LTD,2026-09-03,active,ltd,47910,"57 Sunnyside Road, Ilford, IG1 1HX, United Kingdom"
SC901526,MAPTECH AUTOMOTIVE LIMITED,2026-09-03,active,ltd,45112,"386 Gorgie Road, Edinburgh, EH11 2RQ, Scotland"
SC901525,FB WIND SOLUTIONS LTD,2026-09-03,active,ltd,33120,"14 Greystane Terrace, Invergowrie, Dundee, DD2 5RH, Scotland"
17437309,CLEAN PROMAX LIMITED,2026-09-04,active,private-limited-guarant-nsc,20412;46440;81210;96010,"Apartment 1 Fairfield Apartments 28 Guardsman Tony Downes Way, Droylsden, Manchester, M43 6SP, England"
17437312,AVICENNA CONSULTANCY LTD,2026-09-04,active,ltd,46450;70229,"66 Paul Street, London, England, EC2A 4NA, United Kingdom"
17437351,EIR HEALTH & WELLNESS CLINIC LTD,2026-09-04,active,ltd,86210,"2 Laurel Cottages Bonds Corner, Grundisburgh, Woodbridge, IP13 6RT, England"
17437353,SEWELL&YATES CHILDREN HOMES CONSULTANTS LTD,2026-09-04,active,ltd,70229,"50 Bryn Road, Ashton-In-Makerfield, Wigan, WN4 0AA, England"
17437345,ARTWORLDBRIEF LTD,2026-09-04,active,ltd,62090,"128 Aldersgate Street, Suite 118, London, EC1A 4AE, United Kingdom"
17437370,PAVI VENTURE LTD,2026-09-04,active,ltd,56102;56103,"Flat 131, 61, Hylyfe Vanquish Mill Great Central Street, Leicester, LE1 4JT, United Kingdom"
17437371,CODECUE TECHNOLOGIES LTD,2026-09-04,active,ltd,62012;62020;62090;63120,"195-197 Wood Street, London, E17 3NU, United Kingdom"
17437374,UNWHU TECHNOLOGIES LTD,2026-09-04,active,ltd,63120;81222,"124 City Road, London, EC1V 2NX, United Kingdom"
17437357,ANDREW EVERSON LIMITED,2026-09-04,active,ltd,52243,"1 Forge Hill Lane, Knottingley, WF11 8HH, United Kingdom"
17437559,ZABU LTD,2026-09-04,active,ltd,47910,"Suite 11180 5 Brayford Square, London, E1 0SG, United Kingdom"
17437608,MAHER CONVENIENCE STORE LTD,2026-09-04,active,ltd,47110,"67 Uppingham Road, Leicester, LE5 3TB, England"
17437583,ABIMEC HEALTHCARE LTD,2026-09-04,active,ltd,86900,"9 Townend Avenue, Rotherham, S65 4GB, England"
17437611,SUBTITLED FILMS LTD,2026-09-04,active,ltd,59113,"1 Church Lane, Leeds, LS17 9LJ, United Kingdom"
17437602,LAUCONN LTD,2026-09-04,active,ltd,62012,"26 Pound Road, Stockbridge, SO20 8JT, United Kingdom"
SC901546,ANEXTNEST LTD,2026-09-04,active,ltd,47910,"3 Weavers Row, Aberdeen, AB16 7HB, United Kingdom"
17437554,TRAVELBETTYSBOUTIQUE LIMITED,2026-09-04,active,ltd,90030,"68 Smallshaw Lane, Ashton-Under-Lyne, OL6 8PX, England"
17437592,ABDI BEDEL LABS LTD,2026-09-04,active,ltd,58290;62012;62020;70229,"99 Coldharbour Lane, Hayes, UB3 3EF, United Kingdom"
17437595,BOUNTIFUL BITES LIMITED,2026-09-04,active,ltd,56102;56103,"359 Hitchin Road, Luton, LU2 7SW, England"
17437594,CHANGE HOSPITALITY HAMPSHIRE LTD,2026-09-04,active,ltd,78109,"51 Liss Road, Southsea, Portsmouth, PO4 8AS, United Kingdom"
17437587,MEDI HOLDINGS GROUP LTD,2026-09-04,active,ltd,64209,"1 Kings Avenue, Winchmore Hill, London, N21 3NA, United Kingdom"
17437586,VISION INCUBATOR LTD,2026-09-04,active,ltd,62012;70229;74100;82990,"82, Suite A James Carter Road, Mildenhall, IP287DE, United Kingdom"
17437578,AM WELDING LTD,2026-09-04,active,ltd,82990,"320 Firecrest Court, Warrington, WA1 1RG, United Kingdom"
17437579,OCEANWAY TYRES LTD,2026-09-04,active,ltd,45200;45320,"Unit 1b Guest Road, Cardiff, South Glamorgan, CF24 5JS, United Kingdom"
17437548,KFYD LTD,2026-09-04,active,ltd,69201,"Unit 3a Evolutions, Wynyard Business Park, Billingham, Cleveland, TS22 5TB, England"
17437557,REBEL ROOFING AND BUILDING LTD,2026-09-04,active,ltd,43910,"128 City Road, London, EC1V 2NX, United Kingdom"
17437591,HAPPY SOUL ACADEMY LTD,2026-09-04,active,ltd,86900;96040;96090,"Systems House Rhs Office 4, 1st Floor, 5 Horndon Industrial Park, West Horndon, CM13 3XL, United Kingdom"
17437675,HOLISTIC GATESWAYS LIMITED,2026-09-04,active,ltd,96020,"5 Maskill Close, Castleford, WF10 5UY, England"
17437676,SHADOW & SPECTRE LTD,2026-09-04,active,ltd,99999,"Dept 2, 43 Owston Road, Carcroft, Doncaster, DN6 8DA, England"
17437628,MORRO LABS LTD,2026-09-04,active,ltd,78109,"The Coach House, Powell Road, Buckhurst Hill, IG9 5RD, England"
17437627,CONSULTING LINCOLNSHIRE LIMITED,2026-09-04,active,ltd,74909,"38 Bursar Street, Cleethorpes, Lincolnshire, DN35 8DR, England"
17437630,COGNI STRIDE LTD,2026-09-04,active,ltd,46900;47190,"128 City Road, London, EC1V 2NX, United Kingdom"
17437631,RENOA GROUP LIMITED,2026-09-04,active,ltd,55100;68310;68320,"71-75 Shelton Street, Covent Garden, London, WC2H 9JQ, United Kingdom"
17437636,FHS7 LIMITED,2026-09-04,active,ltd,47910,"71-75 Shelton Street, Covent Garden, London, WC2H 9JQ, United Kingdom"
17438511,JO ELIZABETH BEAUTY LTD,2026-09-04,active,ltd,96020,"Flat 1 Carna Court 81a Bell Street, Reigate, RH2 7AN, England"
17438558,TRADEALL ROOFING & BUILDING LTD,2026-09-04,active,ltd,43910,"413-415 Charminster Road, Bournemouth, BH8 9QT, England"
17438560,INSPIRED2PARTY LTD,2026-09-04,active,ltd,90010,"60 Blackthorn Croft, Clayton-Le-Woods, Chorley, PR6 7TZ, England"
17438561,AUTAROTA LTD,2026-09-04,active,ltd,62012,"71-75 Shelton Street, Covent Garden, London, WC2H 9JQ, United Kingdom"
17438564,GOLDEN RONG LTD,2026-09-04,active,ltd,46420;46520;46900,"Office 21101, 182-184 High Street North, East Ham, London, E6 2JA, England"
17438556,THIRD WAVE INNOVATIONS LTD,2026-09-04,active,ltd,62090,"71-75 Shelton Street, Covent Garden, London, WC2H 9JQ, United Kingdom"
17438563,AURORA ASCEND COLLECTIVE LTD,2026-09-04,active,ltd,47910;58110;58190;85590,"71-75 Shelton Street, Covent Garden, London, WC2H 9JQ, United Kingdom"
17438562,PUFFYN ONE LTD,2026-09-04,active,ltd,62012,"The Beeches, Stubbs Wood, Amersham, HP6 6EY, United Kingdom"
17438543,D24P LTD,2026-09-04,active,ltd,70229,"11 Bancroft, Hitchin, SG5 1JQ, England"
SC901592,ANUDE RETAIL LTD,2026-09-04,active,ltd,47910,"5 Rubislaw Terrace, Aberdeen, AB10 1XE, Scotland"
17438545,ARAK FAMILY INVESTMENT LIMITED,2026-09-04,active,ltd,64209,"34 Kendrick Road, Slough, Berkshire, SL3 7PQ, England"
17438544,ROCKHOUSE PROPERTY GROUP LTD,2026-09-04,active,ltd,68310;68320,"71-75 Shelton Street, Covent Garden, London, WC2H 9JQ, United Kingdom"
17438554,REVIVE CARS LTD,2026-09-04,active,ltd,45200,"Brompton House, Brompton Street, Oldham, OL4 1AG, England"
17438549,IRON AND IVY LIMITED,2026-09-04,active,ltd,47990,"Units 1 & 2 Field View Baynards Business Park, Baynards Green, Bicester, Oxfordshire, OX27 7SG, United Kingdom"
17438537,AK1403 TRADES LIMITED,2026-09-04,active,ltd,47910,"538 Green Lane, Ilford, IG3 9LL, United Kingdom"
17438539,"UK VIRGIN NEW BIOTECH CO., LTD",2026-09-04,active,ltd,08910;20150;20200;47760,"Suite 302 4 Station Square, Cambridge, CB1 2GE, United Kingdom"
SC901590,WESTVALE TRADING LTD,2026-09-04,active,ltd,47910,"27 Castleview Place, Kintore, Inverurie, AB51 0SS, Scotland"
SC901589,NORTH CALEDONIAN ROOFING LTD,2026-09-04,active,ltd,43910,"18 Drumdevan Road, Inverness, IV2 4DB, Scotland"
17438525,K & G BUILDING SOLUTIONS LTD,2026-09-04,active,ltd,43999,"71-75 Shelton Street, Covent Garden, London, WC2H 9JQ, United Kingdom"
17438533,FUTURE APPS LTD,2026-09-04,active,ltd,58290;62012,"Unit 82a James Carter Road, Mildenhall, Bury St. Edmunds, IP28 7DE, England"
17438532,KIC PROPERTIES LTD,2026-09-04,active,ltd,68209,"6 Studley Close, East Morton, Keighley, BD20 5TW, England"
17438529,A B DIGITAL SOFTWARE LTD,2026-09-04,active,ltd,71129,"22 Chinley Avenue, Manchester, M40 9HT, United Kingdom"
17438541,DIGITALLERGY LTD,2026-09-04,active,ltd,86900,"16 Bennett Drive, Banbury, OX16 1HX, England"
17439057,KT-BEAU LTD,2026-09-04,active,ltd,47910,"Bartle House, 9 Oxford Court, Manchester, M2 3WQ, England"
17439058,TRUELEDGER RIGHTS LTD,2026-09-04,active,ltd,74909,"70 Mark Lane, London, EC3R 7NQ, United Kingdom"
17439065,BETHUNE (UK) LTD,2026-09-04,active,ltd,68100;68209,"15 Monk Bar Court, York, YO1 7LH, United Kingdom"
17439063,AJP GLOBAL CONSULTING LTD,2026-09-04,active,ltd,70229,"The Courtyard, 33 Duke Street, Trowbridge, Wiltshire, BA14 8EA, United Kingdom"
17439052,CWTCH&CO LTD,2026-09-04,active,ltd,68100;68209,"Care Of Noble One Accountants 114 Ripplewaters, St Mary's Island, Chatham, Kent, ME4 3AY, England"
17439046,YOUR BIOLOGICAL PENSION POT LTD,2026-09-04,active,ltd,62012;62090;63110,"71-75 Shelton Street, Covent Garden, London, WC2H 9JQ, United Kingdom"
17439061,T&A BREWERY HOLDINGS LIMITED,2026-09-04,active,ltd,64209,"42 Grosvenor Place, North Shields, NE29 0NH, United Kingdom"
17439051,3PM SPORTS LTD,2026-09-04,active,ltd,62012,"63 Arncliffe Drive, Heelands, Milton Keynes, MK13 7LE, England"
17439056,ITC-AEROLEASING UK LIMITED,2026-09-04,active,ltd,46140;71122;77351;77352,"1 Chapel Street, Warwick, CV34 4HL, United Kingdom"
17439513,SUNNYSIDE RHOS ON SEA MANAGEMENT COMPANY LTD,2026-09-04,active,ltd,98000,"1 Riverview West End, Glan Conwy, Conwy, LL28 5SY, Wales"
17439506,THE IVORY’S CORNER LTD,2026-09-04,active,ltd,13300;14190;47910,"128 City Road, London, EC1V 2NX, United Kingdom"
17439510,ALIBI SQUARE LTD,2026-09-04,active,ltd,64209,"120 Bunns Lane, London, NW7 2AS, England"
17439515,MAV AND OAK LIMITED,2026-09-04,active,ltd,47250,"5 Westbrook Court, Sharrow Vale Road, Sheffield, South Yorkshire, S11 8YZ, England"
17439522,LIVENEST LTD,2026-09-04,active,ltd,47910,"840 Broad Lane, Coventry, CV5 7FF, England"
17439505,FORTIS ONE LIMITED,2026-09-04,active,ltd,41100,"2 Old Bath Road, Newbury, Berkshire, RG14 1QL, England"
17439525,PRIMENOVA GLOBAL LTD,2026-09-04,active,ltd,47990,"32 Kintyre Close, London, SW16 4SF, England"
17439526,ASSESS LEARNING LTD,2026-09-04,active,ltd,85590;85600,"187-193 Picton Road, Wavertree, Liverpool, L15 4LG, England"
SC901640,JAPCHAE LIMITED,2026-09-04,active,ltd,56101,"3 West Nile Street, Glasgow, G1 2PR, Scotland"
17439616,ADSRT LTD,2026-09-04,active,ltd,47421;47910;47990,"279 Whalley Old Road, Blackburn, BB1 5RS, United Kingdom"
17439624,KIPRA LTD,2026-09-04,active,ltd,47789;47799;47910,"10 Angel Row, Nottingham, Nottinghamshire, NG1 6HL, England"
17439622,DEBT TO SOC LTD,2026-09-04,active,ltd,70229,"14 High Street, Saffron Walden, Essex, CB10 1AY, England"
17439619,SIRIARAMK LTD,2026-09-04,active,ltd,96040,"27 Claverley Drive, Stirchley, Telford, TF3 1EU, England"
17439620,NUMBERLABS LTD,2026-09-04,active,ltd,62012,"Suite 11185 5 Brayford Square, London, E1 0SG, United Kingdom"
17439615,VALLEY 9D LTD,2026-09-04,active,ltd,56103,"2a Lichfield Street, Stone, ST15 8BB, England"
17439696,RS DECORATORS LIMITED,2026-09-04,active,ltd,41202;74100,"133 Regina Road, Southall, UB2 5PP, England"
17439692,FIRST LIFT LTD,2026-09-04,active,ltd,62012;62020,"7 Mallard Close, Twyford, Reading, RG10 0BE, England"
17439694,LISA STAR NAILS & BEAUTY LTD,2026-09-04,active,ltd,96020,"4 The Arcade, Hill Top, Knottingley, WF11 8EA, England"
17439700,TEACHING TO INSPIRE LTD.,2026-09-04,active,ltd,85600,"81 Maryland Avenue, Birmingham, B34 6EE, England"
17439702,QUIET HOURS STUDIO LTD,2026-09-04,active,ltd,62012,"71-75 Shelton Street, Covent Garden, London, WC2H 9JQ, United Kingdom"
17439710,YEMBE HEALTH LIMITED,2026-09-04,active,ltd,86101,"13 Jubilee Square, South Hetton, Durham, DH6 2TR, England"
17439709,ALEXANDRA CRT PORTSMOUTH LTD,2026-09-04,active,ltd,68209,"52 Osborne Road, Southsea, PO5 3LU, England"
17439771,ATTESTA LIMITED,2026-09-04,active,ltd,62012;63110,"71-75 Shelton Street, Covent Garden, London, WC2H 9JQ, United Kingdom"
17439773,DF BRANDING LTD,2026-09-04,active,ltd,47910,"71-75 Shelton Street, Covent Garden, London, WC2H 9JQ, United Kingdom"
17439779,HIH CLOTHING LTD,2026-09-04,active,ltd,47820,"85 Boston Road, London, W7 3SA, United Kingdom"
17439766,TREVONI LTD,2026-09-04,active,ltd,47710,"12 Weavers Close, Worsley, Manchester, M28 1PE, England"
17439784,TWOBLUEONERED LTD,2026-09-04,active,ltd,47910;62020;62090;94120,"28 Hanover Court Craven Way, Didcot, OX11 8NU, England"
17439872,INNSPIRED HOSPITALITY LTD,2026-09-04,active,ltd,56302,"The Globe, 22 Priest Row, Wells, Somerset, BA5 2PY, England"
17439880,CLIMATRADE LTD,2026-09-04,active,ltd,46740,"33 Hospital Road, Swinton, Manchester, M27 4EY, England"
17439882,ROBERT WALDEN & ASSOCIATES LTD,2026-09-04,active,ltd,74909,"Montgomery House ,, 35 Meadway, Esher, KT10 9HG, England"
17439871,SOURCE IT HERE LTD,2026-09-04,active,ltd,47910;47990;63120;96090,"3 Kingsdale Business Centre, Regina Road, Chelmsford, CM1 1PE, United Kingdom"
17439875,BRITMAC HOLDINGS LTD,2026-09-04,active,ltd,41100,"14 Treswell Park Outgang Road, Retford, DN22 0GF, United Kingdom"
17439876,PAREDE CONSULTING LTD,2026-09-04,active,ltd,62020,"7 Bell Yard, London, WC2A 2JR, England"
17440018,E-EXPERT LTD,2026-09-04,active,ltd,47910,"8 Luddington Road, Peterborough, PE4 6HH, England"
17440016,ALPINE PROPERTIES LONDON LTD,2026-09-04,active,ltd,68100;68209,"20 Hill Rise, Slough, SL3 8RB, England"
17440017,FTK PROPERTY GROUP LTD,2026-09-04,active,ltd,68100;68209,"64 Blenheim Road, Gloucester, GL1 4ER, England"
17440015,SURE COMPLIANCE LTD,2026-09-04,active,ltd,43290;43320;43999;71200,"21 Atherstone Road, Canvey Island, SS8 7DD, England"
17440019,FLOURISH BITES KITCHEN LIMITED,2026-09-04,active,ltd,56101;56102;56103,"Apartment 211 2 Masshouse Plaza, Birmingham, B5 5JE, England"
17440024,NOVARO COMMERCE LTD,2026-09-04,active,ltd,47990,"23a Longsight, Bolton, BL2 3HS, England"
17440023,BIM ONE LIMITED,2026-09-04,active,ltd,71129,"26 Winslow Avenue, Mottram, Hyde, SK14 6PX, England"
17440026,MOS PROPERTIES MANCHESTER LIMITED,2026-09-04,active,ltd,68100;68209,"189 Mauldeth Road, Manchester, M19 1BA, England"
17440030,WESTBRIDGE PROCUREMENT LTD,2026-09-04,active,ltd,46190;46900,"81 Akron Drive, Wolverhampton, WV10 6EQ, England"
17440141,SCROLLBUY LIMITED,2026-09-05,active,ltd,47910,"1 Cedar Office Park Cobham Road, Ferndown Industrial Estate, Wimborne, BH21 7SB, England"
17440127,OPPORTUNITY WORX LTD,2026-09-04,active,ltd,85590,"16 Fountains Road, Ipswich, IP2 9ES, England"
17440135,FILZA TRADERS LTD,2026-09-04,active,ltd,47910,"60 Estcourt Terrace, Leeds, LS6 3EY, England"
17440321,J GILL HOLDINGS LIMITED,2026-09-05,active,ltd,64209,"134 Aspire Way, Staveley, Chesterfield, S43 3WF, England"
17440322,NB SPA LTD,2026-09-05,active,ltd,96020,"2 State Parade High Street, Barkingside, Ilford, Essex, IG6 2EY, England"
17440319,GLOBAL VA SUPPORT LTD,2026-09-05,active,ltd,82110,"167 - 169 Great Portland Street, 5th Floor, London, W1W 5PF, England"
17440323,GOLDEN GEAR GLOBAL LTD,2026-09-05,active,ltd,46900;47190,"Unit 7 Initial Business Centre, Wilson Business Park, Manchester, M40 8WN, United Kingdom"
17440327,JKR MOTORS LIMITED,2026-09-05,active,ltd,45112;45200,"56 London Road, Northfleet, Gravesend, DA11 9LF, England"
17440336,STONEKEEN LTD,2026-09-05,active,ltd,74990,"39e Mansfield Road, Ilford, IG1 3BB, England"
17440329,AVALON GLOBAL ENTERPRISES LIMITED,2026-09-05,active,ltd,64203,"Dept 7042, 126 East Ferry Road, Canary Wharf, London, E14 9FP, United Kingdom"
17440316,DETENT TECHNOLOGY GROUP LTD,2026-09-05,active,ltd,58290;62012;63110,"2 Whittle Court, Knowlhill, Milton Keynes, MK5 8FT, England"
17440338,EDDY NEW LTD,2026-09-05,active,ltd,46900;62012;70229;73110,"71-75 Shelton Street, Covent Garden, London, WC2H 9JQ, United Kingdom"
17440347,AQUILA AI LIMITED,2026-09-05,active,ltd,62090,"28 Yeldham Road, London, W6 8JE, England"
17440492,NEWAVE ELECTRICAL CONTRACTORS LTD,2026-09-05,active,ltd,43210,"29 Fleet Road, Rochester, ME1 2QB, England"
17440495,EFJABB GROUP LTD,2026-09-05,active,ltd,81210;81229,"66 Paul Street, London, England, EC2A 4NA, United Kingdom"
17440491,OUCOST SET LIMITED,2026-09-05,active,ltd,47910,"2 Wayside Aston Cross, Tewkesbury, GL20 8HL, England"
17440477,TCG HAMSTER LTD,2026-09-05,active,ltd,47910,"9 Twinners Road, Coulsdon, CR5 3LS, England"
17440476,AEMMA-A LTD,2026-09-05,active,ltd,49410;53202,"Flat 2 Fortescue Road, Paignton, TQ3 2BZ, United Kingdom"
17440480,TIDY WORLD HOLDINGS LIMITED,2026-09-05,active,ltd,64209,"1 Bridge View Office Park, Henry Boot Way, Hull, HU4 7DW, United Kingdom"
17440483,BUMPS & BEYOND LTD,2026-09-05,active,private-limited-guarant-nsc,86900,"Bumps & Beyond Ltd, West Street, Stamford, PE9 2PR, United Kingdom"
17440498,HONEY BEAR BAKES LTD,2026-09-05,active,ltd,10710;10720;46360,"31 Cricks Road, West Row, Bury St. Edmunds, IP28 8PQ, United Kingdom"
17440502,KIRRIKUO LTD,2026-09-05,active,ltd,47910,"19 Lina House Strafford Road, London, W3 8ZP, United Kingdom"
17440845,HOA LTD,2026-09-05,active,ltd,96020,"Dns House, 382 Kenton Road, Harrow, Greater London, HA3 8DP, United Kingdom"
17440844,GG-358-018 LIMITED,2026-09-05,active,ltd,68209,"1 Lyric Square, London, W6 0NB, England"
17440846,GREENHALGH HOLDINGS LIMITED,2026-09-05,active,ltd,64209,"14 London Road, Newark, Nottinghamshire, NG24 1TW, England"
17440878,HEROSTUDIO LTD,2026-09-05,active,ltd,82990,"White Building 1-4 Cumberland Place, Southampton, SO15 2NP, United Kingdom"
17440861,ALAN OUTTEN LTD,2026-09-05,active,ltd,52290,"Flat 9, 109, Kingswood Lodge Kingswood Chase, Leigh-On-Sea, SS9 3BE, United Kingdom"
17440862,KOVAC TRADING LTD,2026-09-05,active,ltd,45190;45200;45310;45320,"23a The Precinct, London Road, Waterlooville, Hampshire, PO7 7DT, United Kingdom"
17440859,RELEVIO LIMITED,2026-09-05,active,ltd,62012;62020;63110,"6 Park View, Sydney Road, Haywards Heath, RH16 1DF, England"
17440841,GREENBUDDYGOLF LTD,2026-09-05,active,ltd,47910,"29a Herbert Street, Abertawe, SA8 4EB, United Kingdom"
17440839,DANCE ENVY PRODUCTIONS LIMITED,2026-09-05,active,ltd,90020,"56 London Road, Gillingham, ME8 6YX, England"
17440852,TA MCR LTD,2026-09-05,active,ltd,68100;68209,"158 Cromwell Road, Salford, Greater Manchester, M6 6DE, England"
17440850,TREXOVIA TECHNOLOGIES LTD,2026-09-05,active,ltd,58110;58290;62020;62030,"128 City Road, London, EC1V 2NX, United Kingdom"
17440882,SURREY HILLS HOSPITALITY LTD,2026-09-05,active,ltd,70229,"Benbow Stables Trap Lane, Ockley, Dorking, Surrey, RH5 5QX, United Kingdom"
17440870,LAWTON & HOGTON PROPERTY GROUP LTD,2026-09-05,active,ltd,41100;68100,"Moor Park House Bawtry Road, Wickersley, Rotherham, S66 2BL, England"
17440865,GOPI TULASI TECHNOLOGIES LIMITED,2026-09-05,active,ltd,62020,"Flat 15 Eastworth Quarter, Chertsey, Surrey, KT16 8FJ, United Kingdom"
17440842,MIK CAPITAL LIMITED,2026-09-05,active,ltd,64209,"14 Shirley Avenue, Leicester, LE2 3NA, England"
17440953,MUSTARD AND VINE LTD,2026-09-05,active,ltd,47781,"18 Fore Street, Kingsbridge, TQ7 1NY, United Kingdom"
17440954,LBX ELECTRICAL SERVICES LTD,2026-09-05,active,ltd,33140;43210;71122,"82a James Carter Road, Mildenhall, Bury St. Edmunds, IP28 7DE, England"
17440972,FIONA AARON PROJECT MANAGEMENT CONSULTING LTD,2026-09-05,active,ltd,70229,"28 Greenfields Crescent, Wigan, WN4 8QZ, United Kingdom"
17440973,SHREE GANESH JEWELLERIES LIMITED,2026-09-05,active,ltd,47770,"Unit 7 202 Ealing Road, Wembley, HA0 4QG, England"
17440952,FRIEND-JAMES ADVISORY LIMITED,2026-09-05,active,ltd,69201,"4th Floor, Park Gate, 161-163 Preston Road, Brighton, East Sussex, BN1 6AF, England"
17440955,CU-RT LTD,2026-09-05,active,ltd,58290,"25 Sika Gardens, Enfield, EN2 8GP, United Kingdom"
17440949,UNILEVER IRELAND LIMITED,2026-09-05,active,ltd,47910,"Apartment 30 Drew House, 21 Wharf Street, London, SE8 3GG, England"
17440958,CHADWICH LETTINGS LIMITED,2026-09-05,active,ltd,68209,"Chadwich Grange, Chadwich, Bromsgrove, B61 0QH, England"
17440967,SENATE SAFETY LIMITED,2026-09-05,active,ltd,70229,"12 Burnet Court, Coxheath, Maidstone, ME17 4UB, England"
17440961,DULCE PECADO FOOD LTD,2026-09-05,active,ltd,56101,"18 Lawrence Close, London, N15 4EL, England"
17441161,HCDBL GROUP LTD,2026-09-05,active,ltd,41100,"12 Fulford Grove, Watford, WD19 7QG, England"
17441163,JJ EXPRESS LONDON LTD,2026-09-05,active,ltd,47110,"4 Heather Park Drive, Wembley, HA0 1SL, England"
17441160,THE ALLERFORD LTD,2026-09-05,active,ltd,56302,"Goodwood House, Blackbrook Park Avenue, Taunton, Somerset, TA1 2PX, United Kingdom"
17441165,MADDAME LIMITED,2026-09-05,active,ltd,47240,"17 Hook Road, Chessington, KT9 1DR, England"
17441158,CLOSENORTHFM LTD,2026-09-05,active,ltd,99999,"327 Clifton Drive South, Lytham St. Annes, FY8 1HN, England"
17441159,PRIMUS PILUS CONSULTING LTD,2026-09-05,active,ltd,70229,"19 Lillymonte Drive, Rochester, ME1 3EX, United Kingdom"
17441180,GROVES INVESTMENTS LIMITED,2026-09-05,active,ltd,41100;41201;41202;43390,"24a High Street, Addlestone, Surrey, KT15 1TN, United Kingdom"
17441181,AMBER VALLEY COMMUNITY PROGRAMME CIC,2026-09-05,active,private-limited-guarant-nsc,85510,"8 Red Admiral Road, Worksop, S81 7TB, England"
17441191,GLEAM SQUAD LTD,2026-09-05,active,ltd,81210;81229,"167-169 Great Portland Street, London, W1W 5PF, England"
17441192,ARUMAV PROPERTY HOLDINGS LTD,2026-09-05,active,ltd,68209,"58 High Street, Pinner, HA5 5PZ, England"
17441170,CLEAN FLORA LTD,2026-09-05,active,ltd,96020,"349 High Road Leytonstone, London, E11 4JT, England"
17441166,OTIS MURDOCH GROUP LTD,2026-09-05,active,ltd,71111;71112;74100,"Ashbern, Jesmond Gardens, Newcastle Upon Tyne, NE2 2JN, United Kingdom"
17441171,VENTERS HOLDINGS LIMITED,2026-09-05,active,ltd,64209,"29 Mooney Crescent, Callerton, Newcastle Upon Tyne, NE5 1BX, United Kingdom"
17441184,SURREY ADULT SLT LTD,2026-09-05,active,ltd,86900,"4 Brook Cottages New Pond Road, Compton, Guildford, GU3 1HX, England"
17441187,FIJIANISTIC BOUTIQUE LTD,2026-09-05,active,ltd,32130;47710,"3, 3 Goodwin Road, Stoke-On-Trent, ST3 6BA, United Kingdom"
17441495,COVERDRIVE CRICKET CENTRE LTD,2026-09-05,active,ltd,93110,"Unit 6, Coverdrive Indoor Cricket Centre, Whitworth Street, Manchester, M112DW, United Kingdom"
17441499,CLEVER STORAGE KENT LTD,2026-09-05,active,ltd,16230;31090;43320,"69 Fairview Gardens, Sturry, Canterbury, CT2 0EL, England"
17441516,MOTO MERCH LTD,2026-09-05,active,ltd,47710,"7 Park Street, Abergavenny, NP7 5YB, Wales"
17441514,BINNY ESTATES LTD,2026-09-05,active,ltd,68100;68209,"15 Howards Road, Woking, GU22 9AP, United Kingdom"
17441517,CLICK NEW BUYS LTD,2026-09-05,active,ltd,47910,"Summit House, Summit Road, Potters Bar, EN6 3ER, England"
17441512,FIT-STAN APPAREL LIMITED,2026-09-05,active,ltd,46160;46420,"200 Mile End Road, London, E1 4LD, United Kingdom"
17441519,ZEZE TRANSPORT LTD,2026-09-05,active,ltd,49320;77110,"47 Avonvale Road, Bristol, BS5 9RN, England"
17441524,MARQCONIC LTD,2026-09-05,active,ltd,47990,"114 Chequer Road, Doncaster, DN1 2AW, United Kingdom"
17441525,DKATELIER LTD,2026-09-05,active,ltd,47910,"9 Court Close, Aylesbury, HP21 8BY, United Kingdom"
17441583,REGAL KNOTS LIMITED,2026-09-05,active,ltd,47530,"1 Marcourt Road, Stokenchurch, High Wycombe, HP14 3QX, England"
17441585,SHERI & SONS PROPERTIES LTD,2026-09-05,active,ltd,68100;68209,"20 Hansel Close, Peterborough, PE2 9SR, England"
17441587,BIOMETALLIX LIMITED,2026-09-05,active,ltd,19201;36000;38320;72110,"6 Broadhurst Street, Stoke-On-Trent, ST6 1EY, England"
17441582,L’ BEIRUT LTD,2026-09-05,active,ltd,10710;56102;56103,"29 Thornmarsh Close, Bristol, BS34 8AT, United Kingdom"
17441762,THOMPSON'S TRAVEL LTD,2026-09-06,active,ltd,52213,"Flat 6 Beeston House, Beeston Close, Prenton, CH43 9TY, United Kingdom"
17441759,IMNOSHI LIMITED,2026-09-06,active,ltd,62012;62090;63110,"Flat 18 Killick House, Crown Road, Sutton, SM1 1SA, England"
17441754,CEDE SERVICES LIMITED,2026-09-06,active,ltd,52290,"14 Wylie Road, Hoo, Rochester, ME3 9EE, England"
17441774,CYBA LTD,2026-09-06,active,ltd,43220;62020;86900,"32 Day's Lane, Biddenham, Bedford, MK40 4AE, England"
17441778,F9 PROJECT CONTROLS LTD,2026-09-06,active,ltd,70229,"27 Falkland Rise, Leeds, LS17 6JQ, England"
17441777,STEADYGEN LTD,2026-09-06,active,ltd,73110,"47 Norris Close, St. Albans, AL2 1UN, United Kingdom"
17441916,GOLDEN MOTORS NOTTINGHAM LTD,2026-09-06,active,ltd,45200,"Unit 22 Bar Lane, Industrial Estate, Nottingham, NG6 0JA, England"
17441915,99 HOST GROUP LIMITED,2026-09-06,active,ltd,47990,"5 The Glade, Stockport, SK4 2DR, England"
17441907,FIZIO LIMITED,2026-09-06,active,ltd,47190;86900,"129 Everingham Road, Sheffield, S5 7LE, England"
17441928,DAKOR PROJECTS LTD,2026-09-06,active,ltd,41201;41202;43390,"124-128 City Road, London, EC1V 2NX, England"
17441930,GO TRANSPORT & LOGISTICS LIMITED,2026-09-06,active,ltd,49410;77120;78200,"2 Preston Street, Sheffield, S8 0ZJ, England"
17441931,REMORDS LTD,2026-09-06,active,ltd,47910;74100,"3 Harwood New Road, Great Harwood, Blackburn, BB6 7TD, England"
17441932,TJ PHYSIO LTD,2026-09-06,active,ltd,86900,"13 Springfield Gardens, Morganstown, Cardiff, CF15 8LP, Wales"
SC901684,CALE MCKAY LTD,2026-09-06,active,ltd,68209,"5 Fintry Gardens, Bearsden, Glasgow, G61 4RJ, Scotland"
17441920,J & JB LOGISTICS LTD,2026-09-06,active,ltd,46410;47510;47820,"6 Popert Drive, Worcester, WR5 1SY, England"
17441919,ZA & SON TRADERS LTD,2026-09-06,active,ltd,45112;47421;47910,"40 Marlborough Road, Dagenham, RM8 2HU, England"
17442043,OH SORELLA AESTHETICS CLINIC LTD,2026-09-06,active,ltd,96020,"20 Highview Road, Telscombe Cliffs, Peacehaven, BN10 7AZ, England"
17442044,NICKI DESIGNS LTD,2026-09-06,active,ltd,74100,"3 Warren Yard, Wolverton Mill, Milton Keynes, MK12 5NW, England"
17442042,APU TRADING LIMITED,2026-09-06,active,ltd,62012,"10 Oakenwood, Great Bookham, Leatherhead, KT23 3EN, England"
17442049,HOUSING SOFTWARE LIMITED,2026-09-06,active,ltd,62012,"48 Holden Fold Lane, Royton, Oldham, OL2 5BY, England"
17442047,PLINK VALE GAMES CO LTD,2026-09-06,active,ltd,62012,"298 Carlton Road, Worksop, S81 7LW, England"
17442050,THE HOUR LDN LTD,2026-09-06,active,ltd,20420,"Flat 23, 180 High Street, London, E15 2FD, United Kingdom"
17442137,RUSSELL AND KHAN LTD,2026-09-07,active,ltd,47110;47190;47240,"9 Brewer Street, London, W1F 0RG, England"
17442138,SHAN ADVISORY LTD,2026-09-07,active,ltd,70229;74902,"Unit 4b Christchurch House Sir Thomas Longley Road, Medway City Estate, Rochester, ME2 4FX, England"
17442141,OCTANE MOTOR GROUP LTD,2026-09-07,active,ltd,45112,"79 Chestnut Avenue, Peterborough, PE1 4JA, England"
17442145,PRIMEDEALSHUBUK LTD,2026-09-07,active,ltd,47910,"26a Brighton Street, Bristol, BS2 8XA, England"
17436832,RHM HOMES LTD,2026-09-03,active,ltd,68100;68201,"59 The Chase, Watford, WD18 7JQ, United Kingdom"
17442134,DEVMALIK LTD,2026-09-07,active,ltd,53202,"24 Fyfield Road, Ongar, CM5 0AJ, England"
17442290,42 UPPER HALLIFORD ROAD SHEPPERTON LIMITED,2026-09-07,active,ltd,98000,"168 Church Road, Hove, BN32DL, United Kingdom"
17442286,CELORIS LTD,2026-09-07,active,ltd,74909,"71-75 Shelton Street, Covent Garden, London, WC2H 9JQ, United Kingdom"
17442291,VOLTX ARABIAN LIMITED,2026-09-07,active,ltd,35140;46180;46190;46510,"128 City Road, London, EC1V 2NX, United Kingdom"
17442292,KES 20 PROPERTIES LTD,2026-09-07,active,ltd,68209,"170 Scalby Road, Scarborough, YO12 6TB, England"
17442281,NEXORA INTEGRATED SOLUTIONS LTD,2026-09-07,active,ltd,46900,"Office 1751 85 Dunstall Hill, Wolverhampton, WV60SR, United Kingdom"
17442273,ZENAXO MOUNT LTD,2026-09-07,active,ltd,64209,"7 Highfield Crescent, Northwood, HA6 1EZ, United Kingdom"
17442499,CW HONEY LTD,2026-09-07,active,ltd,55209,"6 De La Haye Close, Papworth Everard, Cambridge, CB23 3UU, England"
17442498,KAELO BRAND LTD,2026-09-07,active,ltd,47910,"275 New North Road, London, N1 7AA, England"
17442471,LUXURY HOME AWAY FROM HOME LTD,2026-09-07,active,ltd,68100;68209,"10 Edgefield Close, Redditch, B98 7WB, England"
17442469,FORTILIS CONSEIL LTD,2026-09-07,active,ltd,82110;82190;85600;96090,"20 Wenlock Road, London, N1 7GU, England"
17442508,TBWC MIDLANDS LIMITED,2026-09-07,active,ltd,56102,"Mkn Accountants 521 Green Lane, Small Heath, Birmingham, B9 5PT, England"
17442494,STANLEY CONSORTIUM LTD,2026-09-07,active,ltd,47910,"Broadwater Farm, The Packhouse, Broadwater Road, West Malling, ME19 6HT, United Kingdom"
17442465,HAPPY EVERYDAY PROPERTIES LTD,2026-09-07,active,ltd,68100;68209,"Upper Flat, 91b Lausanne Road, London, SE15 2HY, United Kingdom"
17442478,LUCHIN LTD,2026-09-07,active,ltd,46420,"71-75 Shelton Street, Covent Garden, London, WC2H 9JQ, United Kingdom"
17442493,HOUSE 41 BAR AND GRILL LIMITED,2026-09-07,active,ltd,56101,"41 Queen Square, Wolverhampton, WV1 1TX, England"
17442489,HR LTD,2026-09-07,active,ltd,68100;68320,"98 Cannon Hill Road, Birmingham, B12 9NW, England"
17442699,SCRAP MAN LIMITED,2026-09-07,active,ltd,46770,"17 Thistlemoor Road, Peterborough, PE1 3HR, England"
17442696,VH SERVICES PROPETIES LTD,2026-09-07,active,ltd,41202,"5 West Road, Farnborough, GU14 8EZ, United Kingdom"
17442701,ADUSUMILLI LIMITED,2026-09-07,active,ltd,64209,"79 Middletons Lane, Norwich, Norfolk, NR6 5SR, United Kingdom"
17442703,OVAIQ LTD,2026-09-07,active,ltd,62012,"71-75 Shelton Street, Covent Garden, London, WC2H 9JQ, United Kingdom"
17442712,STEEDMAN BRICKLAYING SERVICES LTD,2026-09-07,active,ltd,41202,"3a Evolution Wynyard Business Park, Wynyard, Billingham, TS22 5TB, England"
17442732,K'S BREWS & BITES LTD,2026-09-07,active,ltd,56210,"41 Montrose Road, Leicester, LE2 8SL, England"
17442734,ADRIANO ACCOUNTANCY & ADVISORY LIMITED,2026-09-07,active,ltd,69201;69202;69203,"124 City Road, London, EC1V 2NX, United Kingdom"
17442727,PARADISO CANTERBURY LTD,2026-09-07,active,ltd,96020,"20a Lower Bridge Street, Canterbury, CT1 2LG, England"
17442736,VERISACTA LTD,2026-09-07,active,ltd,62012;70229,"5 Brayford Square, London, E1 0SG, England"
17442708,CLEAN THE UK LIMITED,2026-09-07,active,ltd,81210,"4 Downham Gardens, Ravenshead, Nottingham, NG15 9DF, England"
17442714,PLACE FISH BAR LTD,2026-09-07,active,ltd,56103,"266 Baldwins Lane, Birmingham, B28 0XB, England"
17442717,C6IX LIMITED,2026-09-07,active,ltd,62012;63120,"124 City Road, London, EC1V 2NX, England"
17442716,ALMA ALABASTER LTD,2026-09-07,active,ltd,46470,"30 Brindley Road, Manchester, M16 9HQ, United Kingdom"
17442993,SMG HOMES ONE LTD,2026-09-07,active,ltd,68209,"434, Unit 3 London Road, Grays, RM20 4BS, United Kingdom"
17442998,RIVERSIDE WINDOWS & DOORS LTD,2026-09-07,active,ltd,43342,"21 Darlington Avenue, Crewe, CW1 3NN, England"
17442994,HERBSGOLF LTD,2026-09-07,active,ltd,93199,"41 Parc Gilbertson, Abertawe, SA8 4PT, United Kingdom"
17442979,HSA&CO CONSTRUCTIONS LTD,2026-09-07,active,ltd,41201;41202,"194 Smithdown Road, Liverpool, L15 3JT, England"
17442986,CMI TRANSPORT LTD,2026-09-07,active,ltd,49410;53202,"35 Willesby Road, Spalding, PE11 2AX, England"
17442983,5WHEELS RECOVERY LTD,2026-09-07,active,ltd,45200;49410;52219,"181 Joyners Field, Harlow, CM18 7QD, England"
SC901734,SUPER SCOT LTD,2026-09-07,active,ltd,47110,"7a Crown Street, Aberdeen, AB11 6HA, Scotland"
17443000,SCOOP TECH LTD,2026-09-07,active,ltd,58290,"66 Paul Street, London, England, EC2A 4NA, United Kingdom"
17433216,CLEARWELL PRESS LTD,2026-09-02,active,ltd,58190,"107 Promenade, Cheltenham, GL50 1NW, United Kingdom"
17442988,WESTMARCH ADVISORY LIMITED,2026-09-07,active,ltd,70229,"128 City Road, London, EC1V 2NX, United Kingdom"
17443213,DORN SALONS LIMITED,2026-09-07,active,ltd,96020,"67 Nethercote Road, Tackley, Kidlington, OX5 3AT, England"
17443210,CGH CONSULTANTS YORKSHIRE LIMITED,2026-09-07,active,ltd,68209;70229,"Fitzwilliam House, Middle Bank, Doncaster, DN4 5NG, England"
17443208,CV ROOFING LTD,2026-09-07,active,ltd,43910,"Harley House, 29 Cambray Place, Cheltenham, GL50 1JN, England"
17443192,M.E BUILDING SERVICES (SURREY) LTD,2026-09-07,active,ltd,43390,"40 Waterer Gardens, Burgh Heath, Tadworth, Surrey, KT20 5PD, England"
NI743545,PATRICK DONAGHY LTD,2026-09-07,active,ltd,69203,"1 Brecanlea, Claudy, Derry, BT47 4BN, Northern Ireland"
17443195,LSHCOMMERCE LTD,2026-09-07,active,ltd,47910,"10 Raeburn Road, Ipswich, IP3 0EX, United Kingdom"
17443186,ONYX COLLECTOR LTD,2026-09-07,active,ltd,47610;47910;62012;63120,"4 Westwood Road, Leyland, PR25 3NS, United Kingdom"
SC901752,LIVE LYNX LTD,2026-09-07,active,ltd,63120;79909;90020,"Glenforsa, Smithton, Inverness, IV2 7NL, Scotland"
17443191,JXM CUSTOMS LTD,2026-09-07,active,ltd,45200;45310;45320,"71-75 Shelton Street, Covent Garden, London, WC2H 9JQ, United Kingdom"
17443190,ELIRE ENERGY SOLUTIONS LTD,2026-09-07,active,ltd,43290,"71-75 Shelton Street, London, WC2H 9JQ, England"
17443518,DOD HOLDINGS LIMITED,2026-09-07,active,ltd,64209,"10 Ridings Road, Coalpit Heath, Bristol, BS36 2RX, England"
17443674,HIVE SECURITY GROUP LTD,2026-09-07,active,ltd,64991;66120;80100;80200,"26 Mayfield Road, Worcester, WR3 8NT, England"
17443763,FIGTREECG LTD,2026-09-07,active,ltd,68209;68320,"272 Alcester Road, Stratford-Upon-Avon, CV37 9QX, England"
SC901851,SEILIDH LTD,2026-09-07,active,ltd,64209,"203 Clashmore, Lochinver, Lairg, IV27 4JQ, United Kingdom"
17444242,MICHAELS PROPERTY CONSULTANTS GREAT NOTLEY LIMITED,2026-09-07,active,ltd,68310,"Suite 17 Cautrac Serviced Offices, The Causeway, Great Horkesley, Colchester, Essex, CO6 4EJ, United Kingdom"
17444261,BIN ASAD AND ASSOCIATES UK LTD,2026-09-07,active,ltd,70229;82990,"169 Wilmington Gardens, Barking, IG11 9TT, England"
17444468,ABBISS GROUP LTD,2026-09-07,active,ltd,64209,"54 Housestead Drive, Hoole, Chester, Cheshire, CH2 3DL, United Kingdom"
17444644,SET FRAME LIMITED,2026-09-07,active,ltd,59111;77291;77390;82990,"170 Church Road, London, E10 7BH, England"
17444846,BASHIR CAPITAL LTD,2026-09-07,active,ltd,64209,"29 Allerton Grange Drive, Allerton, Bradford, BD15 7HQ, England"
17445249,AVENRIDGE PROPERTIES LIMITED,2026-09-08,active,ltd,68100,"2 Scott Court, Ocean Way, Cardiff,, CF24 5HF, United Kingdom"
17445229,IA&G PROPERTY LIMITED,2026-09-08,active,ltd,68209,"7 The Close, Norwich, Norfolk, NR1 4DJ, United Kingdom"
17445390,THE PROPERTY ACE GROUP LIMITED,2026-09-08,active,ltd,68100;68209,"Suites 2 & 3 Marine Trades Centre, East Lockside, Brighton Marina, Brighton, BN2 5HA, United Kingdom"
17445501,SINCLAIRS SECURITY SOLUTIONS LTD,2026-09-08,active,ltd,82990,"Prospect House, Factory Road, Glannau Dyfrdwy, CH5 2QJ, United Kingdom"
SC901911,PEACOCK PEOPLE AND CULTURE LIMITED,2026-09-08,active,ltd,99999,"Gyleview House, 3 Redheughs Rigg, Edinburgh, EH12 9DQ, Scotland"
SC901908,RC LEGACY PROPERTIES LTD,2026-09-08,active,ltd,68310,"48 West George Street, Glasgow, G2 1BP, Scotland"
17445736,HB RAMSBOTTOM LTD,2026-09-08,active,ltd,68209,"38 Bridge Street, Bury, Lancashire, BL0 9AQ, United Kingdom"
17445740,FRONKS GARDENS MANAGEMENT COMPANY LIMITED,2026-09-08,active,ltd,98000,"47 Butt Road, Colchester, Essex, CO3 3BZ, England"
17445987,ICELAB PERFORMED LIMITED,2026-09-08,active,ltd,52290;68209;68320,"66 Paul Street, London, England, EC2A 4NA, United Kingdom"
17446085,VANGUARD CASKBASE LIMITED,2026-09-08,active,ltd,46342;62012;82990,"Oakwood Cottage, Longframlington, Morpeth, NE65 8DX, United Kingdom"
SL038222,THAKKER FAMILY LIMITED PARTNERSHIP,2026-09-08,active,limited-partnership,,"C/O EDA PROFESSIONAL SERVICES LTD, Suite 334 Baltic Chambers 50 Wellington Street, Glasgow, G2 6HJ"
17446285,STEELBROKE HOLDINGS LTD,2026-09-08,active,ltd,64209,"128 City Road, London, EC1V 2NX, United Kingdom"
17446358,WAY ESTATES LTD,2026-09-08,active,ltd,68100;68209,"Ty Gwyn, 42 Hardwick Avenue, Chepstow, NP16 5DS, United Kingdom"
17446351,TMA PROPERTY GROUP LTD,2026-09-08,active,ltd,68209,"10 Crown Flatt Way, Dewsbury, WF12 7TE, England"
SC901990,LAT EQUESTRIAN LIMITED,2026-09-08,active,ltd,82990,"2 Redwood Crescent, Peel Park, East Kilbride, G74 5PA, Scotland"
17446959,VENN BIDCO 1 LIMITED,2026-09-08,active,ltd,64209,"71-75 Shelton Street, London, WC2H 9JQ, United Kingdom"
17447081,CLOCKHOUSE HOMES LTD,2026-09-08,active,ltd,68209,"19 Clockhouse Avenue, Droylsden, Manchester, M43 7RR, England"
17447319,FLYNN & CO CONSULTANCY LTD,2026-09-08,active,ltd,64209,"Chandler House 7 Ferry Road Office Park, Riversway, Preston, Lancashire, PR2 2YH, England"
17447642,CALYPSO ADMISSIONS LTD,2026-09-08,active,ltd,82990;85600,"71-75 Shelton Street, Covent Garden, London, WC2H 9JQ, United Kingdom"
17447651,OPTIMAL BRADFORD LIMITED,2026-09-08,active,ltd,55209;68209,"Managers Office, 21 North Park Road, Bradford, West Yorkshire, BD9 4NT, United Kingdom"
17447652,REDWOOD TRIO LIMITED,2026-09-08,active,ltd,68100,"Redwood Morya, 35 Manor Road, Aldershot, GU11 3DG, England"
17447639,URBAN RIDER GROUP LIMITED,2026-09-08,active,ltd,64209,"51 New Kings Road, London, SW6 4SE, England"
17447635,LOCKSTONE PROPERTIES LTD,2026-09-08,active,ltd,68209,"91c Horton Grange Road, Bradford, BD7 3AH, England"
17447880,HONEYBERRY HOLDINGS LTD,2026-09-08,active,ltd,64209,"2 Moreton Avenue, Birmingham, B43 7QS, England"
17448047,OPTIMA ADH LTD,2026-09-08,active,ltd,41100;68209,"9 Longdown Lane North, Epsom, KT17 3HY, United Kingdom"
17450155,ORBIAN FINANCIAL SERVICES LXXXI LIMITED,2026-09-09,active,ltd,64999,"34-37 Liverpool Street, 2nd Floor, London, EC2M 7PP, United Kingdom"
17450166,GINKGO RTM COMPANY LIMITED,2026-09-09,active,private-limited-guarant-nsc,98000,"349 Royal College Street, London, NW1 9QS, England"
17450162,77CGR LIMITED,2026-09-09,active,ltd,68100;68209;68320,"167-169 Great Portland Street, 5th Floor, London, W1W 5PF, United Kingdom"
OE035291,BLOCK INDUSTRIAL SPV 1 LIMITED,2026-09-09,registered,registered-overseas-entity,,"2nd Floor Sir Walter Raleigh House, 48-50 Esplanade, St. Helier, JE2 3QB, Jersey"
17450450,MHG PROPERTIES LTD,2026-09-09,active,ltd,68100;68209,"3 The Old Pumping Station, Hares Lane, Frodsham, WA6 7BZ, England"
17450449,99 ANTILL LTD,2026-09-09,active,ltd,68100;68209,"15 Gladesmore Road, London, N15 6TA, England"
17450934,PEAKWOOD LIMITED,2026-09-10,active,ltd,64209,"Hourne Farm, Eridge Road, Crowborough, TN6 2DZ, England"
17450933,RIAA INV LTD,2026-09-10,active,ltd,68209,"49 Station Road, Polegate, BN26 6EA, England"
17451108,WHR PROPERTY LIMITED,2026-09-10,active,ltd,68209,"River View 96 High Street, Garstang, Preston, Lancashire, PR3 1WZ, England"
SC902205,NEW HORIZONS PROPERTIES (GLASGOW) LIMITED,2026-09-10,active,ltd,68209,"1st Floor 29 Park Circus, Glasgow, G3 6AP, United Kingdom"
17451390,PORTLEY WOOD ESTATES LTD,2026-09-10,active,ltd,68209,"26 Theydon Road, London, E5 9NA, United Kingdom"
SC902245,LA CAPITAL PROPERTIES LIMITED,2026-09-10,active,ltd,68209,"12 Belmont Street, Coatbridge, ML5 2LJ, Scotland"
17451636,SHALLACK HOLMES LIMITED,2026-09-10,active,ltd,68100;68209,"Pinnacle Accountancy Services Ltd, Commerce House, North Street, Martock, Somerset, TA12 6DH, United Kingdom"
SC902253,CULBOKIE HUB LTD,2026-09-10,active,ltd,68209;82990,"4th Floor Metropolitan House, 31-33 High Street, Inverness, Inverness-Shire, IV1 1HT, United Kingdom"
17451889,DKR HOMES LTD,2026-09-10,active,ltd,68201,"128 Cheriton High Street, Folkestone, CT19 4HH, England"
17451894,RANDJA & CO LIMITED,2026-09-10,active,ltd,69109;70229;82110;82990,"45 Albemarle Street, 3rd Floor, London, W1S 4JL, England"
OE035295,UNITED RENEWABLES IRE LIMITED,2026-09-10,registered,registered-overseas-entity,,"5 Charleville, Churchtown, Dublin, D14A145, Ireland"
17451998,BELL SECURITY RISK LTD,2026-09-10,active,ltd,99999,"3 Fardene Street, Silsden, Keighley, BD20 9LQ, England"
17452080,BBP LONDON PROPERTIES LTD,2026-09-10,active,ltd,68100;68209;68320,"119 Penton Road, Staines-Upon-Thames, TW18 2LL, England"
17452363,RPS METHANUM LIMITED,2026-09-11,active,ltd,64209,"Northwood House, 138 Bromham Road, Bedford, MK40 2QW, England"
17452364,QUANTELIO SYSTEMS LTD,2026-09-11,active,ltd,62020;70221;70229;82990,"Piccadilly Business Centre, Unit C Aldow Enterprise Park Blackett Street, Manchester, M12 6AE, United Kingdom"
17452920,MGM CONTRACTING SERVICES LTD,2026-09-11,active,ltd,82990,"320 Firecrest Court, Warrington, WA1 1RG, United Kingdom"
17452916,FROG HOMES LIMITED,2026-09-11,active,ltd,68209,"Ivydale High Street, Coalport, Telford, TF8 7HZ, England"
SC902339,G SUTHERLAND RENTAL PROPERTIES LTD,2026-09-11,active,ltd,68209,"3 Abbey Park, Halkirk, Caithness, KW12 6WD, United Kingdom"
17452936,CPG RETENTION HOLDING LIMITED,2026-09-11,active,ltd,64209,"2 Leman Street, London, E1W 9US, United Kingdom"
SC902340,SAUNDERS PODIATRY LTD,2026-09-11,active,ltd,64204,"199 Clarkston Road, Glasgow, G44 3BS, United Kingdom"
17453068,JFP PROPERTY GROUP LTD,2026-09-11,active,ltd,68100,"124 Anderson Road, Liverpool, L21 7NQ, England"
NI743689,WHITE STAR PROPERTY GROUP LIMITED,2026-09-11,active,ltd,68209,"12 Red Brae Road, Carrickfergus, BT38 9DG, Northern Ireland"
17438099,ALIXO GROUP LTD,2026-09-04,active,ltd,56290;64209,"Flat 8 Hughes House, Sceptre Road, London, E2 0HB, England"
NI743695,D&P PROPERTY BANGOR LTD,2026-09-11,active,ltd,68209,"116 Princetown Road, Bangor, BT20 3TG, Northern Ireland"
17453490,HEATHFIELD RISE INVESTMENTS LIMITED,2026-09-11,active,ltd,68100,"Flat 8 Enville Court, Cazenove Road, London, N16 6AS, England"
17453486,YAKHA PROPERTIES LTD,2026-09-11,active,ltd,68100;68209;68320,"117 Biggins Wood Road, Folkestone, Kent, CT19 4NL, United Kingdom"
17453242,NUNO PROPERTIES LTD,2026-09-11,active,ltd,68100,"1 Bagnall Close, Great Sankey, Warrington, WA5 1XL, England"
17453804,APEX GROUP GLOBAL LTD,2026-09-11,active,ltd,68310;68320;82200;96090,"5 Moston Street, Salford, M7 4TE, England"
17454055,SOLUTION PERFORMANCE RESOURCING (USA) LTD,2026-09-11,active,ltd,82990,"St. Paul's House 3rd Floor, 23 Park Square South, Leeds, LS1 2ND, England"
17454049,DARK LANE PROPERTY LTD,2026-09-11,active,ltd,68209,"39 North Cerney, Cirencester, GL7 7BZ, England"
17454036,ML CLARKE LIMITED,2026-09-11,active,ltd,98000,"Unit B Springfield Park, Cottenham Lane, Salford, M7 1TW, England"
17454057,MONKEYLOCH LIMITED,2026-09-11,active,ltd,68209,"Universal Square Building 5, Floor 5, Devonshire Street North, Manchester, M12 6JH, United Kingdom"
17454048,JMMURRAY PROPERTIES LTD,2026-09-11,active,ltd,68209,"1-3 Parsons Green, London, SW6 4UL, England"
17454044,G K FAMILY HOLDINGS LIMITED,2026-09-11,active,ltd,68320,"1110 Elliott Court Coventry Business Park, Herald Avenue, Coventry, West Midlands, CV5 6UB, United Kingdom"
17454031,LONGREACH PROPERTY GROUP LTD,2026-09-11,active,ltd,98000,"3 Runway Lane, Holton-Le-Clay, Grimsby, DN36 5FF, England"
17454355,RINIVA GROUP LTD,2026-09-11,active,ltd,64209,"C/- Sable International, 5th Floor, 18 St. Swithin's Lane, London, EC4N 8AD, England"
17454353,J S SANDHU PROPERTIES LTD,2026-09-11,active,ltd,68209,"21 Farmcroft, Gravesend, DA11 7LT, United Kingdom"
17454358,WGH (TC) LTD,2026-09-11,active,ltd,64209,"C/O Dpc Stone House, Stone Road Business Park, Stoke-On-Trent, Staffordshire, ST4 6SR, England"
17454378,RATTANPAL PROPERTIES LTD,2026-09-11,active,ltd,68100,"9 Gilbert Close, Kempston, Bedford, MK42 8RN, England"
17454375,POHA HOUSE HOLDING UK LTD,2026-09-11,active,ltd,70100;77330;77390,"14 Talbot Road, London, N6 4QR, England"
17454621,NZH HOLDING LTD,2026-09-11,active,ltd,64209,"Suite 5 Suite 5, Idb House, 70 Savile Street East, Sheffield, South Yorkshire, S4 7UQ, United Kingdom"
17454623,ARMAAN CARE LTD,2026-09-11,active,ltd,64209,"39 Wem Drive, Bulkington, Bedworth, CV12 9BA, England"
17454811,S&K AVENUE LIMITED,2026-09-11,active,ltd,68209,"Gladstone House,, 77-79 High Street, Egham, Surrey, TW20 9HY, United Kingdom"
17454977,RS LETZ LTD,2026-09-12,active,ltd,68209,"1 Short Avenue, Allestree, Derby, DE22 2EH, England"
17454983,EDDY K INVESTMENTS LTD,2026-09-12,active,ltd,68100,"223 Lowfield Street, Dartford, DA1 1JJ, England"
17454982,R TAYLOR LTD,2026-09-12,active,ltd,68209;85510,"53 Bron Awelon, Barry, CF62 6PS, Wales"
17455006,MOAK ASSOCIATES LTD,2026-09-12,active,ltd,68201,"142 Kenelm Road, Birmingham, B10 9AQ, United Kingdom"
17455003,GS RESTRICTED CURRENCY LTD,2026-09-12,active,ltd,64999,"66 Paul Street, London, EC2A 4NA, England"
17455015,GREEN TECH HOME SOLUTIONS LIMITED,2026-09-12,active,ltd,68100;68209;68320,"22 Chartwell Way, High Wycombe, Buckinghamshire, HP11 1FZ, England"
17439346,BDL PROPERTY SERVICES LTD,2026-09-04,active,ltd,68320,"2 Cooper Grove, York, YO42 2SH, United Kingdom"
17439402,AF INVESTMENTS LIMITED,2026-09-04,active,ltd,68209,"130 Langdale Road, Dunstable, LU6 3BT, England"
17439416,THE CORNERSTONE ROOM LTD,2026-09-04,active,ltd,82990,"195 Wood Street, London, E17 3NU, England"
SC901634,BULLDOG PROPERTY MANAGEMENT LTD,2026-09-04,active,ltd,98000,"5 Caskie Drive, Skelmorlie, PA17 5AW, Scotland"
17439451,HOMEBAY LTD,2026-09-04,active,ltd,68100;68209,"22a Woodcote Valley Road, Purley, CR8 3AJ, England"
17439488,TRANSVIX SOLUTIONS LTD,2026-09-04,active,ltd,82990,"Unit A1674 4-6 Greatorex Street, London, E1 5NF, United Kingdom"
17439496,REDBRIDGE RE LIMITED,2026-09-04,active,ltd,82990,"73 Cornhill, London, EC3V 3QQ, United Kingdom"
17439581,MASHRU GROUP LTD,2026-09-04,active,ltd,68100;68209,"Park House, 37 Clarence Street, Leicester, Leicestershire, LE1 3RW, England"
17439575,KEY HOUSE INVESTMENTS MCR LIMITED,2026-09-04,active,ltd,68100,"1087 Stockport Road, Manchester, M19 2RE, England"
17439685,MAGYAR INVESTMENT PROPERTIES LIMITED,2026-09-04,active,ltd,68209,"Howard Shipping Services ,, Showell Road, Wolverhampton, WV10 9JY, United Kingdom"
17439817,HIER INVESTMENTS LIMITED,2026-09-04,active,ltd,68209,"39 Bryn Hedydd, Llangyfelach, Swansea, SA6 8BS, Wales"
17439815,KRALX LIMITED,2026-09-04,active,ltd,58290;62090;64205;70221,"352 Essex Road, London, N1 3PD, England"
17439889,PREFABRICATED BUILDING COMPANY LIMITED,2026-09-04,active,ltd,68209,"Flat 1 Jubilee House, 175 Franciscan Road, London, SW17 8DJ, England"
17439974,ASCIA PROPERTIES LIMITED,2026-09-04,active,ltd,68100,"58 Market Street, Paddock, Huddersfield, HD1 4SH, England"
17440055,LOXLEY PROPERTY SERVICES LIMITED,2026-09-04,active,ltd,68310,"Office 12d, 12 Farwig Lane, Bromley, BR1 3RB, United Kingdom"
17440203,63 MIDDLE LANE LIMITED,2026-09-05,active,ltd,98000,"Unit 1 Forest House Business Centre, 8 Gainsborough Road, London, E11 1HT, England"
17440201,WHITTLE HOUSE FAMILY INVESTMENT COMPANY LTD,2026-09-05,active,ltd,64304,"25 Hawes Street, Ipswich, IP2 8RL, England"
17440193,PADDOCK LEYS MANAGEMENT COMPANY LIMITED,2026-09-05,active,private-limited-guarant-nsc,98000,"Celixir House, Stratford Business & Technology Park, Stratford-Upon-Avon, Warwickshire, CV37 7GZ, United Kingdom"
17440459,PWS PRODUCTIONS LTD,2026-09-05,active,ltd,68100;68209,"46-47 Fifth Floor, The Whitehouse, 111 New Street, Birmingham, B2 4EU, England"
17440776,QUARTZIZE HOLDINGS LTD,2026-09-05,active,ltd,64209,"Dynevor House, 5 - 6 De La Beche Street, Swansea, SA1 3HA, United Kingdom"
17440754,ISLA INVESTMENTS GROUP LTD,2026-09-05,active,ltd,68100;68209,"119a George V Avenue, Worthing, West Sussex, BN11 5SA, United Kingdom"
17441125,INMA PROPERTIES LTD,2026-09-05,active,ltd,68100,"Riverbank House, 1 Putney Bridge Approach, London, SW6 3JD, England"
17441145,SIEZEN SERVICES LTD,2026-09-05,active,ltd,49320;82990;96090,"66 Paul Street, London, England, EC2A 4NA, United Kingdom"
17441135,CROYDON SHOP LTD,2026-09-05,active,ltd,68100;68209;68320,"Unit 5 The Freehold Industrial Centre, Amberley Way, Hounslow, TW4 6BX, England"
17441143,PF&H HOLDINGS LIMITED,2026-09-05,active,ltd,64209,"Hinton Old Sawmill, Hinton, Christchurch, BH23 7DX, United Kingdom"
17441279,RH HOLDCO PROPERTIES LIMITED,2026-09-05,active,ltd,68209,"Market Square House, St. James's Street, Nottingham, NG1 6FG, England"
17441869,JIMIN HOUSE LTD,2026-09-06,active,ltd,68201,"74 Byron Avenue, New Malden, KT3 6EY, England"
17442025,SSJK FALCON CARE PROPERTY LIMITED,2026-09-06,active,ltd,68209,"8 Adswood Road, Cheadle Hulme, Cheadle, SK8 5QA, England"
17442121,LOOMIS GROUP LTD,2026-09-06,active,ltd,68320,"167-169 Great Portland Street, London, W1W 5PF, England"
17442117,SANDHU VISION LTD,2026-09-06,active,ltd,68100;68209,"14 Tierney Drive, Tipton, DY4 7DN, England"
17442181,PERTHY PROPERTIES (GREENHILLS) LIMITED,2026-09-07,active,ltd,41100;68100,"41 Stanley Road, Carshalton, SM5 4LE, England"
17444485,JAY & JC PROPERTIES LTD,2026-09-07,active,ltd,68100,"Unit M302 Trident Business Centre, 89 Bickersteth Road, London, SW17 9SH, England"
17444494,AVIEMORE RTM COMPANY LIMITED,2026-09-07,active,private-limited-guarant-nsc,98000,"The Rtm Company, Flat 5 Elmslie Court, Greenacres, London, SE9 5BB, England"
17444502,HB CHORLEY LTD,2026-09-07,active,ltd,68209,"38 Bridge Street, Bury, Lancashire, BL0 9AQ, United Kingdom"
17444507,KAIRA MILANI LTD,2026-09-07,active,ltd,68209,"22 Six Bells Lane, Stevenage, SG2 9SF, England"
17444742,WINGLETANG HOLDINGS LIMITED,2026-09-07,active,ltd,64209,"128 City Road, London, EC1V 2NX, United Kingdom"
17444957,UK LIVING ESTATES LIMITED,2026-09-07,active,ltd,68209,"7 Vicarage Road, Whaddon, Milton Keynes, MK17 0LU, England"
17444951,JOE IVES PROPERTY LTD,2026-09-07,active,ltd,68209,"19 Temple Way, Rayleigh, SS6 9PP, England"
17444950,ESHA HOLDINGS LTD,2026-09-07,active,ltd,68100,"8 Hampton Rise, Harrow, HA3 0SB, England"
17445158,LOCKER TRADING LIMITED,2026-09-08,active,ltd,64991,"82a James Carter Road, Mildenhall, Bury St. Edmunds, IP28 7DE, England"
OC461556,REILLY AND LONGHURST LLP,2026-09-08,active,llp,,"3 Curlbrook Close, Wootton, Northampton, NN4 6BS, United Kingdom"
17445395,1P SOLUTIONS LTD,2026-09-08,active,ltd,55100;68209;68320,"116 Yardley Road, Acocks Green, Birmingham, B27 6LG, England"
17445393,NUOVO SPACE LTD,2026-09-08,active,ltd,68100;68209,"71-75 Shelton Street, Covent Garden, London, WC2H 9JQ, United Kingdom"
17445387,LUCKY DEVELOPMENTS LIMITED,2026-09-08,active,ltd,68209,"51 Vittoria Street, Birmingham, B1 3NU, England"
17445654,FOREVER LIVING GROUP LTD,2026-09-08,active,ltd,64209,"5 Union Mews, Harthill, Sheffield, South Yorkshire, S26 7AD, England"
17445771,QUILLON ADVISORY LTD,2026-09-08,active,ltd,82990,"71-75 Shelton Street, Covent Garden, London, WC2H 9JQ, United Kingdom"
17445773,CITYDALE HOLDINGS LIMITED,2026-09-08,active,ltd,68209,"10 Vat House, 27 Regents Bridge Gardens, London, SW8 1HD, United Kingdom"
17445774,SHIRE STORAGE HOLDINGS LIMITED,2026-09-08,active,ltd,64209,"15 Cranbourne Road, London, N10 2BT, England"
17445951,A1 RENT PROPERTIES LTD,2026-09-08,active,ltd,68209,"20 Wenlock Road, London, N1 7GU, England"
17445946,ARGENT HARBOR LTD,2026-09-08,active,ltd,68209,"Peter House, Oxford Street, Manchester, M1 5AN, England"
17446249,GNG SOLUTIONS LIMITED,2026-09-08,active,ltd,55100;55900;68209;68310,"95 Nova Road, Croydon London, CR0 2TN, United Kingdom"
17446382,LONDON PRIME DEVELOPMENTS LTD,2026-09-08,active,ltd,68100;68209,"43 Upton Lane, London, London, E7 9PA, England"
OC461562,SUN EUROPEAN INTERNATIONAL LLP,2026-09-08,active,llp,,"2nd Floor 34 Lime Street, London, EC3M 7AT, United Kingdom"
17446371,LUNMERE PROPERTIES LTD,2026-09-08,active,ltd,68209;68310;68320;98000,"20 Wenlock Road, London, N1 7GU, England"
17446393,SUROOJ NEXUS PROPERTIES LTD,2026-09-08,active,ltd,68209,"5 Connaught Avenue, Ashford, TW15 3HY, England"
17446763,MSX HOLDINGS LIMITED,2026-09-08,active,ltd,64209,"Warrington Mazda, Bewsey Road, Warrington, Cheshire, WA5 0JX, England"
17446761,BKC RENTALS LIMITED,2026-09-08,active,ltd,68209,"2 Somerville Court, Banbury Business Park, Adderbury, Oxfordshire, OX17 3SN, United Kingdom"
17447037,C2 GLOS LIMITED,2026-09-08,active,ltd,68209,"4 Imperial Square, Cheltenham, Gloucestershire, GL50 1QB, United Kingdom"
SC901996,WAYPOINT QUEST HOLDINGS LTD,2026-09-08,active,ltd,64209,"Clyde Offices, 2nd Floor, 48 West George Street, Glasgow, G2 1BP, United Kingdom"
17447045,ATLANTIC COLONIAL HOLDINGS LIMITED,2026-09-08,active,ltd,68209,"1 Agriculture House, Southwater Way, Telford, Shropshire, TF3 4NR, United Kingdom"
17447030,ANSON HOUSE 16 LIMITED,2026-09-08,active,ltd,64209,"Unit 3 Wincomblee Road, Walker, Riverside, Newcastle Upon Tyne, Tyne And Wear, NE6 3PF, United Kingdom"
17447029,DOCK EAST HEADLEASE LIMITED,2026-09-08,active,ltd,98000,"Hb Books Limited 9 Braybrooke House, 4 Spencer Parade, Northampton, NN1 5AA, United Kingdom"
17447249,ANP PRESTIGE PROPERTIES LTD,2026-09-08,active,ltd,68100;68209,"63 Kinross Crescent, Luton, LU3 3JU, England"
17447238,TAG UK HOLDINGS LTD,2026-09-08,active,ltd,64204,"46 Grange Crescent, Gosport, PO12 3DU, United Kingdom"
17447534,CUBE ASSETS LIMITED,2026-09-08,active,ltd,68209,"166 Ealand Road, Batley, WF17 8JF, England"
17447535,PROJECT AMALFI BIDCO LIMITED,2026-09-08,active,ltd,64209,"1 Newman Street, London, W1T 1PB, United Kingdom"
17447533,MM POLARIS HOLDCO LIMITED,2026-09-08,active,ltd,64209,"2 Babmaes Street, London, SW1Y 6HD, United Kingdom"
17447525,L & L WALLING LTD,2026-09-08,active,ltd,64209,"Fox Lea Ford Lane, Goosnargh, Preston, PR3 2FD, England"
17447527,MTDB HOLDINGS LIMITED,2026-09-08,active,ltd,68100,"4 Greenore, Bristol, BS15 8ER, England"
17447961,WIGHT PROPERTY INVESTMENTS LTD,2026-09-08,active,ltd,68100;68209,"137 Wargrave Avenue, London, N15 6TX, England"
17448051,NEWCO PLACEHOLDER LTD,2026-09-08,active,ltd,74990,"Flat 65 Watson House, 4 Greenleaf Walk, Southall, UB1 1FQ, England"
17449567,RICHER HEALTH AND WELLNESS LTD,2026-09-09,active,ltd,99999,"Ground Floor, Kings House, 101-135 Kings Road, Brentwood, Essex, CM14 4DR, United Kingdom"
17449570,SUSAN PROPERTY LTD,2026-09-09,active,ltd,68100;68209,"90 Gabalfa Road Sketty, Swansea, SA2 8NA, United Kingdom"
17449620,BBG & CO HOLDINGS LIMITED,2026-09-09,active,ltd,64209,"The Granary Hermitage Court, Hermitage Lane, Maidstone, ME16 9NT, England"
17449607,MAPLE FIELDS GROUP LTD,2026-09-09,active,ltd,64209,"C/O Black Fox Advisers Limited Fletchers Business Centre, Grendon Road, Polesworth, Tamworth, B78 1NS, United Kingdom"
17449950,REVERE SPACES LTD,2026-09-09,active,ltd,68209,"Studio 23 Royal Victoria Patriotic Building, John Archer Way, London, SW18 3SX, England"
17449977,WWP CONSULTANCY LIMITED,2026-09-09,active,ltd,82990,"128 City Road, London, EC1V 2NX, United Kingdom"
17449976,RADAH PROPERTY GROUP LTD,2026-09-09,active,ltd,68209,"226 Sandy Lane, Droylsden, Manchester, M43 7JX, England"
17450209,EURO-JAPAN COMPASS UK LTD,2026-09-09,active,ltd,46190;70229;73200;82990,"C/O Accrue Accounting, Office 23 The College Business Centre, Uttoxeter New Road, Derby, Derbyshire, DE22 3WZ, United Kingdom"
17450229,SLJW LTD,2026-09-09,active,ltd,78109;82990,"Harewood House, Lower Chicksgrove, Salisbury, SP3 6NB, United Kingdom"
17450222,BROOKLANDS COURT (SW8) RTM COMPANY LIMITED,2026-09-09,active,private-limited-guarant-nsc,98000,"38 Gorst Road, London, SW11 6JE, England"
17450228,RAINBOW INTERNATIONAL LTD,2026-09-09,active,ltd,64209,"167-169 Great Portland Street, London, W1W 5PF, England"
17450418,SAFSIRA LTD,2026-09-09,active,ltd,68310,"33 Paget Road, London, N16 5ND, United Kingdom"
17450426,ARKSTONE DEVELOPMENTS LIMITED,2026-09-09,active,ltd,41100;68209,"204 Moulsham Street, Chelmsford, Essex, CM2 0LG, United Kingdom"
17450420,KINGSLEY ASSET MANAGEMENT LTD,2026-09-09,active,ltd,68100;68209,"39 Ludgate Hill, London, EC4M 7JN, United Kingdom"
17450611,TRILLA INVESTMENTS LIMITED,2026-09-09,active,ltd,64209,"Sterling House, Fulbourne Road, Walthamstow, London, E17 4EE, England"
17450616,MJ PROPERTY & DEVELOPMENTS LTD,2026-09-09,active,ltd,68100;68209,"31 High Street, Wavertree, Liverpool, L15 8HE, England"
17450617,STAYMONT LIVING LTD,2026-09-09,active,ltd,68209,"Unit 2, 126 Commercial Road, London, E1 1NL, United Kingdom"
17450748,SUITESMART CONSULTING LTD,2026-09-09,active,ltd,99999,"Suite 9 11 West Road, Harlow, Essex, CM20 2BU, United Kingdom"
17450879,DD VENTURES GROUP LTD,2026-09-09,active,ltd,64209;70100,"5 Brayford Square, London, E1 0SG, England"
17451185,MORECAMBE VIEW MANAGEMENT LIMITED,2026-09-10,active,private-limited-guarant-nsc,98000,"Burgundy House, 21 The Forresters, Harpenden, AL5 2FB, England"
17451310,SAGE BORROWER SO1 LIMITED,2026-09-10,active,ltd,68201,"5th Floor Orion House, 5 Upper St Martin's Lane, London, WC2H 9EA, United Kingdom"
17451470,COMARQ. INVESTMENTS LIMITED,2026-09-10,active,ltd,64991;68100;68209;68320,"C/O Farrow Accounting & Tax Limited Unit T13, Tideway Yard, 125 Mortlake High Street, London, SW14 8SN, United Kingdom"
17451476,STOW & GO STORAGE (LOUTH) LTD,2026-09-10,active,ltd,68209,"9 Castlefield Road, Reigate, RH2 0SA, England"
17451775,KRAFT GARDENS HOLDINGS LTD,2026-09-10,active,ltd,64202;64204;64209,"20 Wenlock Road, London, N1 7GU, England"
17451934,CHARLIE RENEWABLE ENERGY LIMITED,2026-09-10,active,ltd,64209,"Level 25 1 Canada Square, Canary Wharf, London, E14 5AA, United Kingdom"
17451923,SAPIRA STUDIO LTD,2026-09-10,active,ltd,74100,"2 Winchester Road, Bromley, BR2 0PZ, United Kingdom"
17451986,AZA GLOBAL LTD,2026-09-10,active,ltd,47910,"Office 1794 85 Dunstall Hill, Wolverhampton, WV6 0SR, England"
17451982,SILVERBACK INVESTMENTS LIMITED,2026-09-10,active,ltd,68209,"Kingston House, Myton Street, Hull, HU1 2PS, England"
SC902270,STILL MINDS LTD,2026-09-10,active,ltd,56102,"Overhill Farmhouse, Rothienorman, Inverurie, AB51 8YN, Scotland"
17451981,PLATFORM FOUNDRY LTD,2026-09-10,active,ltd,62090,"128 City Road, London, EC1V 2NX, United Kingdom"
17452048,KURANIMA STUDIOS LTD,2026-09-10,active,ltd,62011;62020,"Brookfield Court, Selby Road, Leeds, West Yorkshire, LS25 1NB, United Kingdom"
17452044,DETECHON TECHNOLOGY LTD,2026-09-10,active,ltd,26200;46510;46520;46900,"7 Mead Lane, Witney, OX28 1YD, England"
17452040,ARABESQUE PORTFOLIO LIMITED,2026-09-10,active,ltd,90030,"Lindenmuth House 37 Greenham Business Park, Greenham, Thatcham, Berkshire, RG19 6HW, United Kingdom"
17452045,THAMES PATH LTD,2026-09-10,active,ltd,41100;41202;43210;43390,"4, Regatta Villas, Meadow Road, Henley-On-Thames, RG9 1BE, United Kingdom"
17452123,ETS ROOFING & BUILDING LTD,2026-09-10,active,ltd,43910,"21 Duckworth Lane, Bradford, BD9 5ER, England"
17452128,RECIPEJAM LIMITED,2026-09-10,active,ltd,62012,"Unit 29 Highcroft Industrial Estate Enterprise Road, Horndean, Waterlooville, PO8 0BT, United Kingdom"
17452082,F AND A FISHERIES LTD,2026-09-10,active,ltd,46380,"2 Mallins Way, Grays, RM16 2EQ, England"
17452125,STOCKTON & SUBBU LTD,2026-09-10,active,ltd,70229,"71-75 Shelton Street, Covent Garden, London, WC2H 9JQ, United Kingdom"
17452153,KEEP GLOBAL LIMITED,2026-09-11,active,ltd,58290;62012,"128 City Road, London, EC1V 2NX, United Kingdom"
17428635,LUX FASHION FUTURE LIMITED,2026-08-31,active,ltd,46420,"17428635 - COMPANIES HOUSE DEFAULT ADDRESS, Cardiff, CF14 8LH"
17452144,TWENTY TWO LAND GROUP LTD,2026-09-11,active,ltd,74909,"2 Winchester Place, North Street, Poole, BH15 1NX, United Kingdom"
17452151,GOBERY HILL MANAGEMENT COMPANY LIMITED,2026-09-11,active,private-limited-guarant-nsc,98000,"Lark Rise, Sandown Road, Sandwich, Kent, CT13 9NY, United Kingdom"
17452147,VERIDANT LIMITED,2026-09-11,active,private-limited-guarant-nsc,78200;78300;85600,"Zealley House, Suite 4 Greenhill Way, Kingsteignton, Newton Abbot, Devon, TQ12 3SB, England"
17452152,BIRD COLLECTIVE LTD,2026-09-11,active,ltd,47910,"82a James Carter Road, Mildenhall, Bury St. Edmunds, IP28 7DE, England"
17452145,FAZBRO’S LTD,2026-09-11,active,ltd,81299,"Flat 7 The Elms, 26 John Street, Luton, LU1 2EE, England"
17452266,NEXA MART GLOBAL LTD,2026-09-11,active,ltd,47910,"Unit A1371 4-6 Greatorex Street, London, E1 5NF, United Kingdom"
17452258,6 LOVAT LANE (EC3) LIMITED,2026-09-11,active,ltd,98000,"59-60 Russell Square, London, WC1B 4HP, England"
17452257,RENFORTH LIGHTING LIMITED,2026-09-11,active,ltd,47990,"45 Union Road, New Mills, High Peak, SK22 3EL, England"
17452261,MCBRIDE MARITIME CONSULTING LTD,2026-09-11,active,ltd,71122;74100,"C/O Aardvark Accounting 1 Cedar Office Park, Cobham Road, Wimborne, BH21 7SB, United Kingdom"
17452264,EMRE PROPERTY HOLDINGS LTD,2026-09-11,active,ltd,41100;68100;68209,"61 Union Street, Dunstable, Bedfordshire, LU6 1EX, United Kingdom"
17452267,MANCHESTER AFRO CARIBEAN STORE LTD,2026-09-11,active,ltd,46380,"297 Moston Lane, Manchester, M40 9WJ, England"
17452249,DGZ CHAUFFEURS LIMITED,2026-09-11,active,ltd,49390,"19 Park Road, Lytham St. Annes, FY8 1PW, England"
17452444,ENCORE IQ LTD,2026-09-11,active,ltd,70229,"Keepers Cottage, Spoutwell Lane, Corbridge, NE45 5LF, United Kingdom"
17452445,SEED FOR SEEDS CIC,2026-09-11,active,private-limited-guarant-nsc,78109;84110;85600;93199,"Barry Jackson Tower, Estone Walk, Birmingham, B6 5BY, England"
17452441,ABRAFIELD PROPERTY GROUP LTD,2026-09-11,active,ltd,68100;68201;68209;68320,"128 City Road, London, EC1V 2NX, United Kingdom"
17452323,BLU PROPERTY GROUP LTD,2026-09-11,active,ltd,68100;68209,"Blu Property Group, 124 City Road, London, EC1V 2NX, United Kingdom"
17452538,PRIMEGOODS MART LTD,2026-09-11,active,ltd,47910,"14 New Road, Yeadon, Leeds, West Yorkshire, LS19 7SE, United Kingdom"
17452541,CAVERO CATERING EQUIPMENT LTD,2026-09-11,active,ltd,46900;47910,"54 Voyager House 6 Bridges Court Road, London, England, SW11 3GS, United Kingdom"
17452539,NIMTASK LTD,2026-09-11,active,ltd,63120,"71-75 Shelton Street, Covent Garden, London, WC2H 9JQ, United Kingdom"
17452908,KEENECT LTD,2026-09-11,active,ltd,70229,"Keenect Ltd, 124 City Road, London, EC1V 2NX, United Kingdom"
17452878,SINGH PROPERTIES INVESTMENT LIMITED,2026-09-11,active,ltd,68100;68209,"56 Sutton Hall Road, Hounslow, Greater London, TW5 0PY, England"
17452886,S&R CONSTRUCTION EUROPE LTD,2026-09-11,active,ltd,41202,"102 Halifax Road, Ripponden, Sowerby Bridge, HX6 4AG, England"
SC902329,SDM DECORATORS LTD,2026-09-11,active,ltd,43341,"Craigerne, Drymen Road, Alexandria, G83 8HS, United Kingdom"
17452877,BONVORO MART LTD,2026-09-11,active,ltd,47910,"47 Queens Road, Southall, UB2 5AY, United Kingdom"
SC902328,MWD CONTRACTS LTD,2026-09-11,active,ltd,45200;78109;78200,"8 Killellan Place, Gourock, PA19 1EZ, Scotland"
17452885,CHESHIRE HOUSEKEEPING SERVICES LTD,2026-09-11,active,ltd,81210;81299,"88 Wistaston Road, Crewe, CW2 7RE, England"
17452893,EZ MARKETING LTD,2026-09-11,active,ltd,73110,"50 Braeburn Close, Ipswich, IP4 2GB, United Kingdom"
17452865,GLAD TAKEAWAY LIMITED,2026-09-11,active,ltd,56103,"8 Gladstone Street, Newport, Caerphilly, NP11 7PA, Wales"
17452890,HACE DATA LIMITED,2026-09-11,active,ltd,64209,"17 Garners Lane, Stockport, SK3 8SD, England"
17452894,TIBERIUS CAPITAL HOLDINGS LIMITED,2026-09-11,active,ltd,64209,"Rosemary House 3b Lanwades Business Park, Kennett, Newmarket, CB8 7PN, England"
SC902327,GOKTAS FOOD LIMITED,2026-09-11,active,ltd,56102;56103,"7 Stewarton Street, Wishaw, ML2 8AA, Scotland"
17452882,GREENER BEAUTY HOLDINGS LTD,2026-09-11,active,ltd,47990,"61 Bridge Street, Kington, HR5 3DJ, United Kingdom"
17452895,EVERY BIT LTD,2026-09-11,active,ltd,62020,"27 Old Gloucester Street, London, WC1N 3AX, United Kingdom"
17452861,MAINTAIN YOUR ASSET LTD,2026-09-11,active,ltd,33140,"61a Bridge Street, Kington, HR5 3DJ, United Kingdom"
17452858,TOM JOHNSON CONSULTING LIMITED,2026-09-11,active,ltd,70229,"18 Cedar Avenue, Northowram, Halifax, HX3 7FR, United Kingdom"
17452848,GREEN WIND LIMITED,2026-09-11,active,ltd,43290,"5 Cullen Close, Hull, HU8 0AL, England"
SC902322,ICONIC SIGNS AND PRINT LIMITED,2026-09-11,active,ltd,18129;74100,"Unit 9-11 R F L House, Anderson Street, Dunblane, FK15 9AJ, Scotland"
17452863,AL SULTAN MOTORS LTD,2026-09-11,active,ltd,45112,"12 Middle Moor, Leeds, LS14 2DW, England"
17452904,S4 MEDIA LONDON LTD,2026-09-11,active,ltd,96090,"18 Broad Road, Braintree, Essex, CM7 9RT, England"
17452906,POKE SILK ROAD TCG LTD,2026-09-11,active,ltd,47990,"11 Spearman Street, London, SE18 4DG, England"
17453135,PINNACLE PROPERTY (NE) LTD,2026-09-11,active,ltd,68100;68209;68310;68320,"Blackwell Business Centre, 1 Blackwell Lane, Darlington, County Durham, DL3 8QF, United Kingdom"
17453138,A2B RECOVERY LTD,2026-09-11,active,ltd,49410,"No 2 Kimberley Court, Fore Street, Ivybridge, PL21 9AB, United Kingdom"
17453127,STANLEY FAMILY ESTATE HOLDINGS LIMITED,2026-09-11,active,ltd,64209,"124-128 City Road, London, EC1V 2NX, England"
17453126,TD SYSTEMS LIMITED,2026-09-11,active,ltd,82990,"102 Garratts Way, High Wycombe, Bucks, HP13 5XZ, United Kingdom"
17453124,CAMELEON MEDIA LTD,2026-09-11,active,ltd,73110,"37 Tower Court 1a Canonbury Street, London, N1 2US, England"
17453122,VLD PARTNERS LTD,2026-09-11,active,ltd,41100;68100,"Westgate House, West Square, Harlow, CM20 1YS, United Kingdom"
17453131,GENERAL MILLS INTERNATIONAL BUSINESSES UK TWO LIMITED,2026-09-11,active,ltd,77400;82990,"The Pavilions, Bridgwater Road, Bristol, BS13 8FD, United Kingdom"
17453130,REDCLIFFE BARBER1 LTD,2026-09-11,active,ltd,96020,"Unit 6 Waring House, Redcliff Hill, Bristol, BS1 6TB, England"
17453133,JULIE ANN DESIGN PRINT AND EMBROIDERY LTD,2026-09-11,active,ltd,18129,"7 Betnor Avenue, Offerton, Stockport, SK1 4BQ, United Kingdom"
17453121,NERD PRODUCTIONS LTD,2026-09-11,active,ltd,99999,"1 Long Lane, London, SE1 4PG, United Kingdom"
17453325,DABSTER CAPITAL LIMITED,2026-09-11,active,ltd,64204;68320,"10 Hyde Lane, Nash Mills, Hemel Hempstead, HP3 8RY, England"
17453324,HSPG NEWCO 2 LIMITED,2026-09-11,active,ltd,64209,"Reedham House, 31 King Street West, Manchester, M3 2PJ, England"
17453327,SIGNATURESTAYS&CO LIMITED,2026-09-11,active,ltd,55209;68209;68320,"82a James Carter Road, Mildenhall, Bury St. Edmunds, IP28 7DE, England"
17453321,COLLABECOM LTD,2026-09-11,active,ltd,62030;70229,"41 Dunedin Road, London, E10 5PE, United Kingdom"
17453314,HOUSE OF TRENDS UK LTD,2026-09-11,active,ltd,46410,"41 Derby Street, Manchester, M8 8HW, England"
17453599,ANDYS INK LTD,2026-09-11,active,ltd,87200;87300,"Flat 2 161 Pantbach Road, Cardiff, CF14 1TZ, Wales"
17453596,FINTECH FINANCIAL SERVICES LTD,2026-09-11,active,ltd,69201,"5 Hughenden Avenue, Harrow, HA3 8HA, United Kingdom"
17453612,RBAAB HOMES LTD,2026-09-11,active,ltd,68100;68209,"78 Broadway, Oldbury, B68 9DH, England"
17453606,CERRO GLOBAL UK LTD,2026-09-11,active,ltd,46900,"128 City Road, London, EC1V 2NX, United Kingdom"
17453604,CLOUD 20 KITCHENS LIMITED,2026-09-11,active,ltd,56103,"4 Eskdale Road, Uxbridge, UB8 2RT, England"
17453603,KNOCK KNOCK HOME IMPROVEMENTS LTD,2026-09-11,active,ltd,43390,"Staffordshire Knot, Pinfold Street, Wednesbury, WS10 8TE, United Kingdom"
17453588,GRAFT BASE LTD,2026-09-11,active,ltd,62012,"6 Filey Close, Biggin Hill, Westerham, TN16 3PE, England"
OC461589,EPIONEUM LLP,2026-09-11,active,llp,,"Stoney Works, 8 Stoney Lane, London, SE19 3BD, United Kingdom"
17453590,RMK SALES LTD,2026-09-11,active,ltd,43290;43999;46730;46900,"130 Brunswick Road, London, W5 1AW, England"
17453598,RISICO ADVISORY LIMITED,2026-09-11,active,ltd,74909,"Mansion House, Manchester Road, Altrincham, Cheshire, WA14 4RW, England"
17453582,GALMINGTON PROPERTIES LIMITED,2026-09-11,active,ltd,68209,"43 Cartwright Street, Loughborough, Leicestershire, LE11 1JW, England"
17453589,DRV PROPERTY SOLUTIONS LTD,2026-09-11,active,ltd,43341;43390,"51a Roxborough Park, Harrow, HA1 3BA, England"
17453592,SPARK CATCHER FILMS LIMITED,2026-09-11,active,ltd,59112,"Spaghetti Studios Unit 2a Poplars Farm, Forshaw Heath Road, Earlswood, Birmingham, B94 5JX, England"
17453616,HANDYMAN 123 LIMITED,2026-09-11,active,ltd,78300,"84 High Street, London, NW10 4SJ, England"
17453614,HAIRBYTRINII LTD,2026-09-11,active,ltd,90030;96020,"28 Abercarn Close, Manchester, M8 9AL, England"
NI743704,RISER DIGITAL LTD,2026-09-11,active,ltd,62020,"5 Drumard Grange, Lisburn, BT28 2PP, Northern Ireland"
17453751,EMPYREA LTD,2026-09-11,active,ltd,47910;62020;73110;74909,"24 Tax Suite 137b Westlink House 981 Great West Road, Brentford, TW8 9DN, United Kingdom"
17453749,KEY ONE CODE LTD,2026-09-11,active,ltd,62012,"6 Birch Close, Maghull, Liverpool, L31 6AN, England"
17453738,EDDIE KESEL LOGISTICS LIMITED,2026-09-11,active,ltd,52290,"12 Ayresome Street, Middlesbrough, TS1 4NJ, United Kingdom"
17453736,CONTAINER COMPOUND LTD,2026-09-11,active,ltd,68209,"17 Woodseat Grove, Rocester, Uttoxeter, ST14 5NA, England"
17453742,WBA MOTORS LTD,2026-09-11,active,ltd,45112,"85b High Street, West Bromwich, B706NZ, United Kingdom"
17453747,CONSTRUCTION CRITICAL LTD,2026-09-11,active,ltd,71111,"Flat 35 Blake Tower, 2 Fann Street, London, EC2Y 8AF, United Kingdom"
17453743,JNF ENTERPRISES LTD,2026-09-11,active,ltd,32300;46420;47710;47722,"42 Schuster Road, Manchester, M14 5PE, England"
17453981,LONJEE LIMITED,2026-09-11,active,ltd,46380;46460;47290;47910,"Belmont Suite Paragon Business Park, Chorley New Road, Bolton, Lancashire, BL6 6HG, United Kingdom"
17453980,OPEN ALL FLOWERS LIMITED,2026-09-11,active,ltd,47990,"139-141 Moor Lane, North Hykeham, Lincoln, LN6 9AA, England"
17453983,CRE8 MEDIA LTD,2026-09-11,active,ltd,59132;59200,"71-75 Shelton Street, Covent Garden, London, WC2H 9JQ, United Kingdom"
17453988,SENTIENCE PRODUCTIONS LIMITED,2026-09-11,active,ltd,59113,"Berkshire House, 168 - 173 High Holborn, London, WC1V 7AA, United Kingdom"
17453986,AFRICAN CORRIDORS LIMITED,2026-09-11,active,ltd,59113,"Berkshire House, 168 - 173 High Holborn, London, WC1V 7AA, United Kingdom"
17453973,BLUE FROG IT SOLUTIONS LIMITED,2026-09-11,active,ltd,62020,"2 Maxey Close, Shaw, Swindon, SN5 5SD, England"
17453997,BLACK MOUNTAIN SECURITY LTD,2026-09-11,active,ltd,80100,"61 Muscliffe Lane, Bournemouth, BH9 3NF, England"
17453996,JULIAN CLEANING EXPERTS LTD,2026-09-11,active,ltd,81210,"167-169 Great Portland Street, London, W1W 5PF, England"
17454000,HSA TRUSTED SERVICE LTD,2026-09-11,active,ltd,81210;81299;82990,"17 Tadworth Parade, Hornchurch, London, RM12 5AS, England"
NI743707,KERRI MULLIGAN CONFIDENCE COACH LTD,2026-09-11,active,ltd,70229;85590,"12 Pinley Crescent, Banbridge, BT32 3UY, Northern Ireland"
17454216,W VENTURES TRADING LTD,2026-09-11,active,ltd,68209;68320,"Pandle House, 70 Grange Road East, Wirral, CH41 5FE, United Kingdom"
17454221,WAL VENTURES LTD,2026-09-11,active,ltd,47910,"6 Dawlish Road, London, E10 6QD, England"
17454222,B.C FLORAL MARKETS LTD,2026-09-11,active,ltd,47760,"Sherwood House Chapel Road, Ramsey, Huntingdon, PE26 2RS, England"
17454225,VANTOCH LIMITED,2026-09-11,active,ltd,46900,"82a James Carter Road, Mildenhall, IP28 7DE, United Kingdom"
17454209,FASTBREAK LABS LTD,2026-09-11,active,ltd,62012,"Flat 1 59 Mount Ararat Road, Richmond, TW10 6PL, England"
17454227,SITR TRADING COMPANY LTD,2026-09-11,active,ltd,47710,"71-75 Shelton Street, Covent Garden, London, WC2H 9JQ, United Kingdom"
17454212,CORE SPV 1 LTD,2026-09-11,active,ltd,41100;41202;68209,"13 Denton Village, Peterborough, PE7 3SD, England"
17454219,STITCH OF SIN LTD,2026-09-11,active,ltd,47710,"3 Higson Road, Lincoln, LN1 3XB, England"
17454563,WIREAGENT LTD,2026-09-11,active,ltd,62012,"4 Howell Close, Arborfield, Reading, RG2 9QN, England"
17454559,AHMAD ECOM LTD,2026-09-11,active,ltd,47910,"Office 1927 60 Tottenham Court Road, Fitzrovia, London, W1T 2EW, United Kingdom"
17454566,TONY'S DRY CLEANERS LIMITED,2026-09-11,active,ltd,96010,"303c Green Lanes, London, N13 4XS, England"
17454562,THORNLEY STREET MOT CENTRE LTD,2026-09-11,active,ltd,45200,"13 Norton Road, Burton-On-Trent, DE13 0PU, England"
17454576,TEMUR 1907 LTD,2026-09-11,active,ltd,56102,"104d St. Mary Street, Weymouth, DT4 8NY, England"
17454547,HERITAGE WORKS BY XENTEK & JDA LIMITED,2026-09-11,active,ltd,93199,"Unit 15 Kingsforth Road Business Centre Kingsforth Road, Thurcroft, Rotherham, S66 9HU, England"
17454582,SURAJ ENTERTAINMENT LTD,2026-09-11,active,ltd,82301,"41 Beechwood View, Leeds, LS4 2LP, England"
17454556,HK FRANCHISE LTD,2026-09-11,active,ltd,82990,"106-110a Worcester Road, Bromsgrove, B617AH, United Kingdom"
17454579,FOURTH DIMENSION SPORTS LTD,2026-09-11,active,ltd,62012;70229,"Suite 5050 60 Tottenham Court Road, Fitzrovia, London, W1T 2EW, United Kingdom"
17454580,REFURBIT RETAIL LIMITED,2026-09-11,active,ltd,95110,"22 Park Street, Hull, HU2 8RR, England"
17454679,ADD FOCUS ANAESTHESIA LIMITED,2026-09-11,active,ltd,86220,"Middletons, Ash Priors, Taunton, Somerset, TA4 3NQ, England"
17454674,MAYA PLANTS AND FLOWERS LTD,2026-09-11,active,ltd,47760,"1 Bro Afallon, Denbigh, LL16 5YN, Wales"
17454691,GOSSIP NAILS NANTWICH LTD,2026-09-11,active,ltd,96020,"596 Green Lanes, London, N13 5RY, United Kingdom"
17454687,VALDELLO LTD,2026-09-11,active,ltd,11050,"876 East Rochester Way, Sidcup, DA15 8PD, England"
17454700,GHP MIDLANDS LTD,2026-09-11,active,ltd,46320;96090,"36 Ditherington Road, Shrewsbury, SY1 4AU, United Kingdom"
17454672,SCRAPPER PRODUCTIONS LIMITED,2026-09-11,active,ltd,58190;73110,"31 Castle Road, Clacton-On-Sea, CO15 1JG, United Kingdom"
17454678,STOTER SOLAR SOLUTIONS LTD,2026-09-11,active,ltd,47910,"128 City Road, London, EC1V 2NX, United Kingdom"
17454676,HEMED CLEANING SERVICES LTD,2026-09-11,active,ltd,81210,"Apartment 3 12 Mosedale Way, Birmingham, B15 2BL, England"
17454689,EVERYDAY ESSENTIALSUK LIMITED,2026-09-11,active,ltd,46900,"11 Foster Road, Norwich, NR3 3PN, England"
17454685,LIPHOOK GOLF CLUB LIMITED,2026-09-11,active,private-limited-guarant-nsc,93120,"Liphook Golf Club, Wheatsheaf Enclosure, Liphook, Surrey, GU30 7EH, United Kingdom"
17454693,T TAFA LIMITED,2026-09-11,active,ltd,41201,"49 Lawson Close, London, E16 3JS, England"
17454919,RDX DESIGN LIMITED,2026-09-11,active,ltd,41202;74100,"33 Colwyn Avenue, Derby, DE23 6HH, England"
17454918,MISS BLOOM LTD,2026-09-11,active,ltd,47760;47910;77299,"118 Antill Road, London, N15 4BA, England"
17454926,JLS GROUP HOLDINGS LTD,2026-09-11,active,ltd,64209,"82a James Carter Road, Mildenhall, Bury St. Edmunds, IP28 7DE, England"
17454916,CAREFUL HOME RENOVATIONS LTD,2026-09-11,active,ltd,41202,"77 Brougham Road, Worthing, BN11 2PA, United Kingdom"
17454923,KHALIS BUILDERS LTD,2026-09-11,active,ltd,41202,"15 Vicarage Road, Hornchurch, RM12 4AS, England"
17454934,THOBE HOUSE LTD,2026-09-11,active,ltd,47710,"249-251 Green Street, London, E7 8LJ, England"
17454936,LITTLE DUCK GROUP LTD,2026-09-11,active,ltd,64301,"Flat 23 Russell Chambers, Bury Place, London, WC1A 2JU, England"
17454937,24/7 RECOVERY YORK LTD,2026-09-11,active,ltd,52290,"1 Spruce Close, York, YO32 4TU, United Kingdom"
17454928,T NISAR LTD,2026-09-11,active,ltd,86210,"66 Slade Lane, Manchester, M13 0GN, England"
17431375,BREEZY FASHIONS LIMITED,2026-09-01,active,ltd,47910,"Suite Ra01 195-197 Wood Street, London, E17 3NU, England"
17455102,KRR BUILDERS LTD,2026-09-12,active,ltd,41201;41202;43390,"11 Calverley Crescent, Dagenham, RM10 7QU, England"
17455096,TTA PROJECTS LTD,2026-09-12,active,ltd,43999,"34a St. Peters Road, Oundle, Peterborough, PE8 4NS, England"
SC902439,GP LASER FORGE LTD,2026-09-12,active,ltd,81210;81222;81229;81299,"104 Corsewall Street, Coatbridge, ML5 1RD, Scotland"
17455101,VELA PROPERTY HOLDINGS LTD,2026-09-12,active,ltd,68209,"Flat 2 19 Moore Park Road, Fulham, London, SW6 2HU, United Kingdom"
17455097,SUITE RENEWAL CONSULTING LTD,2026-09-12,active,ltd,62020,"Flat 44 Elm Bank Mansions, The Terrace, London, SW13 0NS, England"
SC902438,CROWN ELECTRICAL SOLUTIONS (EDINBURGH) LTD,2026-09-12,active,ltd,35140,"Hudson House, 8 Albany Street, Edinburgh, EH1 3QB, Scotland"
17455105,NXT GEN BUILDING CONTRACTORS LTD,2026-09-12,active,ltd,41100,"78 Arundel Road, Angmering, Littlehampton, BN16 4LH, England"
17455085,GD DEVELOPMENTS LTD,2026-09-12,active,ltd,62012,"80 Green Hills, Harlow, CM20 3SY, England"
SC901800,SHOWFIELD SOLUTIONS LTD,2026-09-07,active,ltd,62012;62090;63110,"Office 667 18 Young Street, Unit Lge, Edinburgh, EH2 4JB, Scotland"
17455090,AXCM LTD,2026-09-12,active,ltd,41201;41202;43390,"51 St. Ives Road, Wigston, LE18 2JB, England"
17455086,WREN AND FIG LTD,2026-09-12,active,ltd,47910,"10d Reads Street, Stretham, Ely, CB6 3JT, England"
SC902437,SA BROTHER LIMITED,2026-09-12,active,ltd,47910,"0/1 3 Carfin Street, Glasgow, G42 7QA, Scotland"
17437958,IDYLL INK LTD,2026-09-04,active,ltd,47429;47910;74100,"29 Philipson Street, Newcastle Upon Tyne, NE6 4EN, United Kingdom"
17437959,SALAMA VOYAGE LTD,2026-09-04,active,ltd,49410,"31 Bristol Street, Wolverhampton, WV3 0HD, England"
17437956,MERIDIAN PROPERTY VENTURES LTD,2026-09-04,active,ltd,68209,"16 Charles Drive, Dudley, Cramlington, NE23 7AW, United Kingdom"
17437974,RUKARA PROPERTIES LIMITED,2026-09-04,active,ltd,68201,"22 Carlile Hill, Hemlington, Middlesbrough, TS8 9SL, England"
17437965,MA HOSPITALITY LIMITED,2026-09-04,active,ltd,56103,"28 London Road, Stockton Heath, Warrington, WA4 6HN, England"
17437968,ELKHARAZ DENTAL LTD,2026-09-04,active,ltd,86220;86230,"731 Stockport Road, Manchester, M19 3AR, England"
17437962,NATURAL RESONANCE CLINIC LTD,2026-09-04,active,ltd,86900,"Moor Park House Bawtry Road, Wickersley, Rotherham, S66 2BL, England"
17437970,HARINGEY FIREAWAY LTD,2026-09-04,active,ltd,56103;56210;56290,"463 Lordship Lane, London, N22 5DJ, England"
17437966,R.M MARINE ENGINEERING LTD,2026-09-04,active,ltd,33150,"10 Well Hay Close, Plymouth, PL9 8DT, England"
17438162,WHERETRANS LTD,2026-09-04,active,ltd,52219;52243;52290;82990,"42-44 Bishopsgate, London, EC2N 4AH, England"
17438169,BABA ACCESSORIES LIMITED,2026-09-04,active,ltd,47421;47429,"1 Springway Close, Leicester, LE5 2GD, England"
17438150,LITTLE HAMPTON HOUSING LTD,2026-09-04,active,ltd,68209;98000,"1210 Warwick Road, Acocks Green, Birmingham, B27 6BY, England"
17438151,AT THE EVENT UK LIMITED,2026-09-04,active,ltd,47910;74100,"54 Elizabeth Road, Sutton Coldfield, B73 5AT, England"
17438155,THE LIVE DISTRICT LTD,2026-09-04,active,ltd,59200,"17 Hampton Close, Spondon, Derby, DE21 7QD, England"
17438159,SEGHETTI PATHOLOGY SERVICES LTD,2026-09-04,active,ltd,86220;86900,"Flat 304 Edgewater Building, 53 Fulton Road, Wembley, Greater London, HA9 0HT, United Kingdom"
17438165,EASYWAY ACCOUNTANTS LTD,2026-09-04,active,ltd,69201;69202;69203,"121 Adelphi Crescent, Hayes, UB4 8NA, England"
17438143,TECHMEGATRENDS LTD,2026-09-04,active,ltd,62020,"Flat 13, 15, Bessemer Lodge Ada Walk, Milton Keynes, MK10 9SW, United Kingdom"
17438016,MENTIONLIFT LTD,2026-09-04,active,ltd,62012;62020,"66 Paul Street, London, EC2A 4NA, England"
17438024,SUPER WASH HAND CAR WASH LTD,2026-09-04,active,ltd,81299;82990,"Bedford Way Service Station Bedford Road, Rushden, Northampton, NN10 0ND, United Kingdom"
17437979,BELTRIX LTD,2026-09-04,active,ltd,47910,"Office 21061 182-184 High Street North, East Ham, London, E6 2JA, United Kingdom"
17437981,CORINTHIAN COMPLIANCE & CONSULTANCY LTD,2026-09-04,active,ltd,70229,"5 Elder Close, Whittle-Le-Woods, Chorley, PR6 7TQ, England"
SC901551,NH MEDICAL CONSULTING LTD,2026-09-04,active,ltd,86210,"14a Moray Place, Edinburgh, EH3 6DT, Scotland"
17438021,KENNEDY MARR GROUP LIMITED,2026-09-04,active,ltd,46140,"Floor 24 The Shard, 32 London Bridge Street, London, SE1 9SG, United Kingdom"
17438023,BANGA HAULAGE LTD,2026-09-04,active,ltd,49410,"2 Parkes Lane, Tipton, DY4 9JG, England"
17438008,COREAIR VENTILATION LTD,2026-09-04,active,ltd,28250,"Agincourt House, 14 Clytha Park Road, Allt Yr Yn, Newport, NP20 4PB, United Kingdom"
17438037,HAZOO PHARMACEUTICALS LTD,2026-09-04,active,ltd,74909,"Amba House, 22 Deverills Way, Slough, SL3 8WN, England"
17438036,BEITHAK LTD,2026-09-04,active,ltd,56102;56290,"1 Overtons Yard, Croydon, CR0 1SL, United Kingdom"
17438018,EIGHTH HOUSE COLLECTIVE LTD,2026-09-04,active,ltd,82990,"1 Meadow Avenue, Fordingbridge, SP6 1LN, England"
17438012,YONDERVAST LTD,2026-09-04,active,ltd,58290;62012;62020;63110,"Office 403, Screenworks 22 Highbury Grove, London, N5 2ER, United Kingdom"
17438009,OVERPARENT LIMITED,2026-09-04,active,ltd,62012,"12 Culver Road, Stockport, SK3 8PE, England"
17438175,NICE ONE LABS LTD,2026-09-04,active,ltd,62011;62012,"Flat 2601 Salvor Tower 41 Mastmaker Road, London, E14 9XS, England"
17438187,NAK CAPITAL LTD,2026-09-04,active,ltd,64209;68100,"77 Holyhead Road, Birmingham, B21 0LG, England"
17438188,WILD RIPPLES LTD,2026-09-04,active,ltd,14190;47910,"G8 Lynch Lane Offices, Lynch Lane, Weymouth, Dorset, DT4 9DN, United Kingdom"
17438181,MATTHEW RYAN SECOND CHANCE C.I.C.,2026-09-04,active,private-limited-guarant-nsc,85600,"23 Tymynydd Close, Blaenavon, Pontypool, NP4 9JH, Wales"
17438196,HANDS FIRM LTD,2026-09-04,active,private-limited-guarant-nsc,90030,"85 Great Portland Street, London, W1W 7LT, England"
17438195,4K RETAILS LTD,2026-09-04,active,ltd,47110,"3 Redsells Close, Downswood, Maidstone, ME15 8SN, England"
NI743501,MCBRIDE GROUP HOLDING COMPANY LTD,2026-09-04,active,ltd,64209,"91 Ligford Road Plumbridge, Omagh, Tyrone, BT79 8DW, United Kingdom"
17438192,ELVANTA RETAIL LTD,2026-09-04,active,ltd,47910,"Unit A1716, Siu Offices 4-6 Greatorex Street, London, E1 5NF, United Kingdom"
17438193,RIVA DESIGN LTD,2026-09-04,active,ltd,62012;74100,"128 City Road, London, EC1V 2NX, United Kingdom"
SC901553,KHAOC APPAREL LTD,2026-09-04,active,ltd,47910,"19 Windsor Place, Edinburgh, EH15 2AJ, Scotland"
17437948,ONIGA LTD,2026-09-04,active,ltd,68209,"47 Otterden Street, London, SE6 3SL, United Kingdom"
17437947,1500 LTD,2026-09-04,active,ltd,47910,"The Woodlands, Wilday Green Lane, Dronfield, S18 7SH, United Kingdom"
17437944,ODEVIVA LTD,2026-09-04,active,ltd,58190,"71-75 Shelton Street, Covent Garden, London, WC2H 9JQ, United Kingdom"
17437990,GG-AA PROPERTIES LIMITED,2026-09-04,active,ltd,68100;68209,"64 Mill Lane, West Derby, Liverpool, L12 7JB, England"
17438002,VELOCE RETAIL LIMITED,2026-09-04,active,ltd,47910;47990,"Flat 2552 37 Westminster Buildings, Theatre Square, Nottingham, NG1 6LG, United Kingdom"
17438004,UKBARGAINS2008 LTD,2026-09-04,active,ltd,47910;47990;49410;52103,"170 Merrivale Road, Smethwick, B66 4EA, England"
17437996,BURTON FAMILY ESTATES LIMITED,2026-09-04,active,ltd,68100,"Bracken Rigg Arkleside, Horsehouse, Leyburn, DL8 4TU, England"
17438086,ZAMAN SONS SUPER MALL LTD,2026-09-04,active,ltd,47910,"Unit 82a James Carter Road, Mildenhall, Bury St. Edmunds, IP28 7DE, England"
17438087,XEGA LTD,2026-09-04,active,ltd,18203,"11 Upminster Close, Milton Keynes, MK10 9PZ, United Kingdom"
17438098,BERON HOMES UK LTD,2026-09-04,active,ltd,68209;68320,"Flat 305 54 Flagstaff Road, Reading, RG2 6BY, England"
17438101,TENGFEI TECHNOLOGY LTD,2026-09-04,active,ltd,58290;62012;62020;62090,"Office 9086 182-184 High Street North, East Ham, London, E6 2JA, United Kingdom"
17438075,SNS BATHROOMS LTD,2026-09-04,active,ltd,43390,"2 Vardre Lane, Llandudno, LL30 2PH, Wales"
17438102,H&H DEVELOPMENTS WILMSLOW LTD,2026-09-04,active,ltd,41202,"19 King Street, Knutsford, WA16 6DW, United Kingdom"
17438091,REDPOINT BRANDS LTD,2026-09-04,active,ltd,56103;56210;56290,"Flat 2 66 Warberry Road West, Torquay, TQ1 1NU, England"
17437742,PADELMAN LTD,2026-09-04,active,ltd,85510,"176-178 Pontefract Road, Cudworth, Barnsley, S72 8BE, England"
17437741,HARBOUR AND WEST LTD,2026-09-04,active,ltd,74902,"167-169 Great Portland Street, London, W1W 5PF, England"
17437738,JONES HEALTH CLUBS LIMITED,2026-09-04,active,ltd,93110,"Unit 2g Redwither Tower, Redwither Business Park, Wrexham, LL13 9XT, Wales"
17437802,1601 TRADING LTD,2026-09-04,active,ltd,47990;82920,"Taxbell Associates The Bee Hive Offices 1st Floor, Suite 112a, 53 Derby Street, Manchester, M8 8HW, England"
17437805,MAGICKAL HOMES LTD,2026-09-04,active,ltd,68100,"195-197, Suite Ra01 Wood Street, London, E17 3NU, United Kingdom"
17437804,JSM CREATIVE LIMITED,2026-09-04,active,ltd,90020,"Fifth Floor Clareville House, 26-27 Oxendon Street, London, St James'S, SW1Y 4EL, United Kingdom"
17437803,SPLIT GREY PRODUCTIONS LTD,2026-09-04,active,ltd,90030,"128 City Road, London, EC1V 2NX, United Kingdom"
17437808,ARCADIA COMMUNITY TRAVEL CIC,2026-09-04,active,private-limited-guarant-nsc,79120;85520;85590;88990,"13 Sandycroft Avenue, Wythenshawe, Manchester, M22 9AL, England"
17437810,SAMANTHULA TRADE LTD,2026-09-04,active,ltd,47190,"26 Pipkin Court, Coventry, CV1 2UG, England"
17437807,IMI HOMES LTD,2026-09-04,active,ltd,68209,"113 Romford Road, London, E15 4LY, United Kingdom"
17437812,QUEER COMMUNITIES CIC,2026-09-04,active,private-limited-guarant-nsc,85590;88990;93290;94990,"118 Lower Barn Road, Purley, CR8 1HR, England"
17437811,QJ2 JUNE3 LTD,2026-09-04,active,ltd,62020;62090;63990,"Amber Court William Armstrong Drive, Newcastle Business Park, Newcastle Upon Tyne, NE4 7YA, United Kingdom"
17437813,ALV9 RECORDS LIMITED,2026-09-04,active,ltd,59200;90030,"Level 5a Maple House, 149 Tottenham Court Road, London, W1T 7NF, United Kingdom"
17437821,£LITE CLEANS LTD,2026-09-04,active,ltd,81222,"90 Maplestead Road, Dagenham, RM9 4XT, United Kingdom"
17437829,MEG TRANSPORT LTD,2026-09-04,active,ltd,49410,"6 May Blossom Walk, Spalding, PE11 1JY, England"
17438205,TOWER BRIDGE COLLECTION LTD,2026-09-04,active,ltd,47710;47722,"Liberty House, 30 Whitchurch Lane, Edgware, HA8 6LE, England"
17438206,7YG LEGAL & CONSULTANCY SERVICES LTD,2026-09-04,active,ltd,69101;69109;70229;74909,"2nd Floor College House, 17 King Edwards Road,, Ruislip,, London,, HA4 7AE, United Kingdom"
17438216,PURE PRESS WELLNESS LTD,2026-09-04,active,ltd,10320,"195 Wood Street, London, E17 3NU, England"
17438218,LABION LTD,2026-09-04,active,ltd,74902,"454b Nottingham Road, Derby, DE21 6PE, England"
17438203,KG PLUMBING AND HEATING SOLUTIONS LTD,2026-09-04,active,ltd,43220,"75 Ingram Drive, Blyth, NE24 5EE, United Kingdom"
17438221,ELITE ROOFING & PROPERTY CARE LTD,2026-09-04,active,ltd,43910,"105 High Street, Brentwood, CM14 4RR, England"
17438223,THRESHER ACCOUNTING LIMITED,2026-09-04,active,ltd,69201,"7 Bellevue Road, Eastleigh, SO50 9BA, England"
17438222,RUMOUR HOLD CO LIMITED,2026-09-04,active,ltd,56101,"42 Glenthorne Road, London, W6 0LS, England"
17439948,RUBILAND GROUP LIMITED,2026-09-04,active,ltd,68209;81100,"Unit 4 Bittacy Business Centre, Bittacy Hill, London, Greater London, NW7 1BA, United Kingdom"
17439952,M&LM LIMITED,2026-09-04,active,ltd,43210,"Michael Faraday Works, Brook Street, Preston, PR1 7HN, England"
17439951,NYTFORGE LTD,2026-09-04,active,ltd,59112;62012;70229;73110,"Flat 14 Fairmile House, 30 Twickenham Road, Teddington, TW11 8BA, England"
17439949,R A NAUGHTON LTD,2026-09-04,active,ltd,49410,"Unit 9 Far Cromwell Road, Bredbury, Stockport, SK6 2SE, England"
17439955,ASK CREST LIMITED,2026-09-04,active,ltd,62012;62020;62090,"1364a London Road, Norbury, London, SW16 4DE, England"
17439953,A421 MOTORS LTD,2026-09-04,active,ltd,45112,"241 Denman Street, Nottingham, NG7 2BY, England"
17439957,SUNNY ROSE ESTATES LTD,2026-09-04,active,ltd,68100;68320,"2 Jessam Ave, London, E5 9DU, England"
17439956,LEGIONS (JESMOND) LIMITED,2026-09-04,active,ltd,41100,"The Grainger Suite Dobson House Regent Centre, Gosforth, Newcastle Upon Tyne, NE3 3PF, United Kingdom"
17439959,VICTORIA HARTLEY CONSULTING LIMITED,2026-09-04,active,ltd,18130;70210,"2 New Road, Brading, Sandown, PO36 0DT, England"
17439991,FIRST CLASS CLEANING SOLUTIONS LTD,2026-09-04,active,ltd,81222,"Ty Merlin 5b, Caerphilly Business Park, Caerphilly, CF83 3GS, Wales"
17439997,CITAK LTD,2026-09-04,active,ltd,56103,"67 Undercliff Road West, Felixstowe, IP11 2AD, England"
17439996,NEUROSTACK LIMITED,2026-09-04,active,ltd,62090,"9 Martin Road, Barnstaple, EX32 7EL, England"
17439992,SHV TRANSPORT OR RECOVERY LTD,2026-09-04,active,ltd,49410,"Mallard View The Green, Bardwell, Bury St. Edmunds, IP31 1AW, England"
17439982,OUTPOST WORKS LTD,2026-09-04,active,ltd,70229,"Old Ditton, Furze Platt Road, Maidenhead, SL6 6NT, England"
17439994,AKBAR TRADING GROUP LTD,2026-09-04,active,ltd,47910,"5 Tavora Street, Wakefield, WF1 3NP, United Kingdom"
SC901649,DDRMMXM LTD,2026-09-04,active,ltd,64991,"36f Balmoral Terrace, Dundee, DD4 8SJ, Scotland"
17440071,FOLLY MAKES LTD,2026-09-04,active,ltd,47770;47799;47910,"163 City Road, London, EC1V 1NR, England"
17440076,LUVANCO LIMITED,2026-09-04,active,ltd,62020;80200,"Unit 1 Ballard Industrial Centre, Revenge Road, Chatham, ME5 8UD, England"
17440080,GRACEFUL MOTORS LIMITED,2026-09-04,active,ltd,45112,"31 Goby House Creative Road, London, SE8 3GN, England"
17440077,MIDLANDS TAPING LTD,2026-09-04,active,ltd,41201,"59 Greenwood Park, Cannock, WS12 4DQ, United Kingdom"
17440070,BLACK BEANS LTD,2026-09-04,active,ltd,47910;47990,"152 Tynedale Road, Birmingham, B11 3QT, England"
17440189,SHEAF TRADING LTD,2026-09-05,active,ltd,46190;46420;46900,"16 Handsworth Grange Close, Sheffield, S13 9HA, England"
17440191,SSE UK PROPERTIES LTD,2026-09-05,active,ltd,68100;98000,"2 Tamworth Apartments, Moss Lane West, Manchester, M15 5PE, England"
17440187,KAMIL TRANSPORT LTD,2026-09-05,active,ltd,49410,"7 Roebuck Street, Wombwell, Barnsley, S73 0JT, England"
17440184,BARZAN CAR WASH LTD,2026-09-05,active,ltd,81299,"Petrol Station, Grange Road, Gosport, PO13 8AP, United Kingdom"
17440170,DISTRICT TRANSPORT LTD,2026-09-05,active,ltd,52290,"Block 2, 1, Pennine Five Campus, Tenter Street, Sheffield, S1 4BY, United Kingdom"
17440182,SHIR HOLDINGS GROUP LIMITED,2026-09-05,active,ltd,64209,"1 Sandy Lane, North Baddesley, Southampton, SO52 9EA, United Kingdom"
17440178,AJ PROCTOR CDM & CONSTRUCTION SERVICES LTD,2026-09-05,active,ltd,42220,"24 Boby Road, Bury St. Edmunds, IP32 6ST, United Kingdom"
17440168,DIAMOND CAR DEALERSHIP LTD,2026-09-05,active,ltd,45112,"643 Wellingborough Road, Northampton, NN3 3HS, England"
17440167,R&N DIRECT COMMERCE LIMITED,2026-09-05,active,ltd,47910,"73 Wetherby Road, Bicester, OX26 1BH, England"
17440420,FIELD HEAD YORKSHIRE LIMITED,2026-09-05,active,ltd,68209,"4-6 Swabys Yard Walkergate, Beverley, East Yorkshire, HU17 9BZ, United Kingdom"
17440428,OBT LIMITED,2026-09-05,active,ltd,45200;49410,"Flat 6, Davies House, Oldbury Green, Oldbury, B69 4JE, England"
17440429,DOVETAIL DEVELOPMENTS LIMITED,2026-09-05,active,ltd,41100,"24 Viridian Square, Aylesbury, HP21 7FX, United Kingdom"
17440425,MITRA MEDICAL AESTHETICS LIMITED,2026-09-05,active,ltd,86220;86900;96020,"21-23 Princip Street, Birmingham, B4 6LE, England"
17440427,HASHIMSARDAR LTD,2026-09-05,active,ltd,47910,"13 Loudoun Avenue, Ilford, IG6 1AS, England"
17440426,HEARTHSTONE REALTOR LTD,2026-09-05,active,ltd,68310,"Flintfields The Street, Kettlestone, Fakenham, NR21 0AU, England"
17440392,NELLY HEALTHCARE SERVICE LTD,2026-09-05,active,ltd,86210,"C/O Aacsl Accountants Limited, 1st Floor, North Westgate House, Harlow, Essex, CM20 1YS, United Kingdom"
17440393,LIVERPOOL INTERNATIONAL MARITIME ACADEMY LTD,2026-09-05,active,ltd,85590,"1 Braemar Road, Dorchester, DT1 2AR, England"
17440387,DMS DOMESTIC MANAGEMENT SERVICES LIMITED,2026-09-05,active,ltd,81210;81299,"Unit 94, Cariocca Business Park,2 Hellidon Close, Ardwick, Manchester, M12 4AH, England"
17440389,REBSAR LOGISTICS LTD,2026-09-05,active,ltd,49410;70229,"All Saints Business Centre, All Saints Street, Bolton, Greater Manchester, BL1 2EJ, United Kingdom"
17440390,CHRIS HGV TRANSPORT LIMITED,2026-09-05,active,ltd,49410,"Flat 5 94 Ampthill Road, Flitwick, Bedford, MK45 1BA, England"
17440419,BB LITE LTD,2026-09-05,active,ltd,47110,"77-79 Liverpool Road, Formby, L37 6BU, United Kingdom"
17440416,DAYLIGHT INVESTMENTS LIMITED,2026-09-05,active,ltd,68209,"34 High Street, Aldridge, Walsall, WS9 8LZ, England"
17440385,BSE 7.8 LTD,2026-09-05,active,ltd,68100,"Brooke House 2a, Coventry Road, Ilford, Essex, IG1 4QR, England"
17440382,DLM CAPITAL PARTNERS LTD,2026-09-05,active,ltd,82110,"27 Old Gloucester Street, London, WC1N 3AX, United Kingdom"
17440381,BSE 7.5 LTD,2026-09-05,active,ltd,68100,"Brooke House 2a, Coventry Road, Ilford, Essex, IG1 4QR, England"
17440374,KNAPMAN ADAPTATIONS LTD,2026-09-05,active,ltd,68100,"112 Onega House, Main Road, Sidcup, DA14 6NE, United Kingdom"
17440433,AJA INTERNATIONAL LOGISTICS LTD,2026-09-05,active,ltd,52103;52290,"128 City Road, London, EC1V 2NX, United Kingdom"
17440408,MK’S TURKISH BARBERS LTD,2026-09-05,active,ltd,96020,"230a Woodhouse Lane, Wigan, WN6 7NF, England"
17440699,AURIONS HOLDING LTD,2026-09-05,active,ltd,46520;46900;47540,"Office 21130, 182-184 High Street North, East Ham, London, E6 2JA, United Kingdom"
17440694,DESIGN DYNAMO XPRESS LTD,2026-09-05,active,ltd,59112;62012;73110;74100,"Office 1746 85 Dunstall Hill, Wolverhampton, WV6 0SR, England"
17440695,HAMISON PROPERTIES LTD,2026-09-05,active,ltd,68100;68209,"40 Victoria Court Victoria Street, Grimsby, DN31 1PT, England"
17440685,WMI SOLUTIONS LIMITED,2026-09-05,active,ltd,49410,"Unit 8 Winterton Road, Old Water Works, Scunthorpe, DN15 0BA, United Kingdom"
17440686,SHIFAAT SUPPLEMENTS LTD,2026-09-05,active,ltd,46390;47910,"66 Paul Street, London, EC2A 4NA, England"
17440687,TIAGO COLONIA LTD,2026-09-05,active,ltd,49100,"85 Merton Road South, Reading, RG2 8AX, United Kingdom"
17440698,CREATIVE GROUP SK LTD,2026-09-05,active,ltd,47610;58110,"Suite Ra01 195 - 197 Wood Street, London, E17 3NU, United Kingdom"
17440706,LIAMLIU LTD,2026-09-05,active,ltd,47190;47750;47789;47910,"Office 15788 Initial Business Centre, Unit 7 Wilson Business Park, Manchester, M40 8WN, United Kingdom"
SC901657,PRS ALLTRADES LTD,2026-09-05,active,ltd,43999,"Clyde Offices, 48 West George Street, Glasgow, G2 1BP, Scotland"
17440696,ASCOT LONDON LTD,2026-09-05,active,ltd,46420,"3 Chapel Hill, Clevedon, BS21 7NL, England"
17441062,RUSLAN CONSTRUCTION SOLUTION MASTER CRAFTSMEN LTD,2026-09-05,active,ltd,41201;41202,"29 Fernhurst Gardens, Edgware, HA8 7PQ, England"
17441063,TASTE OF CHINA BIRSTALL LTD,2026-09-05,active,ltd,56103,"10 Lawnhurst Way, Birstall, Leicester, LE4 3LZ, England"
17441058,BEYOND AUTOMOTIVE LTD,2026-09-05,active,ltd,45112;71200,"22 Kara Street, Salford, M6 5UT, United Kingdom"
17441110,ANK PRIVATE LIMITED,2026-09-05,active,ltd,47910,"101 Valley Drive, London, NW9 9NT, United Kingdom"
17441109,JKL BEAUTY PRODUCTS LIMITED,2026-09-05,active,ltd,46450,"Manor House, 35 St Thomas's Road, Chorley, Lancashire, PR7 1HP, United Kingdom"
17441105,ICARE AND SUPPORT LIMITED,2026-09-05,active,ltd,87200,"28 George Street, Birmingham, B12 9RG, United Kingdom"
17441093,K-JAM GTM LTD,2026-09-05,active,ltd,70229,"Busbridge House Green Lane East, Normandy, Guildford, GU3 2JL, England"
17441094,LAHMBER GROUP LTD,2026-09-05,active,ltd,68209,"2 Wheeleys Road, Edgbaston, Birmingham, B15 2LD, United Kingdom"
17441096,NEXMART LTD,2026-09-05,active,ltd,47910,"43 Bevendean Road Brighton, East Sussex, BN2 4FN, United Kingdom"
17441095,FENCH CAPITAL LTD,2026-09-05,active,ltd,64209,"71-75 Shelton Street, Covent Garden, London, WC2H 9JQ, United Kingdom"
17441089,STUDIO CRAFT CREATIVE LTD,2026-09-05,active,ltd,73110;74100,"4th Floor Office, 205 Regent Street, London, W1B 4HB, England"
17441088,SR7 PIZZA LTD,2026-09-05,active,ltd,56103,"24 Gray Road, Sunderland, SR2 8HB, England"
17441085,SPONKOO LIMITED,2026-09-05,active,ltd,46499;47910,"20 Church Street, Grays, RM17 6EG, England"
17441086,ISM ESTATE HOLDINGS LIMITED,2026-09-05,active,ltd,64209,"13 Thornhill Road, Huddersfield, HD3 3DD, United Kingdom"
17441083,TAMIMI COMMERCE LTD,2026-09-05,active,ltd,47910,"784a Wilmslow Road, Manchester, M20 2DR, United Kingdom"
17441081,TELESTARS LTD,2026-09-05,active,ltd,58290;62012,"71-75 Shelton Street, Covent Garden, London, WC2H 9JQ, United Kingdom"
17441101,ADAPTABLE LIFT SERVICES LTD,2026-09-05,active,ltd,71129,"Office 12b, Fanton Hall, Off Arterial Road, Wickford, Essex, SS12 9JF, England"
17441079,BEAUTYNEAT LTD,2026-09-05,active,ltd,46450;46900;47910;62020,"2nd Floor College House, 17 King Edwards Road,, Ruislip,, London,, HA4 7AE, United Kingdom"
17441050,G.A. AIR CONDITIONING LIMITED,2026-09-05,active,ltd,35300,"Manor House, 35 St Thomas's Road, Chorley, Lancashire, PR7 1HP, United Kingdom"
17441378,ZAMMCLEN LIMITED,2026-09-05,active,ltd,47910,"64 Nile Street, London, N1 7SR, United Kingdom"
17441365,S & S LOCAL STORE LTD,2026-09-05,active,ltd,47110,"87 South Road, Sully, Penarth, CF64 5SN, Wales"
17441364,FP PRODUCTIONS LTD,2026-09-05,active,ltd,90030,"20 Wenlock Road, London, N1 7GU, England"
17441391,MACKIE INVESTMENTS LTD,2026-09-05,active,ltd,64209,"C/O Seftons, 135-143 Union Street, Oldham, Lancashire, OL1 1TE, United Kingdom"
17441354,PRO-SITE & LOGISTICS LTD,2026-09-05,active,ltd,49410;52243;52290,"9 Holyrood Drive, Houghton Regis, Dunstable, LU5 5FW, England"
17441393,NEWBYAAN LTD,2026-09-05,active,ltd,46450;47750;96020;96090,"Elder House, 548-550 Elder Gate, Milton Keynes, MK9 1LR, England"
17441376,GUDVEA LTD,2026-09-05,active,ltd,47910,"20 Wenlock Road, London, N1 7GU, United Kingdom"
17441490,SANCTUARY GLOBAL LTD,2026-09-05,active,ltd,87900,"7 Orchard Court, Harry Weston Road, Coventry, CV3 2TQ, England"
17441486,SANGRA LOGISTICS LTD,2026-09-05,active,ltd,49410;52290;53202,"21 Wishford Avenue, Nottingham, NG7 2NG, England"
17441485,KAAP STAD HOLDINGS LIMITED,2026-09-05,active,ltd,55209,"131 Sutherland Grove, London, SW18 5QU, England"
17441488,STANCE GROUP LIMITED,2026-09-05,active,ltd,62012,"124-128 City Road, London, EC1V 2NX, England"
17441554,VELLUM PROPERTY GROUP LTD,2026-09-05,active,ltd,68100;68209,"80 Grosvenor Road, Rugby, Warwickwire, CV21 3LE, United Kingdom"
17441544,PWFYN LTD,2026-09-05,active,ltd,62012;63110,"71-75 Shelton Street, Covent Garden, London, WC2H 9JQ, United Kingdom"
17441550,ROVENTRA COMMERCE LTD,2026-09-05,active,ltd,47910,"5 Meadowcourt Road, London, SE3 9DU, United Kingdom"
17441558,ALIXO LIMITED,2026-09-05,active,ltd,47910,"51 Ripon Road, Walsall, WS2 9UU, England"
17441547,MUUU LTD,2026-09-05,active,ltd,46900,"33 Trent Road, Luton, LU3 1SZ, England"
17441619,SPILUJR LTD,2026-09-05,active,ltd,43342;43390;84250,"22 Spencer Road, Ilford, IG3 8PW, England"
17441611,NORTHERN SUMMIT PROPERTY GROUP LTD,2026-09-05,active,ltd,55100;68100;68209,"26 Grasmere Road, Lymm, WA13 9PL, England"
17441607,BUY2 LTD,2026-09-05,active,ltd,62020,"Easthampstead House, Town Square, Bracknell, RG12 1BH, England"
17441606,MOR PROPERTY GROUP LIMITED,2026-09-05,active,ltd,64209,"64 Bank View Road, Derby, DE22 1EJ, England"
17441616,FRITH SHOP LTD,2026-09-05,active,ltd,47910,"91 Leybourne Avenue, Bournemouth, BH10 6ET, England"
17441734,ILMUR LTD,2026-09-05,active,ltd,46450;46499;47190;47540,"Ilmur Ltd, Unit 82a, James Carter Road, Bury St. Edmunds, IP28 7DE, England"
NI743526,ALDERGROVE PROPERTIES LTD,2026-09-05,active,ltd,68209,"62 Limestone Square, Armagh, BT60 3AU, Northern Ireland"
SC901673,CCD SUPPLIES LTD,2026-09-05,active,ltd,46900,"22-24 Blythswood Square, Glasgow, G2 4BG, Scotland"
17441728,AZMTH LTD,2026-09-05,active,ltd,43999;81300,"69 Forest Road, Ilford, IG6 3HA, England"
NI743531,MKC FIRE & SAFETY SOLUTIONS LTD,2026-09-06,active,ltd,84250,"23 Springfarm Heights, Newry, Down, BT35 8XA, United Kingdom"
17441863,DRM COMMERCIAL SERVICES LTD,2026-09-06,active,ltd,74902,"20 Forest Road, Huncote, Leicester, LE9 3BG, England"
17441859,KARI LABS LTD,2026-09-06,active,ltd,46510,"105-111 High Street, Houghton Regis, Dunstable, LU5 5BJ, England"
17441861,GET BY YAMMAL LTD,2026-09-06,active,ltd,47910,"353 Park Road, Oldham, OL4 1SF, United Kingdom"
17441902,CARIBBEAN TALENT GROUP LTD,2026-09-06,active,ltd,82990,"16 Wheelers Lane, Milton Keynes, MK13 7HW, United Kingdom"
17441901,BOUND TOGETHER BOOKS LTD,2026-09-06,active,ltd,47610,"71 Dudleston Road, Little Sutton, Ellesmere Port, CH66 4PG, United Kingdom"
17441896,AC CONSTRUCTION TILING LTD,2026-09-06,active,ltd,41202,"8 Lynchets Road, Luton, LU2 7HS, England"
17442021,PAGETT LTD,2026-09-06,active,ltd,68100;68209,"Lark Rise Bell Lane, Hanley Broadheath, Tenbury Wells, Worcestershire, WR15 8QX, United Kingdom"
17442014,AB MARKETING MANAGEMENT LTD,2026-09-06,active,ltd,82990,"24 Porchester Close, Hartley, Longfield, DA3 7DQ, England"
SC901691,THE ALYTH BUTCHERS LTD,2026-09-06,active,ltd,47220,"17 Strathmore Road, Glamis, Forfar, DD8 1RX, Scotland"
17442023,D&L ELECTRICAL SOLUTIONS LTD,2026-09-06,active,ltd,43210,"7 Highgate Close, Hull, HU8 0RP, England"
17442012,TREBOR DRIVE WAYS LTD,2026-09-06,active,ltd,41202,"27 Sorby Way, Rotherham, S66 1DR, England"
17442017,N&Z GLOBAL LTD,2026-09-06,active,ltd,47910,"92 Reede Road, Dagenham, RM10 8DT, England"
17442113,VISAFY GLOBAL LTD,2026-09-06,active,ltd,74909,"Baylis Business Centre, Stoke Poges Lane, Slough, SL1 3PB, England"
17442115,NUS SOLUTIONS LTD,2026-09-06,active,ltd,70229,"167-169 Great Portland Street, London, W1W 5PF, England"
NI743532,SERVE-LINK LTD,2026-09-06,active,ltd,62012;62020;63110;63120,"65 Woodvale Road, Eglinton, Londonderry, BT47 3AH, Northern Ireland"
17442101,CAROL ANN SCARR LTD,2026-09-06,active,ltd,99999,"56 Bridgegate Avenue, Barrow-In-Furness, LA13 9DF, England"
17442099,NAILS BY MARNIE LTD,2026-09-06,active,ltd,96020,"19 Kirkstone Place, Newton Aycliffe, DL5 7DW, England"
17442105,U PHONE FIX LIMITED,2026-09-06,active,ltd,47421;95120,"79 Roslyn Street, Leicester, LE2 1BW, England"
17442108,NORBIQUE LTD,2026-09-06,active,ltd,47910,"98 Kensington Avenue, Thornton Heath, CR7 8BZ, England"
17442116,MEGA THEORY LTD,2026-09-06,active,ltd,70229,"14 Bedford Road, London, W13 0SP, England"
17442163,TEBVORN ENGINEERING LTD,2026-09-07,active,ltd,71121;71122;71129;72190,"71-75 Shelton Street, Covent Garden, London, WC2H 9JQ, United Kingdom"
SC901704,BETTER CALL MO LTD.,2026-09-07,active,ltd,82990;96090,"161 Glasgow Road, Esso Barrhead, Glasgow, G78 1DT, Scotland"
17442162,2KH GROUP LTD,2026-09-07,active,ltd,56102,"5 Cornfield Terrace, Eastbourne, BN21 4NN, United Kingdom"
17442156,ARANDALE LTD,2026-09-07,active,ltd,46390;47750;47910;52290,"75 Checketts Road, Leicester, LE4 5ES, England"
17442323,PARK ROAD CARS LTD,2026-09-07,active,ltd,45112,"404 Park Road, Birmingham, West Midlands, B18 5ST, England"
17442326,FURNISS HEALTHCARE LIMITED,2026-09-07,active,ltd,86220;86900,"Sawyers, Withleigh, Tiverton, EX16 8JG, England"
17442327,PARATUS LEGACY LIMITED,2026-09-07,active,ltd,62012,"Flat 1 50 Marylebone Lane, London, W1U 2AD, England"
17442324,LT3 PERFORMANCE LTD,2026-09-07,active,ltd,85510,"1st & 2nd Floor 2 West Street, Ware, Hertfordshire, SG12 9EE, England"
17442452,KAELIN HOLDINGS LTD,2026-09-07,active,ltd,64209,"Unit 11/12 Hall Farm Sywell Aerodrome, Sywell, Northampton, NN6 0BN, United Kingdom"
17442454,TATTERSALL PROFESSIONAL SERVICES LTD,2026-09-07,active,ltd,74909,"20 Course Lane, Wigan, WN8 7LA, United Kingdom"
17442458,JUMMY'S GLOBAL LIMITED,2026-09-07,active,ltd,47290;96020,"111 Chestnut Avenue, Chatham, ME5 9BE, England"
17442446,N&S HAIRDRESSERS & BEAUTY LTD,2026-09-07,active,ltd,96020,"Flat 11 Constantine House, 44 Roman Way, Beckenham, BR3 3FP, England"
17442449,PRIME WHOLESALE SOLUTIONS LTD,2026-09-07,active,ltd,46520;46900;47910,"71-75 Shelton Street, Covent Garden, London, WC2H 9JQ, United Kingdom"
17442445,GP SUPPORT SUTTON LTD,2026-09-07,active,ltd,86101,"Marshall House, 124 Middleton Road, Morden, Surrey, SM4 6RW, England"
17442639,UNITED CROWN PROPERTIES LTD,2026-09-07,active,ltd,68100,"54 Shady Side, Doncaster, DN4 0DN, England"
17442646,DMP CARPENTRY & JOINERY LTD,2026-09-07,active,ltd,16230,"39 High Street, Orpington, BR6 0JE, England"
17442642,Z.F.K MART LTD,2026-09-07,active,ltd,47910,"Flat 2, 140a Palmerston Road Walthamstow, London, E17 6PZ, United Kingdom"
17442643,SES INT LIMITED,2026-09-07,active,ltd,46900,"Flat 11 29 Gratwicke Road, Worthing, BN11 4BJ, England"
17442609,COMMONS LEGAL CHAMBER LTD,2026-09-07,active,ltd,69109,"62b Minet Avenue, London, England, NW10 8AH, United Kingdom"
17442613,SMART INCOME ACADEMY LIMITED,2026-09-07,active,ltd,47910;70229;85590;85600,"78 Hillside North, Coventry, CV2 3JN, England"
17442611,CREADESIGNS STUDIO LTD,2026-09-07,active,ltd,62011;62012;74100,"71-75 Shelton Street, Covent Garden, London, WC2H 9JQ, United Kingdom"
17442618,NADIS RISK MANAGEMENT LIMITED,2026-09-07,active,ltd,70229,"Unit 2.02 High Weald House, Glovers End, Bexhill On Sea, East Sussex, TN39 5ES, United Kingdom"
17442622,PAVESI LOGISTICS LTD,2026-09-07,active,ltd,49410,"Flat 3, 6 Coatley Close, Swindon, SN3 6FL, United Kingdom"
17442623,AYSE COFFEE LTD,2026-09-07,active,ltd,56102,"500 White Hart Lane, London, N17 7NA, England"
17442601,TOPTIERTRADING LTD,2026-09-07,active,ltd,47910;59112,"5 Scrub Lane, Hadleigh, Essex, SS7 2JA, England"
17442603,RANA CARP PROPERTIES LIMITED,2026-09-07,active,ltd,68201,"26 Huntley Avenue, Penrith, CA11 8NU, United Kingdom"
17442655,MARZAN GROUP LTD,2026-09-07,active,ltd,45111;45112,"124, 124 City Road, London, EC1V 2NX, United Kingdom"
17442599,HAQ STAR LTD,2026-09-07,active,ltd,47910,"33 Mansfield Crescent, Nelson, BB9 5RU, United Kingdom"
17442890,STRUCTURED INTEGRITY LTD,2026-09-07,active,ltd,62011;62012,"5 Glynswood, Wrecclesham, Farnham, GU10 4TN, England"
17442888,TAWAKKUL CAPITAL LIMITED,2026-09-07,active,ltd,68100,"183 Ilford Lane, Ilford, England, IG1 2RT, United Kingdom"
17442891,MAKSTERS GROUP LIMITED,2026-09-07,active,ltd,46160,"Flat 14 Stuart House, 46 Windsor Way, London, W14 0UF, England"
17442897,WMM ENGINEERING LIMITED,2026-09-07,active,ltd,33120,"3 Rose Cottages, Meesden, Buntingford, SG9 0BA, England"
17442898,STORYTALES STUDIOS LTD,2026-09-07,active,ltd,62012,"66 Paul Street, London, England, EC2A 4NA, United Kingdom"
17442906,EAIC LTD,2026-09-07,active,ltd,62012;62020;64209;70229,"4 Bedford Street, Stroud, GL5 1AY, England"
17442905,GCG GROWTH PARTNERS LIMITED,2026-09-07,active,ltd,70229,"1a City Gate, 185 Dyke Road, Hove, BN3 1TL, United Kingdom"
17442907,RITA SATTI DE-SIGN LIMITED,2026-09-07,active,ltd,74100;85590,"11 Dickens Road, Bournemouth, BH6 5QX, England"
17442915,CARGOLANE LOGISTICS LTD,2026-09-07,active,ltd,52290,"4 Simper Mansions, 35 Sleaford Street, London, SW8 5FD, England"
SC901727,RETRO PIXEL COLLECTIBLES LTD,2026-09-07,active,ltd,47910,"2 Fern Gardens, Aberdeen, AB15 8NW, Scotland"
17442896,AK CONSTRUCTRA LTD,2026-09-07,active,ltd,77299,"13 Daffodil Gardens, Ilford, IG1 2HZ, England"
SC901726,NAYYAK TRADERS LIMITED,2026-09-07,active,ltd,47910,"2 Callender Gardens, Dundee, Dundee (City Of), DD4 6BP, Scotland"
17443155,SZ TECHNOLOGY LTD,2026-09-07,active,ltd,62020,"80 Sheephouse Road, Maidenhead, SL6 8HP, England"
SC901746,HIGHLAND PAIN CLINIC LIMITED,2026-09-07,active,ltd,86900,"Manse, Cromlet Drive, Invergordon, IV18 0BA, Scotland"
17443153,STUDY PARTNERS TRAINING LTD,2026-09-07,active,ltd,62090;85590;85600,"180 Ashurst Drive, Ilford, IG6 1EF, United Kingdom"
17443176,ELVRIQ LTD,2026-09-07,active,ltd,62012,"71-75 Shelton Street, Covent Garden, London, WC2H 9JQ, United Kingdom"
NI743543,BANBRIDGE VICTORIA LTD,2026-09-07,active,ltd,41100;68100,"32 Garvaghy Road, Banbridge, BT32 3SZ, United Kingdom"
17443177,TRITECHAI LTD,2026-09-07,active,ltd,47910,"10, 10 Plant Farm Crescent, Waterlooville, PO7 3DB, United Kingdom"
17443166,EVENTIQUE EVENTS LTD,2026-09-07,active,ltd,77299,"18 Barnhill Gardens, Marlow, SL7 3HB, United Kingdom"
SC901748,VARIABLE WORKS LTD,2026-09-07,active,ltd,58290;62012;62020,"4-5 Summit House, Mitchell Street, Edinburgh, EH6 7BD, United Kingdom"
17443170,FLAMES GROUP LTD,2026-09-07,active,ltd,56102,"863 High Road, Ilford, IG3 8TG, England"
17443167,SUSTAIN STRENGTH LIMITED,2026-09-07,active,ltd,47640,"13 Tresham Road Orton Southgate, Peterborough, Cambridgeshire, PE2 6SG, United Kingdom"
17443344,MICROFILER ACCOUNTANTS LIMITED,2026-09-07,active,ltd,69201;69202;69203,"1st Floor Apex House, Grand Arcade, London, N12 0EH, United Kingdom"
17443343,PATHLY TECHNOLOGIES LTD,2026-09-07,active,ltd,62012,"Unit 13 Freeland Park Wareham Road, Lytchett Matravers, Poole, BH16 6FA, England"
17443355,NAVANA LTD,2026-09-07,active,ltd,59112;59200;60200;73110,"17 Rosewood Avenue, Stockport, SK4 2DQ, England"
17443354,GRAY BROTHERS LIMITED,2026-09-07,active,ltd,43999,"The Fields Kyo Lane, Coalburns, Ryton, Gateshead, NE40 4JW, England"
17443353,MIR ACCOUNTING & COMPLIANCE LIMITED,2026-09-07,active,ltd,69201;69202;69203,"124 City Road, London, EC1V 2NX, United Kingdom"
17443321,NORTHGATE HOSPITALITY NE LTD,2026-09-07,active,ltd,56102,"61 Elm Grove, Newcastle Upon Tyne, NE3 2RX, England"
17443322,CRYSTAL CLEAN NORTHUMBERLAND LIMITED,2026-09-07,active,ltd,81222,"40 Westlands, Bellingham, Hexham, NE48 2DW, United Kingdom"
17443323,DIGITAL DOOBURY LIMITED,2026-09-07,active,ltd,62020,"Flat 26 Oceana Boulevard, Briton Street, Southampton, SO14 3HU, England"
17443360,FORTERIS GROUP LIMITED,2026-09-07,active,ltd,64209;70100,"124 City Road, London, EC1V 2NX, England"
17443358,SAINT JOHNS LTD,2026-09-07,active,ltd,56103,"20 Wenlock Road, London, N1 7GU, England"
17443359,OAKLEY HOMES HOLDINGS LIMITED,2026-09-07,active,ltd,64209,"Oakley Homes Regency House, 61 Walton Street, Walton On The Hill, KT20 7RZ, United Kingdom"
17443367,R&L PARTNERS LTD,2026-09-07,active,ltd,68100;68209,"195 Wood Street, London, E17 3NU, United Kingdom"
17443362,SCHOLARS' HARBOUR TUTORING LTD,2026-09-07,active,ltd,85600,"17 Ham Shades Lane, Whitstable, CT5 1NX, England"
17443327,WONDER EVENTS & BALLOONS LIMITED,2026-09-07,active,ltd,56210,"3 Heath Place, Newcastle, ST5 9NX, United Kingdom"
17443337,KZB LTD,2026-09-07,active,ltd,47910,"2 Woodbourne Road, Smethwick, B67 5LY, England"
17443352,SEA LUXURY GROUP LTD,2026-09-07,active,ltd,47910;59111;73110;86900,"167-169 Great Portland Street, London, W1W 5PF, England"
17443557,FILMSHIELD-UK LTD,2026-09-07,active,ltd,41202;43342,"38, 38, Collingwood Buildings Collingwood Street, Newcastle Upon Tyne, NE11JF, United Kingdom"
17443537,NOVAPLUS LABS LIMITED,2026-09-07,active,ltd,47190,"124-128 City Road, London, EC1V 2NX, England"
17443540,DHANJAL CAPITAL HOLDINGS LTD,2026-09-07,active,ltd,64209,"367 Welford Road, Leicester, LE2 6BJ, England"
17443543,17 RECRUITMENT - EVENTS AND COMMUNCATIONS LTD,2026-09-07,active,ltd,82990,"34 Percy Road, London, W12 9QA, United Kingdom"
17443553,SHINE GROUP X LTD,2026-09-07,active,ltd,64209,"167-169 Great Portland Street, London, W1W 5PF, England"
17443555,BARNES CHRISTMAS TREES LIMITED,2026-09-07,active,ltd,47990,"33b Wilberforce Road, London, N4 2SN, United Kingdom"
SC901780,CASTINGSCOTLAND LTD,2026-09-07,active,ltd,59140;78101,"21 Groveburn Avenue, Glasgow, G46 7DA, United Kingdom"
17443556,ORBENTIQ COMMERCE LTD,2026-09-07,active,ltd,47910,"116 Meadway, Birmingham, B33 8LX, England"
17443723,ESTHERS BEAUTE BATH LTD,2026-09-07,active,ltd,47710,"62 Derrydown Road, Birmingham, B42 1RT, England"
17443728,MTRP LDN C.I.C.,2026-09-07,active,private-limited-guarant-nsc,47710;47910;85590;88990,"167-169 Great Portland Street, London, W1W 5PF, England"
17443713,THE SUGAR NEST LIMITED,2026-09-07,active,ltd,56290,"24 Cherry Gardens, Trowbridge, Wiltshire, BA14 7AU, United Kingdom"
SC901803,ZUB PROPERTY LTD,2026-09-07,active,ltd,68100;68209;68320,"211b Main Street, Bellshill, Lanarkshire, ML4 1AJ, Scotland"
17443730,MORGANA MEDIA NETWORK LTD,2026-09-07,active,ltd,73120,"60 Sandys Road, Basingstoke, RG22 6AW, United Kingdom"
SC901801,CENVELA LTD,2026-09-07,active,ltd,58290;62012,"0/1, 3 Macbride Way, Dumbarton, G82 4QW, United Kingdom"
17443822,ALLSOPP FAMILY OFFICE LTD,2026-09-07,active,ltd,70229,"St. Margarets Cottages, Blackhorse Lane, Reading, RG8 0TE, United Kingdom"
17443816,LOVE IS IN THE HAIR TRAINING LIMITED,2026-09-07,active,ltd,96020,"73 Fairway, Fleetwood, FY7 8RA, England"
17443823,DIY HAND POWER TOOLS LTD,2026-09-07,active,ltd,47190;47910,"Radiohouse, Aston Road North, Birmingham, West Midlands, B6 4DA, United Kingdom"
17443824,R&L APPLIANCE REPAIRS (NW) LIMITED,2026-09-07,active,ltd,95220,"33 Walker Grove, Heysham, Morecambe, Lancashire, LA3 2DE, United Kingdom"
17443802,HIGH S BARBER LTD,2026-09-07,active,ltd,96020,"2 Coventry Road, Hinckley, Leicestershire, LE10 0JT, United Kingdom"
17443818,KIKUPZ LTD,2026-09-07,active,ltd,85510,"82 Lumby Hill, Hillam, Leeds, LS25 5HS, England"
17443811,WHITE HORSE NETLEY LTD,2026-09-07,active,ltd,56290,"Netley Marsh, White Horse, Ringwood Road, Southampton, SO40 7GX, United Kingdom"
SC901823,ACE ATTRACTIONS LTD,2026-09-07,active,ltd,93210,"7 Burn Place, Glasgow, G72 7DS, Scotland"
SC901836,TUMBLE BEAN CAFE LTD,2026-09-07,active,ltd,56102;88910;93290,"Unit 8 Rfl House, Anderson Street, Dunblane, FK15 9AJ, Scotland"
17444020,PETER HOOPER UK LTD,2026-09-07,active,ltd,70229;81300;98000,"Cotswold, Perrymead, Bath, BA2 5AX, England"
17444021,NADEEMOLOGY PROVIDENCE HVR-S LTD,2026-09-07,active,ltd,68100;68201;68209;68320,"88 Grove Road, Dunstable, LU5 5PF, United Kingdom"
17444016,LARIQ LTD,2026-09-07,active,ltd,64209;70100,"71-75 Shelton Street, Covent Garden, London, WC2H 9JQ, United Kingdom"
17444026,SIDHU PREMIER LTD,2026-09-07,active,ltd,49410,"98 Gipsy Lane, Leicester, LE4 6RE, United Kingdom"
17444135,XELLENT PROPERTY SERVICES LTD,2026-09-07,active,ltd,82990,"66 Paul Street, London, England, EC2A 4NA, United Kingdom"
17444149,IP INFRASTRUCTURE & ENGINEERING LTD,2026-09-07,active,ltd,42120,"443 Stockport Road West, Stockport, SK6 2BG, United Kingdom"
17444141,VISTAWAYSTECH LIMITED,2026-09-07,active,ltd,62012;62090;78109;78200,"14 Harrow Place, London, E1 7DB, England"
17444145,CAZALET CONSULTING LIMITED,2026-09-07,active,ltd,70229,"71-75 Shelton Street, Covent Garden, London, WC2H 9JQ, United Kingdom"
17444143,A&A CHESHIRE PROPERTY LTD,2026-09-07,active,ltd,68100,"82 Hadfield Close, Manchester, M14 5LY, England"
17444147,ABCOFFEE HOUSE LTD,2026-09-07,active,ltd,56102,"114 Fishergate, York, YO10 4BB, England"
17444407,ALPHASUITE BIO LTD,2026-09-07,active,ltd,58290;72110,"Flat 107, Apt Parkview Great West Road, Brentford, TW8 9GT, United Kingdom"
17444399,MEGGIE STYLE LTD,2026-09-07,active,ltd,47910,"32 Moat Place, Northampton, NN1 2SA, England"
17444390,NEONEXUS HEALTHCARE UK LIMITED,2026-09-07,active,ltd,62012;72110;72190;86900,"The Shipping Building, The Old Vinyl Factory, Blyth Road, Hayes, London, UB3 1HA, United Kingdom"
17444384,COLUMBIA APARTMENTS RTM COMPANY LIMITED,2026-09-07,active,private-limited-guarant-nsc,98000,"3 Columbia Apartments 43-45 Columbia Road, Bournemouth, BH10 4EA, England"
17444408,ORLUNEO LTD,2026-09-07,active,ltd,46900,"8 Rusland Park Road, Harrow, HA1 1UT, England"
17444406,JAP HOUNSLOW RENDERING LTD,2026-09-07,active,ltd,41202;43310;43999,"28 Mornington Crescent, Hounslow, TW5 9SS, England"
17444391,THE UNBEATABLE HUB LTD,2026-09-07,active,ltd,46900;47190;47910;47990,"29 Croft Street, Hyde, SK14 1JA, United Kingdom"
17444393,DEEPCT LTD,2026-09-07,active,ltd,62020,"246 Western Road, Leicester, LE3 0EA, England"
17444550,CONSORTIUM TECHNOLOGIES LIMITED,2026-09-07,active,ltd,27400;27900;46520;46690,"Glebe House, Thorpe Constantine, Tamworth, B79 0LL, England"
17444547,PLUMP AND GLOW LTD,2026-09-07,active,ltd,96020,"30 Allington Crescent, Newick, Lewes, BN8 4NT, England"
17444545,BOXES BIO LTD,2026-09-07,active,ltd,62012,"Flat 7 Queens Keep, Park Road, London, Twickenham, TW1 2QA, United Kingdom"
17444552,BECHO LTD,2026-09-07,active,ltd,47640;47910;85510;93199,"41 Weir Road, Bexley, DA5 1BJ, England"
17444553,AL-MACCA INTERNATIONAL FOR CONTRACTING AND DEVELOPMENT LTD,2026-09-07,active,ltd,41100;41201;41202;43999,"Piccadilly Business Centre, Unit C Aldow Enterprise Park, Blackett Street, Manchester, M12 6AE, United Kingdom"
17429182,NOURISH ESTATE TREEHOUSES LIMITED,2026-09-01,active,ltd,55100,"27 Mortimer Street, London, Greater London, W1T 3BL, England"
17444559,MITCHELL TSCO LTD,2026-09-07,active,ltd,42110,"Flat 7 Woody Court, 178 Brockhurst Road, Gosport, PO12 3BB, England"
17444558,FLOW CRM LIMITED,2026-09-07,active,ltd,62090,"1 Charlesville Place, Neath, SA11 1PY, United Kingdom"
17444717,BETTER RESPIRATORY CARE LTD,2026-09-07,active,ltd,86900,"19 Holme Drive, Oadby, Leicester, LE2 4HF, England"
17444716,POINT NINE FEE LTD,2026-09-07,active,ltd,68310,"61 Bridge Street, Kington, HR5 3DJ, United Kingdom"
17444728,ROSS PRICE PLUMBING & BATHROOMS LIMITED,2026-09-07,active,ltd,96090,"22 Arches Close, Dukestown, Tredegar, NP22 4DS, Wales"
17444715,GLOBAL IMPACT CONNECT CIC,2026-09-07,active,ltd,82302;82990;85590;88990,"87 Sutherland Mount, Leeds, LS9 6DW, England"
17444702,NATURAL & PURE NUTRITION LTD,2026-09-07,active,ltd,46380;46390;47910,"71-75 Shelton Street, Covent Garden, London, WC2H 9JQ, United Kingdom"
17444700,CLOE MALCOLM HOLDINGS LIMITED,2026-09-07,active,ltd,64209,"2nd Floor (Right) Downe House, 303 High Street, Orpington, Kent, BR6 0NN, United Kingdom"
17444721,E1P LTD,2026-09-07,active,ltd,80300;82990,"66 Paul Street, London, EC2A 4NA, England"
17444872,EELAM ARTS AND JUSTICE CIC,2026-09-07,active,private-limited-guarant-nsc,72200;84120;88990;90010,"50 Hunt Road, Southall, UB2 4RR, United Kingdom"
17444862,TAK PROPERTIES SERVICES LIMITED,2026-09-07,active,ltd,68100;68209;68320,"29 Hawthorn Road, Bournemouth, BH9 2QL, England"
17444861,FUTURESPARK STUDIO LTD,2026-09-07,active,ltd,58210;58290;62011;62012,"128 City Road, London, EC1V 2NX, United Kingdom"
17444870,ZYTRIX LTD,2026-09-07,active,ltd,47910,"88 Yew Tree Drive, Blackburn, BB2 7DN, United Kingdom"
17444920,TASTIEZ LTD,2026-09-07,active,ltd,56290,"78 Liverpool Road, Huyton, Liverpool, L36 3RF, England"
17444918,ASCEND STAYS PROPERTY GROUP LTD,2026-09-07,active,ltd,68209,"33 Bryn Meurig, Llanharry, Pontyclun, CF72 9FY, Wales"
17444912,PP RENEW POWER LTD,2026-09-07,active,ltd,82990,"66 Paul Street, London, England, EC2A 4NA, United Kingdom"
17444911,BLUSH AND STRANDS LTD,2026-09-07,active,ltd,96020,"62 Military Road, Northampton, NN1 3EU, United Kingdom"
17430393,ADMINISTRATION STUDIO LTD,2026-09-01,active,ltd,74100,"9 Queen's Yard, White Post Lane, London, E9 5EN, England"
17444928,VERDA CIVILS LTD,2026-09-07,active,ltd,41202,"John Carter House 54-58, Unit 102 Kingsland Road, London, E2 8DP, United Kingdom"
17444929,BEMBY LTD,2026-09-07,active,ltd,62012,"9 Eaton Close, Anlaby, Hull, HU10 7EY, England"
17445079,ALI TARIQ RENTALS LTD,2026-09-07,active,ltd,77110;77400,"52 Forfar Drive, Bletchley, Milton Keynes, MK3 7LS, England"
17445093,CHERSEY LONDON LTD,2026-09-07,active,ltd,47710;47910,"9 South Market Road, Great Yarmouth, NR30 2BQ, England"
17445081,NEEDIT24 LTD,2026-09-07,active,ltd,47990,"142 Bilsdale Grove, Hull, HU9 3UT, United Kingdom"
17445140,MIDI PD LTD,2026-09-08,active,ltd,71122,"4th Floor 95 Gresham Street, London, EC2V 7AB, United Kingdom"
17445218,DRIVEWAY CARS LTD,2026-09-08,active,ltd,45112,"The Old School House 65a, London Road, Leicester, LE2 5DN, United Kingdom"
17445217,SURRCH LTD,2026-09-08,active,ltd,58290;62012;63120,"1 Nightingale Close, Abbots Langley, WD5 0GL, England"
17445195,AMBERHANNAH LIMITED,2026-09-08,active,ltd,86101,"10 Calverton Drive, Southport, PR8 5FQ, England"
17445197,STUDIOHAIR SERVICES LTD,2026-09-08,active,ltd,96020,"Flat 4 Miah House, 149d Brooke Road, London, E5 8AG, United Kingdom"
17445198,ROCKLEY PROPERTIES BLOCK MANAGEMENT LTD,2026-09-08,active,ltd,68100;68310;68320,"24 Woodford Avenue, Ilford, IG2 6XG, England"
17445196,MISDAG GROUP LTD,2026-09-08,active,ltd,62020,"457 Valence Avenue, Dagenham, RM8 3RB, England"
17445204,ATOMIC SOUND SYSTEMS LIMITED,2026-09-08,active,ltd,59200;90020,"15 Newland, Lincoln, Lincolnshire, LN1 1XG, England"
17445179,SAFI KLEENING HUB LTD,2026-09-08,active,ltd,81210;81229,"Office 21166, 182-184 High Street North, London, E6 2JA, United Kingdom"
17445180,CLEAN & CARE LTD,2026-09-08,active,ltd,81210;81299,"66 Paul Street, London, England, EC2A 4NA, United Kingdom"
17445182,PROJECT VALKYRIE LTD,2026-09-08,active,ltd,93199,"314, 334 Queenstown Road, London, SW11 8NP, United Kingdom"
17445181,DAAS PROPERTY HOLDINGS LTD,2026-09-08,active,ltd,68209,"128 City Road, London, EC1V 2NX, United Kingdom"
17445190,VALA LOGISTICS LTD,2026-09-08,active,ltd,53202,"139 Jemmett Road, Ashford, TN23 4RJ, England"
17445189,KK FUTURE LTD,2026-09-08,active,ltd,47710,"66 East Towers, Pinner, HA5 1TL, United Kingdom"
17445187,SULTANI HOUSING LTD,2026-09-08,active,ltd,68209,"30 Boldmere Drive, Sutton Coldfield, B73 5ES, United Kingdom"
17445203,K27 BUILD LTD,2026-09-08,active,ltd,41202,"20 Boundaries Road, Feltham, TW13 5DS, United Kingdom"
17445528,APOLLO TECHNOLOGIES LIMITED,2026-09-08,active,ltd,99999,"71-75 Shelton Street, Covent Garden, London, WC2H 9JQ, United Kingdom"
17445540,KORTENRAY AVIATION SOLUTIONS LTD,2026-09-08,active,ltd,82990,"St James' Hall, Mill Road, Lancing, West Sussex, BN15 0PT, England"
17445538,BELVEDERE S&P LIMITED,2026-09-08,active,ltd,93130,"Mendip House 2 Bloomfield Road, Highgate, London, N6 4ET, United Kingdom"
OC461557,CHEYENNE MUSIC LLP,2026-09-08,active,llp,,"78 Watling Street East, Towcester, Northamptonshire, NN12 6BS, United Kingdom"
17445534,KANG REALTY LIMITED,2026-09-08,active,ltd,68100,"Old Farmers, Pontrhydyfen, Port Talbot, SA12 9SN, Wales"
17445529,EVELYN'S ESCAPES LTD,2026-09-08,active,ltd,55209,"269 Old Worting Road, Basingstoke, RG22 6NX, England"
17445581,REPLYWORKS LTD,2026-09-08,active,ltd,73110,"128 City Road, London, EC1V 2NX, United Kingdom"
17445578,LOVEWORLD CONSULATE LIMITED,2026-09-08,active,ltd,47910;82301;82990;94990,"128 City Road, London, EC1V 2NX, United Kingdom"
17445595,THE PIZZA VAULT LTD,2026-09-08,active,ltd,56103;56210,"C/O Realise Finance Ltd Brightfield Business Hub, Bakewell Road Orton Southgate, Peterborough, PE2 6XU, United Kingdom"
17445596,POR CUATRO CLUB LTD,2026-09-08,active,ltd,14190;47640;47710;47910,"5 Littler Close, Northwich, CW8 4US, England"
17445597,ALLALONE123 LTD,2026-09-08,active,ltd,17240,"9 Cowen Avenue, Harrow, HA2 0LU, United Kingdom"
17445601,GREEN DIAMOND LAKES LTD,2026-09-08,active,ltd,99999,"3rd Floor Cara House, 341 Eade Rd, London, United Kingdom, N15 6RD, United Kingdom"
17445606,GG-398-103 LIMITED,2026-09-08,active,ltd,68209,"C/O Getground, 1 Lyric Square, London, W6 0NB, England"
17445591,SAM & SAM LTD,2026-09-08,active,ltd,70229,"13 Jackdaw Place, Nuneaton, CV11 4FB, United Kingdom"
17445592,MAKS GROUP LTD,2026-09-08,active,ltd,45112;49410,"Kemp House, 152-160 City Road, London, EC1V 2NX, United Kingdom"
17445600,TWIST AND SHAKES LTD,2026-09-08,active,ltd,47240,"40 Mill Bank, Telford, TF1 1SD, United Kingdom"
17445779,DANNYS BARBERS TADCASTER 24 LTD,2026-09-08,active,ltd,96020,"24 Bridge Street, Tadcaster, LS24 9AL, England"
17445781,FOWAHT AL BURKAN GENERAL TRADING LIMITED,2026-09-08,active,ltd,47910,"Office 20594 182-184 High Street North, East Ham, London, E6 2JA, United Kingdom"
17445775,WILDENCE LIMITED,2026-09-08,active,ltd,79110,"51 Bayley Road, Sealand, Deeside, CH5 2GH, United Kingdom"
17439512,DAUNTLESS ENGINEERING LTD,2026-09-04,active,ltd,71121,"Former Atherstone College, Ratcliffe Road, Atherstone, Warwickshire, CV9 1LF, England"
17445782,AZM HUB LIMITED,2026-09-08,active,ltd,47990,"21 Verran Road, Camberley, GU15 2ND, England"
17445784,KHAN DIAGNOSTICS LTD,2026-09-08,active,ltd,86900,"Unit 4, Stirling Court Yard, Stirling Way, Borehamwood, Hertfordshire, WD6 2FX, England"
SC901915,CAR PSYCHOANALYTIC PRACTICE LIMITED,2026-09-08,active,ltd,86900,"172 Kelvinhaugh Street, Glasgow, G3 8PR, Scotland"
17445778,GLW STRAIGHTS LIMITED,2026-09-08,active,ltd,46110,"Lindum Mill Ashby Road, Shepshed, Loughborough, Leicestershire, LE12 9BS, England"
17445776,KSJ CONSULTING LTD,2026-09-08,active,ltd,62020;63990;70229,"Justa House, 206 Holbrook Lane, Coventry, CV6 4DD, England"
17445777,GOLDEN WOK 8 LTD,2026-09-08,active,ltd,56103,"231 High Street, Kelvedon, Colchester, CO5 9JD, England"
17445785,ISB LONDON LIMITED,2026-09-08,active,ltd,56102;56103,"70b Park Grove Road, London, E11 4PU, United Kingdom"
SC901944,CRIENICH HOLDINGS LTD,2026-09-08,active,ltd,01621;55209;96090,"Crienich Stables, Croftamie, Glasgow, G63 0EX, Scotland"
17446028,VELORA EXECUTIVE LTD,2026-09-08,active,ltd,49320,"Suite S 7 Rays House, Northcircular Road, London, NW10 7XP, United Kingdom"
17446030,COMPLETE PROPERTY SOLUTIONS LTD,2026-09-08,active,ltd,68209,"Highfield House White Horse Road, Meopham, Gravesend, DA13 0UF, England"
17446027,EARTHLY HAVEN LTD,2026-09-08,active,ltd,47910,"57 Norman Terrace, Wallsend, NE28 6SP, United Kingdom"
17446033,EDUSERVE.AI LTD,2026-09-08,active,ltd,62090,"Swan Building, 20 Swan Street, Manchester, M4 5JW, England"
17446016,GRACE'S CANNON STREET LIMITED,2026-09-08,active,ltd,56302,"6 Tadworth Parade, Hornchurch, RM12 5AS, England"
17446023,NORTH NEUK PROPERTIES LTD,2026-09-08,active,ltd,68100;68209,"66 Paul Street, London, England, EC2A 4NA, United Kingdom"
SC901946,TANNI LTD,2026-09-08,active,ltd,56103,"Unit D, 2 Rowan Street, Paisley, PA2 6RH, Scotland"
17446031,HOUSE MOVERS UK DIRECT LTD,2026-09-08,active,ltd,52219,"344-348 High Road, Ilford, IG1 1QP, England"
17446186,AEROVISTA HOLDINGS LTD,2026-09-08,active,ltd,46390;46420;46520;46760,"134 2nd Floor Buckingham Palace Road, Singhania & Co Limited, London, SW1W 9SA, United Kingdom"
17446194,JR LATHAM PROPERTIES LTD,2026-09-08,active,ltd,68100;68209,"27 Penk Rise, Wolverhampton, WV6 8JY, England"
17433942,PRIME RECYCLING SOLUTIONS LIMITED,2026-09-02,active,ltd,46140;46690;70229;82990,"Unit 4 Baring Chambers, 13 Denmark Road, Cowes, PO31 7SY, England"
17446188,FOCUSED CARE PSYCHOLOGY LTD,2026-09-08,active,ltd,86900,"2 Frederick Street, Kings Cross, London, WC1X 0ND, United Kingdom"
17446185,LVM RECRUITMENT LTD,2026-09-08,active,ltd,82990,"18 Richmond Avenue, Chichester, PO19 6BU, United Kingdom"
17446180,VPDS CONSULTANCY LTD,2026-09-08,active,ltd,70229,"48 Roxborough Road, Harrow, HA1 1PA, England"
17446177,PRO PREP’D LIMITED,2026-09-08,active,ltd,10890,"35 Chester Street, Wrexham, LL13 8AH, Wales"
17446314,FINVORO CONTRACTING LTD,2026-09-08,active,ltd,78200,"Office 283 The Cube Storage, Haverton Hill Road, Billingham, Stockton On Tees, TS23 1QG, United Kingdom"
17446311,SANNARGENAI LAB LTD,2026-09-08,active,ltd,62012;62020,"128 City Road, London, EC1V 2NX, United Kingdom"
17446318,34 ORIENTS LTD,2026-09-08,active,ltd,58290;62090;63120,"3 Dan-Y-Coedcae Road, Pontypridd, CF37 1LS, United Kingdom"
17446306,THAI PAN-ASIA LIMITED,2026-09-08,active,ltd,56101,"59 Front Street, Prudhoe, NE42 5AA, United Kingdom"
17446305,STIM CLUB LTD,2026-09-08,active,ltd,82301;93199;93290,"66 Paul Street, London, England, EC2A 4NA, United Kingdom"
17446315,COSY QUARTERS CIC,2026-09-08,active,private-limited-guarant-nsc,87900,"92 Milwain Road, Manchester, M19 2PR, England"
OC461561,ALITER CAPITAL GP ANNEX LLP,2026-09-08,active,llp,,"14 Brook's Mews, London, W1K 4DG, United Kingdom"
17446660,THE STRATEGY MANAGEMENT OFFICE LIMITED,2026-09-08,active,ltd,70229,"128 City Road, London, EC1V 2NX, United Kingdom"
17446657,CHRISTMAS TREE FARM DOWNE LIMITED,2026-09-08,active,ltd,91040,"12 Hatherley Road, Sidcup, DA14 4DT, England"
17446663,MAHI TRAFFIC MANAGEMENT LTD,2026-09-08,active,ltd,43290,"6 Mitre Court, High Road, Romford, RM6 4QS, United Kingdom"
17446669,HACKNEY GREEN GROCER'S LTD,2026-09-08,active,ltd,47210;47240,"39 Barnabas Road, London, Hackney, E9 5SD, England"
17446647,WISHD LTD,2026-09-08,active,ltd,62012;63120,"20 Wenlock Road, London, N1 7GU, England"
17446648,CYBERNETIC LIMITED,2026-09-08,active,ltd,58290;62012;62020;72190,"71-75 Shelton Street, Covent Garden, London, WC2H 9JQ, United Kingdom"
17446638,PRESLEYS BAR & SUITES LIMITED,2026-09-08,active,ltd,56302,"Presleys Bar & Suites Ltd Dallimore Road, Kirk Hallam, Ilkeston, Derbyshire, DE7 4GZ, United Kingdom"
17446643,SEMOLINA LTD,2026-09-08,active,ltd,56210,"1 Station Road, Slough, SL3 8BU, United Kingdom"
17446639,FAITHFUL GOD LIMITED,2026-09-08,active,ltd,47190,"Flat 71, Wimbourne Court, Wimbourne Street, London, N1 7HD, United Kingdom"
17446652,DATCHET OUTDOOR ADVENTURE CIC,2026-09-08,active,private-limited-guarant-nsc,93290,"154 Wraysbury Drive, Yiewsley, West Drayton, UB7 7FR, England"
17446791,SIMPLY LIVING INTERNATIONAL LIMITED,2026-09-08,active,ltd,47990,"Unit 1, Office 1 Tower Lane Business Park, Tower Lane, Warmley, Bristol, BS30 8XT, United Kingdom"
17446778,LOCIVA-PM-SERVICES LTD,2026-09-08,active,ltd,43390;98000,"20 Wenlock Road, London, N1 7GU, England"
17446786,JAM-CLEARANCE (REMOVALS AND DISPOSALS) LTD,2026-09-08,active,ltd,49420,"34 Greenwood Avenue, Dagenham, RM10 7DL, England"
17446769,NHF PROPERTY SOLUTIONS LTD,2026-09-08,active,ltd,43210;43220;43390,"57 Southend Road, Grays, Essex, RM17 5NL, England"
17446771,PRO-AXX DESIGN LIMITED,2026-09-08,active,ltd,71122,"C/O Grineaux Accountants Limited, 20 Market Hill, Southam, Warwickshire, CV47 0HF, United Kingdom"
17446774,WORLDTRAVEL BRADFORD LTD,2026-09-08,active,ltd,45112,"7 Chippendale Rise, Bradford, BD8 0NB, United Kingdom"
17446776,MODULAR BUILD SYSTEMS LIMITED,2026-09-08,active,ltd,41201,"Windover House, St. Ann Street, Salisbury, SP1 2DR, England"
17446784,KEY & HOME LTD,2026-09-08,active,ltd,68209,"66 Paul Street, London, England, EC2A 4NA, United Kingdom"
17446790,ZS PROPERTY INVESTMENTS LTD,2026-09-08,active,ltd,68100;68209,"25 Cambourne Place, Mansfield, NG18 4QZ, England"
17446779,LIGHTNING SMOOTH REMOVALS LTD,2026-09-08,active,ltd,49420,"20 Wenlock Road, London, N1 7GU, England"
17447124,LOCATION ROUTES LAND & PROPERTY LTD,2026-09-08,active,ltd,41100;64305;68209,"First Floor, Swan Building, 20 Swan Street, Manchester, M4 5JW, United Kingdom"
17447121,DARBAJA LIMITED,2026-09-08,active,ltd,64205;68100;68209,"18 Brocklehurst Drive, Prestbury, Macclesfield, SK10 4JD, England"
17447120,SOEKARIS INTEGRATED SERVICES LTD,2026-09-08,active,ltd,17220,"45 Albemarle Street, London, W1S 4JL, United Kingdom"
17447130,GJDAS LTD,2026-09-08,active,ltd,93130,"215 Upper Richmond Road, London, SW15 6SY, England"
17447127,QVNTS LTD,2026-09-08,active,ltd,82990,"71-75 Shelton Street, Covent Garden, London, WC2H 9JQ, United Kingdom"
17447141,GUADARA LTD,2026-09-08,active,ltd,47721;47722;47910;95230,"71-75 Shelton Street, Covent Garden, London, WC2H 9JQ, United Kingdom"
17447134,ROADVAULT TRANSPORT EUROPE & UK LTD,2026-09-08,active,ltd,52290,"6 Freemantle Walk, Nottingham, NG5 9LH, United Kingdom"
17447157,DP CONSULTANTCY LTD,2026-09-08,active,ltd,70229,"210 Leigh Road, Leigh-On-Sea, SS9 1BS, United Kingdom"
17447155,SUSSEX GLASS CLEAN LTD,2026-09-08,active,ltd,81299,"66 Paul Street, London, England, EC2A 4NA, United Kingdom"
17447168,CULVER PROPERTY MANAGEMENT LTD,2026-09-08,active,ltd,68320,"1-3 Manor Road, Chatham, Kent, ME4 6AE, England"
17447169,JMH BUILDING SERVICES LTD,2026-09-08,active,ltd,71122,"26 The Green, Kings Norton, Birmingham, B38 8SD, England"
17447137,JUNGLE90 LTD,2026-09-08,active,ltd,56103,"69 Salt Hill Way, Slough, SL1 3TT, England"
17447145,LIVE WARDROBE LTD,2026-09-08,active,ltd,47910,"55 Warren Road, Dartford, DA1 1PS, United Kingdom"
17447153,OAK AND COBBLESTONE LIMITED,2026-09-08,active,ltd,68100;68209,"31 Oakfield Avenue, Slough, SL1 5AE, England"
17447151,COVINGTON ASSET MANAGEMENT LIMITED,2026-09-08,active,ltd,68320,"Covington House Weston Road, Upton Grey, Basingstoke, RG25 2RH, England"
17447133,CARRONS GRAB HIRE LTD,2026-09-08,active,ltd,38110;49410,"22 Westlands Road, Hull, HU12 8DD, United Kingdom"
17447163,NORRVANE LTD,2026-09-08,active,ltd,33140,"66 Paul Street, London, EC2A 4NA, England"
17447302,JULIAN CAILLON LIMITED,2026-09-08,active,ltd,73120,"4 Victoria Square, St. Albans, Hertfordshire, AL1 3TF, United Kingdom"
17447311,MODERN PROPERTY & FACILITIES LIMITED,2026-09-08,active,ltd,41100;68100;68320;81100,"35 Chantry Crescent, Stanford-Le-Hope, SS17 0DN, England"
17447299,KINGSBURY & MARSHALL LTD,2026-09-08,active,ltd,62020,"Bramleys, Bath Road, Sturminster Newton, DT10 1EB, England"
17447297,HENNIKON CARE CONSULT LTD,2026-09-08,active,ltd,70229;87200;87300,"128 City Road, London, EC1V 2NX, United Kingdom"
17447293,HIITLIFE MK LTD,2026-09-08,active,ltd,93130,"27 Old Gloucester Street, London, WC1N 3AX, United Kingdom"
17447306,WOODSIDE ESTATES NE LIMITED,2026-09-08,active,ltd,68209,"49 Runnymede Road, Ponteland, Newcastle Upon Tyne, NE20 9HG, United Kingdom"
17447307,NPW A-E RTM COMPANY LIMITED,2026-09-08,active,private-limited-guarant-nsc,98000,"Suite 433 Temple Chambers, Temple Avenue, London, EC4Y 0DA, United Kingdom"
17447314,CZAAH GROUP LTD,2026-09-08,active,ltd,41202;68310;70229;78109,"124 City Road, London, EC1V 2NX, United Kingdom"
17447292,TORAMIS LTD,2026-09-08,active,private-limited-guarant-nsc,70229,"Unity House, Suite 888 Westwood Park, Wigan, WN3 4HE, United Kingdom"
17447708,SEVEN FRANLAW INVESTMENTS LIMITED,2026-09-08,active,ltd,64304,"Lynwood House, 373-375 Station Road, Harrow, Middlesex, HA1 2AW, United Kingdom"
17447714,NAOS ENGINEERING LTD,2026-09-08,active,ltd,33200;43210;43290;71129,"6 Bloomfield Crescent, Doseley, Telford, TF4 3FL, England"
17447718,2MB AUTOMOTIVE GLOBAL TRADING LTD,2026-09-08,active,ltd,45310,"128 City Road, London, EC1V 2NX, United Kingdom"
17447702,A W CARPENTRY LTD,2026-09-08,active,ltd,43320,"45 Queen Street, Deal, Kent, CT14 6EY, United Kingdom"
17447704,BOBBIN ALONG LTD,2026-09-08,active,ltd,47190,"Chy-An-Lur, Blowinghouse, Redruth, TR15 3HB, England"
OE035287,"CIVF VIII - GB3B01-GB3W01, LLC",2026-09-08,registered,registered-overseas-entity,,"1209 Orange Street Wilmington, Delaware, United States"
17447706,HIGHLAND HERITAGE LTD,2026-09-08,active,ltd,47910,"26 Ellington Road, Feltham, TW13 4RE, England"
17447705,VM PROCLEAN LTD,2026-09-08,active,ltd,81222,"M14 14 Archery Street, Leeds, LS2 9AS, England"
17447785,SIGNATURE LEISURE SALES LTD,2026-09-08,active,ltd,55300,"Office 4 Plas Eirias Business Centre, Abergele Road, Conwy, LL29 8BF, United Kingdom"
17447786,A&M CARPET CLEANING LTD,2026-09-08,active,ltd,81229,"146 Oldknow Road, Birmingham, B10 0HX, United Kingdom"
17447781,POTATOE CREW LTD,2026-09-08,active,ltd,58210,"71-75 Shelton Street, Covent Garden, London, WC2H 9JQ, United Kingdom"
17447789,ZEMELPOVE LTD,2026-09-08,active,ltd,85590;85600,"71-75 Shelton Street, Covent Garden, London, WC2H 9JQ, United Kingdom"
17447956,LEBRIG PROPERTY LTD,2026-09-08,active,ltd,68209,"29 Turnpike Close, Needingworth, St. Ives, PE27 4AF, England"
17447951,PETIT RIVIERE LTD,2026-09-08,active,ltd,85590,"Flat 4 Mews Court, The Mews, Dawlish, EX7 9DW, England"
17447983,FABRIC AI SYSTEMS LIMITED,2026-09-08,active,ltd,62012;62020;70229,"Flat 14 Baltic Apartments, 11 Western Gateway, London, E16 1AE, England"
17448066,SALVO PUBLISHING AND MARKETING LTD,2026-09-09,active,ltd,58142;73110,"23, The Camber Union Road, Cowes, PO31 7TW, United Kingdom"
17448060,HANDS ACROSS NATIONS LTD,2026-09-09,active,ltd,47990,"46 Radcliffe Road, Bolton, BL2 1AW, England"
17448104,KSC HOLDINGS (SOUTH WEST) LIMITED,2026-09-09,active,ltd,64209,"3 Buckland House, William Prance Road, Plymouth, Devon, PL6 5WR, United Kingdom"
17448103,FLUSHED THROUGH DRAINAGE SERVICES LTD,2026-09-09,active,ltd,43220,"Systems House Rhs Office 4, 1st Floor, 5 Horndon Industrial Park, West Horndon, CM13 3XL, United Kingdom"
17448105,KOLD COMPOSITES LTD,2026-09-09,active,ltd,78109;78200,"71-75 Shelton Street, Covent Garden, London, WC2H 9JQ, United Kingdom"
17448098,EMM LIVING LTD,2026-09-09,active,ltd,68209,"129 Mousehold Avenue, Norwich, NR3 4RX, England"
17448096,DAVIDSON HAMBLING & WICKENS LIMITED,2026-09-09,active,ltd,68100,"Unit 4 Tramlink Park, 24 Deer Park Road, London, Greater London, SW19 3UA, United Kingdom"
17448125,RAWH STOCK LIMITED,2026-09-09,active,ltd,45112,"9 Mill Street, Swaffham, PE37 8EN, United Kingdom"
17448124,RAPID EMERGENCY PLUMBERS LONDON LTD,2026-09-09,active,ltd,43220,"1 Elmfield Park, Bromley, BR1 1LU, England"
17448134,NSS VI REAL ESTATE 1 LTD,2026-09-09,active,ltd,66300,"First Floor, 50 Marshall Street, London, W1F 9BQ, United Kingdom"
17448138,AOBI LTD,2026-09-09,active,ltd,55100,"71-75 Shelton Street, Covent Garden, London, WC2H 9JQ, United Kingdom"
17448140,ALI ACOSTA LTD,2026-09-09,active,ltd,47910,"Office 1776 85 Dunstall Hill, Wolverhampton, WV60SR, United Kingdom"
17448102,DEXIA GROUP LTD,2026-09-09,active,ltd,58190;59112;73110;85590,"25 Newman Street, London, W1T 1PN, United Kingdom"
17448284,VORTEX AERIAL LIMITED,2026-09-09,active,ltd,74909,"Rollestone House, 20-22 Bridge Street, Horncastle, Lincolnshire, LN9 5HZ, England"
17448280,AURUM WA MATIMBA PROMOTIONS LTD,2026-09-09,active,ltd,74909,"66 Paul Street, London, England, EC2A 4NA, United Kingdom"
17448291,LEARN TO CREATE CONTENT ACADEMY LTD,2026-09-09,active,ltd,85590,"Flat 608 Alpha House Broad Street, Northampton, NN1 2HQ, England"
17448290,LANDINGPAGES LIMITED,2026-09-09,active,ltd,73110,"Clavering House, Clavering Place, Newcastle Upon Tyne, NE1 3NG, United Kingdom"
17448293,FIGZ LTD,2026-09-09,active,ltd,68100,"16 Rowan Road, Swanley, BR8 7DS, England"
17448272,STUDIO BENEDICT LTD,2026-09-09,active,ltd,74100,"71-75 Shelton Street, Covent Garden, London, WC2H 9JQ, United Kingdom"
17448269,CURTIS HOLDINGS GROUP LTD,2026-09-09,active,ltd,64209;68209,"Office 2 The Granaries, Bepton Road, Midhurst, GU29 9LU, England"
17448295,AUXON LTD,2026-09-09,active,ltd,70229,"2 Charnwood House Marsh Road, Ashton, Bristol, BS3 2NA, United Kingdom"
17448289,COUNTY BUILDING SOLUTIONS LIMITED,2026-09-09,active,ltd,41100;43390,"1 & 2 Studley Court Mews Studley Court, Guildford Road, Chobham, Surrey, GU24 8EB, United Kingdom"
17448277,ONE CURRY HOUSE LTD,2026-09-09,active,ltd,56103;56210,"128 City Road, London, EC1V 2NX, United Kingdom"
17448278,BOSH26 LTD,2026-09-09,active,ltd,55900,"Byways 37 West End, Silverstone, Towcester, NN12 8UY, England"
17448300,GRAHAMSLAW PROPERTY GROUP LTD,2026-09-09,active,ltd,68209,"Unit 13 Waterside Business Park, Hadfield, Glossop, Derbyshire, SK13 1BE, United Kingdom"
17448274,PHONE DOCTOR NCL LTD,2026-09-09,active,ltd,47421,"72 A Adelaide Terrace, Newcastle Upon Tyne, NE4 9JN, United Kingdom"
17448432,MOSSBOSS BEAUTY SALOON LTD,2026-09-09,active,ltd,82990;96020,"80a Cricklade Road, Gorse Hill, Swindon, Wiltshire, SN2 8AF, England"
17448434,PAL PRO AUTO LTD,2026-09-09,active,ltd,45112;45200,"Unit 6 And 7 Portway Road, Wednesbury, WS10 7DZ, England"
17448618,HADISSON HOME IMPROVEMENTS LTD,2026-09-09,active,ltd,43290,"5 Montagu Place, Leeds, LS8 2RQ, United Kingdom"
17448617,VIBES & VIBES LIMITED,2026-09-09,active,ltd,56103,"5 Rochdale Road East, Heywood, OL10 4DX, England"
17448622,RIAZ KHAN LTD,2026-09-09,active,ltd,47190,"268 Barton Street, Gloucester, GL1 4JJ, England"
17448597,DRAGON DYNAMICS LTD,2026-09-09,active,ltd,70229;71121;71122;85590,"Office 21064 182-184 High Street North, East Ham, London, E6 2JA, United Kingdom"
17448603,ECO BRIGHT SOLUTIONS LTD,2026-09-09,active,ltd,43210;43999,"71-75 Shelton Street, Covent Garden, London, WC2H 9JQ, United Kingdom"
17448608,FETTLE DRINKS LIMITED,2026-09-09,active,ltd,11070,"Greenlands Barn, Forest Road, Little Budworth, CW6 9ES, United Kingdom"
17448654,JOHN M CUGGY CONSULTING LIMITED,2026-09-09,active,ltd,60200;62020;70229;82990,"8 Fielders Close, Harrow, HA2 0BY, England"
17448656,WORLDFRAME INTELLIGENCE LIMITED,2026-09-09,active,ltd,58290;62012;63110;72190,"Apartment 92 38 Ryland Street, Birmingham, B16 8DD, England"
SC902047,NA MARA ENGINEERING LTD,2026-09-09,active,ltd,33150;33170;45200,"The Cooper Building, 505 Great Western Road, Glasgow, G12 8HN, United Kingdom"
17448657,CAMERON VEHICLE LOGISTICS LTD,2026-09-09,active,ltd,49410,"66 Paul Street, London, England, EC2A 4NA, United Kingdom"
17448661,ANDY SMITH VAN SALES LTD,2026-09-09,active,ltd,45190,"Former Atherstone College, Ratcliffe Road, Atherstone, Warwickshire, CV9 1LF, England"
17448664,FISH & CHIP BITE RETAIL LTD,2026-09-09,active,ltd,56103,"195 Shepherds Lane, Dartford, DA1 2PS, England"
17448669,LARGE & STOKER LTD,2026-09-09,active,ltd,58190;58290;62012,"71-75 Shelton Street, Covent Garden, London, WC2H 9JQ, United Kingdom"
17448650,FOUZIA HARRINGTON LTD,2026-09-09,active,ltd,70229,"34 Croydon Road, Caterham, CR3 6QB, United Kingdom"
17448663,ARMADILLO HOLDINGS LIMITED,2026-09-09,active,ltd,64209;70100,"71-75 Shelton Street, Covent Garden, London, WC2H 9JQ, United Kingdom"
17448667,ACORN COURT RTM COMPANY LIMITED,2026-09-09,active,private-limited-guarant-nsc,98000,"Flat 6, Acorn Court Beningfield Drive, Napsbury Park, London Colney, St. Albans, AL2 1GE, United Kingdom"
17448846,MACSTN REMOVALS LTD,2026-09-09,active,ltd,49420,"66 Paul Street, London, England, EC2A 4NA, United Kingdom"
17448860,MAGIC HAND SPA GROUP LTD,2026-09-09,active,ltd,86900,"Flat 148, 91, Canon Court Manor Road, Wallington, SM6 0AR, United Kingdom"
17448858,INGLEBY HOSPITALITY LTD,2026-09-09,active,ltd,70229,"19 Blenheim Avenue, Manchester, M16 8JT, England"
17448855,LISTER GOODS LTD,2026-09-09,active,ltd,46900,"34 Cranberry Drive, Bolton, BL3 4TB, England"
17448835,IPIXEL LTD,2026-09-09,active,ltd,47910,"128 City Road, London, EC1V 2NX, United Kingdom"
SC902075,HOMESTEAD WESTERN WEAR LTD,2026-09-09,active,ltd,47710,"Bonnington Bond, 2 Anderson Place, Edinburgh, EH6 5NP, Scotland"
17448850,THE OUTDOOR PROJECT NOTTINGHAM C.I.C.,2026-09-09,active,private-limited-guarant-nsc,93199,"Unit 82a James Carter Road, Mildenhall, Bury St. Edmunds, IP28 7DE, England"
17448848,WC2B LONDON LTD,2026-09-09,active,ltd,56101,"Grange Cottage, Grange Lane, London, SE21 7LH, United Kingdom"
17448841,RICHARD PERFORMANCE LTD,2026-09-09,active,ltd,47910,"119 Brookwood Drive, Stoke-On-Trent, ST3 6LN, United Kingdom"
17448849,SUMBITES LIMITED,2026-09-09,active,ltd,47810;56210;56290,"Flat 1 Malvern House Laburnum Grove, Northfleet, Gravesend, DA11 9QP, England"
17448830,CARDDROPX LTD,2026-09-09,active,ltd,47910;62011;62012;63120,"128 City Road, London, EC1V 2NX, United Kingdom"
17448838,ERPSERVERACCESS LTD,2026-09-09,active,ltd,62012,"128 City Road, London, EC1V 2NX, United Kingdom"
17448839,WOBBLY WORLD LTD,2026-09-09,active,ltd,58190;59200;90030,"128 City Road, London, EC1V 2NX, United Kingdom"
17448844,PROLIANT SOLUTIONS LTD,2026-09-09,active,ltd,70229;71200;74909,"128 City Road, London, EC1V 2NX, United Kingdom"
17435786,HEMMEL MOT & SERVICE CENTRE LIMITED,2026-09-03,active,ltd,45200,"7 Ramsden Road, London, N11 3JE, England"
17449041,MEET JUICE PTE. LTD.,2026-09-09,active,ltd,47910,"Apartment 9 Drew House, 21 Wharf Street, London, SE8 3GG, England"
17449043,SHAMROCK FINANCIAL SOLUTIONS LTD,2026-09-09,active,ltd,82990,"20 Wenlock Road, London, N1 7GU, England"
17449034,24FM SOLUTIONS PRO LTD,2026-09-09,active,ltd,68320,"72 Charteris Road, London, NW6 7EX, United Kingdom"
17449048,PEOPLE IN HOUSING LIMITED,2026-09-09,active,ltd,99999,"Albert House, 12-26 Albert Street, Birmingham, B4 7UD, England"
17449050,LICENSEMUSIC.COM LTD,2026-09-09,active,ltd,59200,"Unit 3 Ryan Drive, Brentford, TW8 9ZB, England"
17449052,KNIGHTS DECORATING LTD,2026-09-09,active,ltd,43341,"66 Hillfield, Hatfield, AL10 0TU, England"
17449036,HD FARMING LTD,2026-09-09,active,ltd,64201,"Stockery Park Farm Holmes Chapel Road, Holmes Chapel, Crewe, CW4 8AS, England"
17449054,AUGUST AIR LIMITED,2026-09-09,active,ltd,43220,"71-75 Shelton Street, Covent Garden, London, WC2H 9JQ, United Kingdom"
17449027,IMMERSIVE MUSIC LIMITED,2026-09-09,active,ltd,91020,"Third Floor  Sterling House, 20 Station Road, Gerrards Cross, Buckinghamshire, SL9 8EL, United Kingdom"
SC902095,CONEY DO IT LTD,2026-09-09,active,ltd,47810,"Office 6 8-10 Glasgow Road, Kirkintilloch, Glasgow, G66 1SH, Scotland"
17449172,LOGIC CLOUD PARTNERS LTD,2026-09-09,active,ltd,62020,"Unit 5 The Freehold Industrial Centre, Amberley Way, Hounslow, TW4 6BX, England"
17449173,ECOMGORO LTD,2026-09-09,active,ltd,47910,"Office 1707 85 Dunstall Hill, Wolverhampton, WV6 0SR, United Kingdom"
17449177,VAULTED AUDIO LTD,2026-09-09,active,ltd,90010;90020,"7 Meadowsweet Close, Carlton Colville, Lowestoft, NR33 8RS, England"
17449184,THE PREMIER CLEANING COMPANY SOUTH COAST LTD,2026-09-09,active,ltd,81210;81222;81229;81299,"Ground Floor Offices, 53 High Street, Arundel, BN18 9AJ, United Kingdom"
17449182,DC HAYES LTD,2026-09-09,active,ltd,56103;56290,"17 Redmead Road, Hayes, UB3 4AX, England"
17449342,DAWN OF DATA LTD,2026-09-09,active,ltd,71129,"Flat, 59b, Perivale, UB6 8DQ, United Kingdom"
17449354,CEN COED LIMITED,2026-09-09,active,ltd,43320;43330;43390,"Taff Cottage, Nantgaredig, Carmarthen, Carmarthenshire, SA32 7PJ, Wales"
17449355,DNA GIVEAWAYS LTD,2026-09-09,active,ltd,45112;45310;62012;93290,"First Floor Office, 3 Hornton Place, London, W8 4LZ, United Kingdom"
17449349,YORK BATHROOM DESIGN STUDIO LTD,2026-09-09,active,ltd,46150,"Unit 9 Kettlestring Park, Counter Interiors, Kettlestring Lane, York, YO30 4XF, United Kingdom"
SC902104,MACKENZIE PLANT & CONTRACTING LTD,2026-09-09,active,ltd,01610,"28 Skelbo Muir, Dornoch, Sutherland, IV25 3QH, Scotland"
17449363,SAGAMED ADVISORY LTD,2026-09-09,active,ltd,70229;82990,"338a Regents Park Road, Office 3 And 4, London, N3 2LN, United Kingdom"
17449360,RAVMIR LTD,2026-09-09,active,ltd,47910,"20 Wenlock Road, London, N1 7GU, United Kingdom"
SC902107,SMM BUSINESS PROPERTIES LTD,2026-09-09,active,ltd,98000,"12 Edison House Fullerton Road, Glenrothes, KY7 5QR, Scotland"
17449364,CHARIOT SIGNATURE LIMITED,2026-09-09,active,ltd,49320,"Office 161-04 Building 3 Floor 1, Regus Concorde Park Concorde Road, Maidenhead, SL6 4BY, United Kingdom"
17440756,UNIFORM COMPUTING LIMITED,2026-09-05,active,ltd,62012;62020;71122;74100,"71-75 Shelton Street, Covent Garden, London, WC2H 9JQ, United Kingdom"
17449352,GV CONSTRUCTION LTD,2026-09-09,active,ltd,41201,"63 St. Anselms Road, Hayes, UB3 1SD, England"
17449397,KEYSTONE CORNERSTONE PROPERTIES LIMITED,2026-09-09,active,ltd,55900,"478 Baker Street, Enfield, Middlesex, EN1 3QS, United Kingdom"
17449406,TRADENATION GLOBAL LTD,2026-09-09,active,ltd,62020,"Suite 11193 5 Brayford Square, London, E1 0SG, United Kingdom"
17449409,JRF TRADING LIMITED,2026-09-09,active,ltd,82301;82990;93199;93290,"Camburgh House, 27 New Dover Road, Canterbury, Kent, CT1 3DN, United Kingdom"
17449405,4C - SJW LTD,2026-09-09,active,ltd,68209,"31 Lisson Grove, London, NW1 6UB, United Kingdom"
17449404,ARA LUXURY LIMITED,2026-09-09,active,ltd,47910,"82a James Carter Road, Mildenhall, Bury St. Edmunds, IP28 7DE, England"
17449398,RWH BARGAIN STORE LTD,2026-09-09,active,ltd,47190,"220 Ashton Road, Oldham, Lancashire, OL8 1QN, England"
17449402,LAGOTTO LIMITED,2026-09-09,active,ltd,68209,"5 Back Lane, Briestfield, Dewsbury, West Yorkshire, WF12 0PB, England"
17449692,H2O EXTERIOR CLEANING SOLUTIONS LTD,2026-09-09,active,ltd,81210,"29 Wellstone Gardens, Leeds, LS13 4EF, England"
17449689,NERVACORE LTD,2026-09-09,active,ltd,62012;63110;71121,"64 Phoenix Way, Stowmarket, IP14 5GF, England"
17449696,ANS SUBSCRIPTION LTD,2026-09-09,active,ltd,47910;81299;96090,"8 Bankfoot Walk, Manchester, M8 0FR, England"
17449706,SDN TRANS LIMITED,2026-09-09,active,ltd,49410,"93 Miner Street, Walsall, WS2 8QN, England"
17449703,CLEARPATH PROTOCOLS LTD,2026-09-09,active,ltd,62012;85590;85600,"167-169 Great Portland Street, London, W1W 5PF, England"
17449693,BOWLSCOREBOARD LTD,2026-09-09,active,ltd,32990,"Innovation House, Wincombe Lane, Shaftesbury, Dorset, SP7 8FG, England"
17449708,SOLARC WORKS LTD,2026-09-09,active,ltd,73110,"1 Navigation Yard, Chelmsford, CM2 6HZ, United Kingdom"
17449711,THE RETURN EDIT LTD,2026-09-09,active,ltd,70210;74909;85590,"25 Daynes Way, Burgess Hill, RH15 9RH, England"
17449710,ROXHAL LTD,2026-09-09,active,ltd,45310;46900,"4 St. Johns Vale, Sunderland, SR4 9BT, England"
17449700,ROXYE LIMITED,2026-09-09,active,ltd,41202,"10 Roxy Avenue, Romford, RM6 4AN, England"
17449699,KTB ELECTRICAL DESIGN LTD,2026-09-09,active,ltd,71122,"29, 29 Ashmead Drive, Birmingham, B45 8AA, United Kingdom"
17449704,SPORTS LIFESTYLE C.I.C.,2026-09-09,active,private-limited-guarant-nsc,77210;85510;93110;93199,"14 Clos Tyn Y Coed, Sarn, Bridgend, CF32 9PQ, Wales"
17450005,ARBABA BARBER LTD,2026-09-09,active,ltd,96020,"Devonshire House, 582 Honeypot Lane, Stanmore, HA7 1JS, England"
17450008,DCF UTILITY SERVICES LIMITED,2026-09-09,active,ltd,96090,"Apollo House Hallam Way, Whitehills Business Park, Blackpool, FY4 5FS, England"
17450004,DE NOVO PLACE GRANVILLE ROAD RTM COMPANY LIMITED,2026-09-09,active,private-limited-guarant-nsc,98000,"Flat 12 De Novo Place, Granville Road, St. Albans, AL1 5BP, England"
17449990,PICKFORD INDIAN SPICE LTD,2026-09-09,active,ltd,56101;56103,"26 Pickford Lane, Bexleyheath, Kent, DA7 4QW, United Kingdom"
17449983,FALCONWARD PROTECTION GROUP LTD,2026-09-09,active,ltd,80100,"Lynx House, Ferndown, Northwood, HA6 1PQ, England"
17450002,MR WU'S VEGAN WOK LTD,2026-09-09,active,ltd,56103,"Unit D Pod 12 Aldow Enterprise Park, Blackett Street, Manchester, M12 6AE, England"
17450000,VAYHOM LTD,2026-09-09,active,ltd,68209;68320,"71-75 Shelton Street, Covent Garden, London, WC2H 9JQ, United Kingdom"
17449984,SWEET DESSERTS NE LTD,2026-09-09,active,ltd,56102,"2-3 Woodhorn Road, Ashington, NE63 0BA, United Kingdom"
17450117,ANTHONY KENNEDY LIMITED,2026-09-09,active,ltd,70229,"207 Regent Street, Third Floor, Westminster, London, W1B 3HH, United Kingdom"
17450114,GOLDEN 148 LTD,2026-09-09,active,ltd,56103,"Unit 3a Wing Yip Centre 278 Thimble Mill Lane, Nechells, Birmingham, West Midlands, B7 5HD, United Kingdom"
17450101,MODERN OCEANS EXPORT COMPANY LTD,2026-09-09,active,ltd,46900;47190,"Unit 7 Initial Business Centre, Wilson Business Park, Manchester, M40 8WN, United Kingdom"
17450104,VELOURA PETS LIMITED,2026-09-09,active,ltd,47910,"110 Seventh Avenue, London, E12 5JH, England"
17450102,UK9 SECURITY & FM SOLUTIONS LTD,2026-09-09,active,ltd,80100;81210,"33a Black Swan Lane, Luton, Bedfordshire, LU3 2LX, United Kingdom"
17450100,ARSCOTT GOLF CLUB TRADING LTD,2026-09-09,active,ltd,93120,"Arscott Golf Club Arscott, Pontesbury, Shrewsbury, SY5 0XP, United Kingdom"
SC902140,EAGLE VAPE LTD,2026-09-09,active,ltd,47110,"Unit A, 79 Causeyside Street, Paisley, PA1 1YU, Scotland"
NI743636,RSI SD LTD,2026-09-09,active,ltd,43390;68209,"9 Garvan Road, Sion Mills, Strabane, BT82 9NZ, Northern Ireland"
SC902138,SJM COACHING (SCOTLAND) LIMITED,2026-09-09,active,ltd,93199,"62 Duke Street, Denny, FK6 6NP, Scotland"
17450307,KAIPVORA TRADING LTD,2026-09-09,active,ltd,47910,"29 Winstanley Lane, Shenley Lodge, Milton Keynes, MK5 7BT, United Kingdom"
17450303,DAGLIVORA TRADING LTD,2026-09-09,active,ltd,47910,"26 Manchester Square, London, W1U 3PY, United Kingdom"
17450306,NJ CRICKET ACADEMY LTD,2026-09-09,active,ltd,93199,"3 Roveley Court, Stony Stratford, Milton Keynes, MK11 1NU, England"
17450296,NEIL JAMES ARCHITECTURE LTD,2026-09-09,active,ltd,99999,"22-26 King Street, King's Lynn, Norfolk, PE30 1HJ, England"
17450292,STAPLEFORD OFF-LICENCE LTD,2026-09-09,active,ltd,47110,"177 Derby Road, Stapleford, Nottingham, NG9 7AZ, England"
17450312,THE BELONGING EDUCATION PROJECT LTD,2026-09-09,active,ltd,85200;85590;85600,"53 Church Road, Wicken, Ely, CB7 5XT, England"
17450313,SCRAPMETAL LONDON LIMITED,2026-09-09,active,ltd,39000,"The White House, Colne Way, Staines-Upon-Thames, TW19 6HD, England"
17450289,NEIGHBOURING RIGHTS LIMITED,2026-09-09,active,ltd,59200;90030,"19 Welling High Street, Welling, DA16 1TR, United Kingdom"
17450286,JANIKS LOGISTICS LTD,2026-09-09,active,ltd,49100,"11 Chislehurst Place, Bradford, BD5 0PH, United Kingdom"
17450301,SANTIANT LABS LTD,2026-09-09,active,ltd,58290;62012;63120;68320,"71-75 Shelton Street, Covent Garden, London, WC2H 9JQ, United Kingdom"
17450316,ASBAB CENTER FOR GEOPOLITICAL AFFAIRS LIMITED,2026-09-09,active,ltd,70229,"167-169 Great Portland Street, London, W1W 5PF, England"
17450610,VERTIGO SOLUTION SERVICES LIMITED,2026-09-09,active,ltd,80100,"167-169 Great Portland Street, London, W1W 5PF, United Kingdom"
17450632,NACRE TECHNOLOGIES LTD,2026-09-09,active,ltd,62012;72190,"66 Paul Street, London, EC2A 4NA, England"
17450629,AEXCONSTRUCT LTD,2026-09-09,active,ltd,71129,"11 Spring Grove, Gravesend, DA12 1LL, England"
17450636,VINTAGE CONST MANAGEMENT LIMITED,2026-09-09,active,ltd,43999;71129,"11 Highbank, Haywards Heath, RH16 4TT, England"
NI743647,BRUMTOWN LTD,2026-09-09,active,ltd,59113,"42 Skipperstone Road, Bangor, BT20 4ES, Northern Ireland"
SC902163,REEZ VENDING LTD,2026-09-09,active,ltd,47990,"8 Sherwood Loan, Bonnyrigg, EH19 3NF, Scotland"
17450828,PUREWAL BROTHERS LTD,2026-09-09,active,ltd,52290,"13 Park Street, Wednesbury, WS10 9EE, England"
17450823,HKST GROUP LTD,2026-09-09,active,ltd,68100;68209,"56 Dronfield Road, Salford, M6 7FR, England"
17450825,CANTHONY LIMITED,2026-09-09,active,ltd,70229,"7 Timken Close, Duston, Northampton, NN5 6FF, England"
17450827,BENCHAR LTD,2026-09-09,active,ltd,43999,"11 The Chase, Abbeydale, Gloucester, GL4 4WP, England"
17450821,HORNET INTERIORS LIMITED,2026-09-09,active,ltd,43310;43390,"134 Charlotte Gardens, Romford, RM5 2PS, England"
17450822,NIAZITRADERS1 LTD,2026-09-09,active,ltd,47910,"10 Roxy Avenue, Romford, RM6 4AN, United Kingdom"
17450824,TJ CARPENTRY LTD,2026-09-09,active,ltd,16100,"65 Gartree Road, Leicester, LE2 2FD, United Kingdom"
17450972,PRIME COLLECTION LONDON LTD,2026-09-10,active,ltd,47190,"Liberty House, 30 Whitchurch Lane, Edgware, HA8 6LE, England"
17450962,MIDLAND KEBABS LTD,2026-09-10,active,ltd,56103,"19 Front Street, Arnold, Nottingham, NG5 7EA, England"
17450970,ROSE ESTATES 3 LTD,2026-09-10,active,ltd,68209,"3 Norfolk Avenue, London, N15 6JX, United Kingdom"
17450965,ESSA WHOLESALE LTD,2026-09-10,active,ltd,47990,"9 Hazelwood Road, Bedford, MK42 0HN, United Kingdom"
17450956,SUPER RED MARKET LTD,2026-09-10,active,ltd,47110,"432 Marfleet Lane, Hull, HU9 3NA, England"
SC902175,THENOD.AI LIMITED,2026-09-10,active,ltd,62012,"21 Park Terrace, Glasgow, G3 6BY, Scotland"
17451073,LEGACY CODE LTD,2026-09-10,active,ltd,62012,"71-75 Shelton Street, Covent Garden, London, WC2H 9JQ, United Kingdom"
17451075,ATM EVENTS CHILDCARE AND SAFEGUARDING SPECIALIST LTD,2026-09-10,active,ltd,84120;85590;85600;88910,"66, 66 Paul Street, London, England, EC2A 4NA, United Kingdom"
17451074,REED SERVICES LTD,2026-09-10,active,ltd,43999,"10 Kipling Drive, Exeter, Devon, EX2 5BU, United Kingdom"
SC902178,MOTCOMB STRATEGIC CAPITAL LTD,2026-09-10,active,ltd,78109,"2 Royal Crescent, Lower Ground, Glasgow, G3 7SL, Scotland"
17451084,SANA ASIAN MASSAGE THERAPY LTD,2026-09-10,active,ltd,96020;96040,"103 Staveley Street, Edlington, Doncaster, DN12 1BW, England"
17451077,KCC VENTURES LIMITED,2026-09-10,active,ltd,62090;82990,"Flat 11 4 Somerville Avenue, London, Eng, SW13 8HS, United Kingdom"
17451223,IAP EXCHANGE LTD,2026-09-10,active,ltd,62012,"Highfields, Gravel Lane, Chigwell, IG7 6DQ, England"
17451217,EVOLVE DIGITAL & GOVERNANCE LTD,2026-09-10,active,ltd,62012,"18 Clun Road, Littlehampton, BN17 7DY, United Kingdom"
17451220,NORTH STAR PCK LTD,2026-09-10,active,ltd,82990,"17 Broomfield, Guildford, GU2 8LQ, England"
17451210,SAFE FUTURES CARE LTD,2026-09-10,active,ltd,87900,"71-75 Shelton Street, Covent Garden, London, WC2H 9JQ, United Kingdom"
17451211,DANISHCROFT LTD,2026-09-10,active,ltd,43342;43910;43999,"First Floor Office, 3 Hornton Place, London, W8 4LZ, United Kingdom"
17451208,NORBITON BARBERS LTD,2026-09-10,active,ltd,96020,"48 Coombe Road, Kingston Upon Thames, KT2 7AF, England"
17451224,PALLAS TECH RISK LTD,2026-09-10,active,ltd,62020,"267 Warwick Road, Kenilworth, CV8 1FB, England"
17451359,NESTORA HOMES LIMITED,2026-09-10,active,ltd,68100;68209,"7 Wigmore Lane, Luton, LU2 8AA, England"
17451357,THE DPF GUY LTD,2026-09-10,active,ltd,45200,"77 Bedford Place, Southampton, SO15 2DF, England"
17451360,FOR WEDDINGS AND A FUNERAL LIMITED,2026-09-10,active,ltd,96090,"62 Kelly Road, Hebburn, NE31 2QN, United Kingdom"
17451349,NEW CHAPTER TATTOO REMOVAL LIMITED,2026-09-10,active,ltd,86210,"7 Centre Court Main Avenue, Treforest Industrial Estate, Pontypridd, Rhondda Cynon Taff, CF37 5YR, Wales"
17451345,AZUR PARTNERS LIMITED,2026-09-10,active,ltd,70221,"Hilden Park Accountants Limited Hilden Park House, 79 Tonbridge Road, Tonbridge, TN11 9BH, United Kingdom"
17451362,VALI HOLDINGS LIMITED,2026-09-10,active,ltd,64209,"Star House, Star Hill, Rochester, ME1 1UX, United Kingdom"
17451461,BRETT DAWSON HARROGATE LTD,2026-09-10,active,ltd,45112;70229,"2 Gentian Glade, Harrogate, HG3 2NT, United Kingdom"
17451453,NUDGE MARKETING LTD,2026-09-10,active,ltd,73110,"7 Chatsworth Terrace, York, YO51 9AE, United Kingdom"
17451454,ALPHA AUREX LTD,2026-09-10,active,ltd,62020,"Office 21066 182-184 High Street North, East Ham, London, E6 2JA, United Kingdom"
17451466,APEX CAPPRI LIMITED,2026-09-10,active,ltd,47910,"Office 21298 182-184 High Street North, East Ham, London, E6 2JA, United Kingdom"
17451468,ELIZABETHSPLACE LTD,2026-09-10,active,ltd,86220,"262 Court Wood Lane, Croydon, CR0 9HW, United Kingdom"
17451446,SWIFTCART WORLD LTD,2026-09-10,active,ltd,47910,"167 - 169 Great Portland Street, 5th Floor, London, Greater London, W1W 5PF, England"
17451442,PROJECT COGNITION LTD,2026-09-10,active,ltd,62012;62020;63110;70229,"2-3 Charter Point Way, Ashby-De-La-Zouch, LE65 1NF, England"
17451460,GILLTRANSPORTUK LTD,2026-09-10,active,ltd,49410,"44 Segundo Road, Walsall, WS5 4PY, England"
17451433,P&J COURIER SERVICES LIMITED,2026-09-10,active,ltd,49410,"Stanwell Farm Bedfont Road, Stanwell, Staines-Upon-Thames, TW19 7LY, England"
17451449,HASEENS PRIVATE LIMITED,2026-09-10,active,ltd,14132;63990;74100;82990,"C/O Williams Stanley And Co, 144 Great Portland Street, London, W1W 6QT, England"
17451603,LING HOMES (EAST ROAD) LIMITED,2026-09-10,active,ltd,41202,"Maypole House Maypole Street, Wombourne, Wolverhampton, WV5 9JB, England"
17451606,BETTER MORTGAGES LTD,2026-09-10,active,ltd,64922;66220,"6 Lynton Avenue, Romford, RM7 8NR, England"
17451602,EBE OPERATIONS LIMITED,2026-09-10,active,ltd,82990,"Fourth Floor, 1 Cork Street Mews, London, W1S 3BL, United Kingdom"
17451605,RIDEREADY LTD,2026-09-10,active,ltd,49320,"12 Pilsbury Street, Newcastle, ST5 0DD, England"
17451599,WW CANVAS LTD,2026-09-10,active,ltd,13922,"Unit 23 23 Leafield Way, Neston, Corsham, SN13 9RS, England"
17451598,APEX CONSULTING SERVICES LTD,2026-09-10,active,ltd,47910;70229,"19 Guildford Road, Ilford, IG3 9YB, England"
17451653,LE VERTO LTD,2026-09-10,active,ltd,56103,"4a Smithdown Road, Liverpool, L7 4JG, England"
17451651,ROCKY'S DESSERTS LTD,2026-09-10,active,ltd,56103,"75 Brudenell Grove, Leeds, LS6 1HR, England"
17451647,VANCE LIMITED,2026-09-10,active,ltd,58290;62012,"129 Solihull Road, Sparkhill, Birmingham, B11 3AE, England"
17451645,REGIUM SPV TWO LTD,2026-09-10,active,ltd,41100;68100;68209,"Unit 1 125 Christian Street, London, E1 1RS, England"
17451650,THE TITAN CAT COMPANY LTD,2026-09-10,active,ltd,47760,"38 Tennent Road, Acomb, York, North Yorkshire, YO24 3HF, United Kingdom"
17451644,ROMERO CONSTRUCTION LTD,2026-09-10,active,ltd,41202;43290,"24 Ambleside Road, Lymington, SO41 3QS, England"
17451655,CJT WIND LTD,2026-09-10,active,ltd,71122,"16 Vernon Street, Barrow-In-Furness, LA14 5SU, United Kingdom"
17451666,GEMSBUILDS CONSTRUCTION LTD,2026-09-10,active,ltd,41100;41202,"Second Floor, Sutherland House, 70-78 West Hendon Broadway, London, NW9 7BT, United Kingdom"
17451806,YXJ LTD,2026-09-10,active,ltd,46900,"209 Wellington Hill West, Bristol, BS9 4QL, England"
17451812,COOPER MANAGEMENT SERVICES LTD,2026-09-10,active,ltd,70229,"Axis 8 Axis Court Riverside Business Park, Swansea Vale, Swansea, SA7 0AJ, Wales"
17451840,MIDLANDHOUSESERVICES LTD,2026-09-10,active,ltd,17220;81229,"Unit 14, 332, Souk Al Haram Coventry Road, Birmingham, B10 0XE, United Kingdom"
17451841,WELLINGTON PROPERTY SERVICES LIMITED,2026-09-10,active,ltd,68320,"66 Paul Street, London, England, EC2A 4NA, United Kingdom"
17451839,RAJAH & SON PROPERTY LTD,2026-09-10,active,ltd,68100;68209;68320,"299 Highters Heath Lane, Birmingham, B14 4NX, United Kingdom"
17452037,RED CONNECT LTD,2026-09-10,active,ltd,62090;82990,"Office 5a, Hanham Hall, Whittucks Road, Bristol, BS15 3FR, United Kingdom"
17452322,LLOYD & CO PROPERTY GROUP LTD,2026-09-11,active,ltd,68209,"26 Hoghton Street, Southport, PR9 0PA, England"
17452394,CFS ASSOCIATES LTD,2026-09-11,active,ltd,64999,"2 Bailey Hill, Castle Cary, Somerset, BA7 7AD, United Kingdom"
17452393,SPRINGWELL WEST LTD,2026-09-11,active,ltd,82990,"1 Kings Avenue, Winchmore Hill, London, N21 3NA, United Kingdom"
17452524,CHRIS RHODES HOLDINGS LIMITED,2026-09-11,active,ltd,64209,"Suite 2a, 7th Floor, City Reach, 5 Greenwich View Place, London, Greater London, E14 9NN, United Kingdom"
SC902308,DOUGAL PROPERTY LTD,2026-09-11,active,ltd,41100;68209,"35 Westwood Road, Wishaw, ML2 9DQ, United Kingdom"
OE035299,ONLY FOUR LIMITED,2026-09-11,registered,registered-overseas-entity,,"6 Esplanade, St. Helier, JE1 1BX, Jersey"
17453205,NORTHFIELDS PROPERTIES LTD,2026-09-11,active,ltd,68209,"Wood Lodge, 98-106 High Road, London, E18 2QH, England"
17453185,BAGSHOT STREET FREEHOLD LIMITED,2026-09-11,active,ltd,98000,"4th Floor 75 Wells Street, London, W1T 3QH, United Kingdom"
17453445,WATTLE SYKE LIMITED,2026-09-11,active,ltd,68100;68209,"8 Brunswick Gardens, Garforth, Leeds, LS25 1HF, England"
SC902380,K&L RENTNEST LTD,2026-09-11,active,ltd,68100;68209;68320,"216 Caskieberran Road, Glenrothes, KY6 2NX, Scotland"
SC902379,BARRISTERLY LTD,2026-09-11,active,ltd,82990,"22/4 London Street, Edinburgh, EH3 6NA, Scotland"
17454304,D8MAZ LTD,2026-09-11,active,ltd,82990,"5 Robert Street, Cathays, Cardiff, CF24 4PB, Wales"
17454294,345 HOLDINGS LIMITED,2026-09-11,active,ltd,68209,"345 Archway Road, London, N6 5AA, United Kingdom"
17454291,LLOYDS BUILD LTD,2026-09-11,active,ltd,43290;68100;68209,"Ground Floor, 48 Whitehorse Road, London, E1 0ND, United Kingdom"
17454741,TAYLOR HOUSE STAYS LTD,2026-09-11,active,ltd,55209;68100,"Enterprise House, Harmire Enterprise Park, Barnard Castle, DL12 8XT, England"
17441715,VICTORIA ESCAPES LTD,2026-09-05,active,ltd,55209;68320,"10 Town Lands Close, Wombwell, Barnsley, S73 0BQ, England"
17454763,UK HOUSING PLATFORM (H1) LIMITED,2026-09-11,active,ltd,68320,"1st Floor 55 Strand, London, WC2N 5LR, United Kingdom"
17454882,DYNASENSE ENGINEERING LTD,2026-09-11,active,ltd,99999,"79 Thorne Road, Huddersfield, HD1 3JJ, England"
17437761,ALDERGREY PARTNERS LIMITED,2026-09-04,active,ltd,82990,"1-2 Middleton Hall Cottages Middleton Road, Middleton, Sudbury, CO10 7LL, England"
17437731,OKASAN PROPERTIES HOLDINGS LTD,2026-09-04,active,ltd,64209,"2 Piries Place, Horsham, West Sussex, RH12 1EH, United Kingdom"
17437716,ALF-YA LTD,2026-09-04,active,ltd,70229;74909,"128 City Road, London, EC1V 2NX, United Kingdom"
17437721,RIMMER PROPERTY GROUP LIMITED,2026-09-04,active,ltd,68209,"Unit 3-4 Daltongate Business Centre, Ulverston, LA12 7AJ, United Kingdom"
17437733,PARDNERPLUS LTD,2026-09-04,active,ltd,62012;63120,"Flat 2, Goldcrest House 32-64 Lee High Road, London, SE13 5FH, United Kingdom"
17437719,ICHTHUS ESTATES LTD,2026-09-04,active,ltd,68100;68209,"Suite 9 Dalton House, 60 Windsor Avenue, London, SW19 2RR, United Kingdom"
17437724,STAMFORD FARMING COMPANY LTD,2026-09-04,active,ltd,68100;68209,"3 Castlegate, Grantham, NG31 6SF, England"
17437725,FINISHED & FRESH CLEANING LTD,2026-09-04,active,ltd,81222,"10 Leeders Pightle, Fakenham, NR21 0FA, United Kingdom"
17437728,EDUSIFY LIMITED,2026-09-04,active,ltd,85320,"10 Beechfield Road, Newcastle Upon Tyne, NE3 4DR, United Kingdom"
NI743498,BE CLEAR INSTALLATIONS LTD,2026-09-04,active,ltd,43342,"2 Ingleside Drive, Strabane, BT82 8QU, Northern Ireland"
17437688,HEAVYWEIGHT BOXING LTD,2026-09-04,active,ltd,99999,"Dept 2, 43 Owston Road, Carcroft, Doncaster, DN6 8DA, England"
OC461533,ALLSHARE 16 INVESTMENT LLP,2026-09-04,active,llp,,"6 Oaklands Court, Tiverton Way, Tiverton, EX16 6TG, United Kingdom"
17437722,THESTRA GROUP LTD,2026-09-04,active,ltd,64209,"71-75 Shelton Street, Covent Garden, London, WC2H 9JQ, United Kingdom"
17437699,ALLISON ELECTRICAL NW LTD,2026-09-04,active,ltd,43210,"Lane House Farm, Priory Road, Ulverston, Cumbria, LA12 9HR, United Kingdom"
17437698,UPPERCUT BOXING LTD,2026-09-04,active,ltd,99999,"Dept 2, 43 Owston Road, Carcroft, Doncaster, DN6 8DA, England"
17437696,PUMPKIN & PHANTOM LTD,2026-09-04,active,ltd,99999,"Dept 2, 43 Owston Road, Carcroft, Doncaster, DN6 8DA, England"
17437775,TMN SURGERY LTD,2026-09-04,active,ltd,86220,"52 St Johns Lane, Halifax, West Yorkshire, HX1 2BW, England"
17437780,EXCLUSIVE AIRPORT TRANSFERS LIMITED,2026-09-04,active,ltd,49320,"Regus, 450 Bath Road, West Drayton, UB7 0EB, England"
17437795,THE OCHIN SANCTUARY LTD,2026-09-04,active,ltd,96020,"71-75 Shelton Street, Covent Garden, London, WC2H 9JQ, United Kingdom"
17437801,VILLAGES NETWORKS LTD,2026-09-04,active,ltd,62012,"82a James Carter Road, Mildenhall, IP28 7DE, United Kingdom"
17437786,PORTED BUSINESS LIMITED,2026-09-04,active,ltd,70229,"Stonehaven Bell Lane, Cassington, Witney, OX29 4DS, England"
17437789,RAYAAN RESTAURANT LTD,2026-09-04,active,ltd,56102,"610 High Road, London, N17 9TA, England"
17437772,JOBSONAR LTD,2026-09-04,active,ltd,58290,"71-75 Shelton Street, Covent Garden, London, WC2H 9JQ, United Kingdom"
17437797,MILL END MOTOR COMPANY LTD,2026-09-04,active,ltd,45112,"321c Uxbridge Road, Mill End, Rickmansworth, Hertfordshire, WD3 8DS, United Kingdom"
17437800,BETH D. BATES LTD,2026-09-04,active,ltd,70229,"22 Holly Road, Stanway, Colchester, CO3 0QL, England"
17437773,REVOLVER FOUNDATION LIMITED,2026-09-04,active,private-limited-guarant-nsc,85520;90020,"152 Goldthorn Hill, Wolverhampton, WV2 3JA, England"
17437788,KEMPLAH HILL LIMITED,2026-09-04,active,ltd,41100,"14 Fountain Street, Guisborough, TS14 6PP, England"
17437632,RENTFIG LTD,2026-09-04,active,ltd,62012,"71-75 Shelton Street, Covent Garden, London, WC2H 9JQ, United Kingdom"
17437634,ASEES PROPERTY GROUP LTD,2026-09-04,active,ltd,68209,"61 Harcourt Crescent, Nottingham, Nottinghamshire, NG16 1AT, United Kingdom"
17437639,MOGSAM LTD,2026-09-04,active,ltd,16230,"23 Fairham Avenue, South Ockendon, RM15 5ND, United Kingdom"
17437637,EPK PUB CO LTD,2026-09-04,active,ltd,56290,"33 Windmill Hill, Halesowen, B63 2DB, United Kingdom"
17437638,D BAWA BUILDER LTD,2026-09-04,active,ltd,41201;41202;43390,"58-60 Seagar Street, West Bromwich, B71 4AN, England"
17437613,HOXTON VIBES LTD,2026-09-04,active,ltd,58290;62020,"27 Old Gloucester Street, London, WC1N 3AX, United Kingdom"
17437667,CHAMPION GLOVES LTD,2026-09-04,active,ltd,99999,"Dept 2, 43 Owston Road, Carcroft, Doncaster, DN6 8DA, England"
17437653,CAIS AI LTD,2026-09-04,active,ltd,62020;62090;63110;70210,"71-75 Shelton Street, Covent Garden, London, WC2H 9JQ, United Kingdom"
17437657,RNLD LED SERVICES LIMITED,2026-09-04,active,ltd,86900;87200,"2 Grange Avenue, Stretford, Manchester, M32 0DA, England"
17437655,DONE DEAL SPORTS LIMITED,2026-09-04,active,ltd,74909,"19 Warren Park Way, Enderby, Leicester, Leicestershire, LE19 4SA, England"
17437660,PLAY PADEL X LTD,2026-09-04,active,ltd,93110;93199,"Unit 12-14 Vulcan Road, Sheffield, S9 1EW, United Kingdom"
17437652,MONARCH ROOFING SERVICES LIMITED,2026-09-04,active,ltd,43910,"1 & 2 Studley Court Mews Studley Court, Guildford Road, Chobham, Surrey, GU24 8EB, United Kingdom"
17437665,COUSINS MOTORS LTD,2026-09-04,active,ltd,45112;45200,"231 Seely Road, London, SW17 9RA, England"
17437643,CHLORIS ADVISORY LTD,2026-09-04,active,ltd,93199,"64 Roseneath Road, London, SW11 6AQ, England"
17437668,BLACK CAT COLLECTIVE LTD,2026-09-04,active,ltd,99999,"Dept 2, 43 Owston Road, Carcroft, Doncaster, DN6 8DA, England"
17437670,SCARLETTS SANCTUARY LTD,2026-09-04,active,ltd,99999,"Dept 2, 43 Owston Road, Carcroft, Doncaster, DN6 8DA, England"
17437646,ZEN CARS & COMMERCIAL LIMITED,2026-09-04,active,ltd,45112,"Zen Properties, Pinfold Street, Darlaston, West Midalnds, WS10 8SY, United Kingdom"
17437705,HED STUDIO LTD,2026-09-04,active,ltd,96090,"55 Coombe Street, Bruton, BA10 0ER, United Kingdom"
17437694,BEDFORD & CAVENDISH LIMITED,2026-09-04,active,ltd,68100;68209,"90 Brixton Hill, London, SW2 1QN, England"
17437709,A S K LIVERPOOL TRADING LTD,2026-09-04,active,ltd,47110,"327 Aigburth Road, Liverpool, L17 0BL, England"
17437708,GROVE PLATFORM LTD,2026-09-04,active,ltd,62012,"71-75 Shelton Street, Covent Garden, London, WC2H 9JQ, United Kingdom"
17437679,AG MOTORS NE LIMITED,2026-09-04,active,ltd,45112,"Office 44 Derwentside Business Centre, Consett Business Park, Consett, DH8 6BP, United Kingdom"
17437680,ENTRADA INVESTMENTS LTD,2026-09-04,active,ltd,68100;68209;68320,"103 Otho Court Augustus Close, Brentford, TW8 8PZ, United Kingdom"
17437697,PROMINENT HEAT LTD,2026-09-04,active,ltd,43220,"8 Church Green East, Redditch, B98 8BP, United Kingdom"
17437833,T & D STAYS LTD,2026-09-04,active,ltd,68209,"Azzurri House Walsall Road, Aldridge, Walsall, WS9 0RB, England"
17437835,SEDNA INTERMEDIATE HOLDCO 1 LTD,2026-09-04,active,ltd,64209,"10 John Street, London, WC1N 2EB, United Kingdom"
17437837,THOMAS AND SONS HOME IMPROVEMENT AND RENOVATION LTD,2026-09-04,active,ltd,43390,"Crag View Arthington Lane, Arthington, Otley, LS21 1PG, England"
17437836,AUREM PROPERTIES LIMITED,2026-09-04,active,ltd,68100;68209,"7 Leticia Avenue, Leicester, Leicestershire, LE7 9SU, England"
17437843,GROWEIT LTD,2026-09-04,active,ltd,62020;70229;73110,"Suite Ra01, 195-197 Wood Street, London, E17 3NU, United Kingdom"
17437846,RODIZIO NEWPORT LTD,2026-09-04,active,ltd,56101,"64 Church Road, Caldicot, NP26 4HW, Wales"
17437845,GLOW DROPS BY NAZ LTD,2026-09-04,active,ltd,47750,"10 Oadby Close, Manchester, M12 4WJ, England"
17437844,PSD INVESTMENTS LIMITED,2026-09-04,active,ltd,68100;68209,"Unit 18 57 Hallsville Road, London, E16 1EE, England"
17437839,RAKUXON TENDERS & CONSULTING LTD,2026-09-04,active,ltd,70229;78109;78200;82990,"Flat 15 St. Matthews House, Phelp Street, London, SE17 2PJ, England"
NI743510,PFG BRAND ATTRACTION LIMITED,2026-09-04,active,ltd,47910,"Unit 9 Loughway Business Park, Newry, Co. Down, BT34 2TH, Northern Ireland"
17439109,ELIZABETH MCALPINE TEXTILES LIMITED,2026-09-04,active,ltd,13921;47510;74100,"Studio 5, 17 The High Street, Battle, East Sussex, TN33 0AE, England"
17439099,CREW SOCKS LTD,2026-09-04,active,ltd,47820,"Briar Cottage, Old Amersham Road, Gerrards Cross, SL9 7BE, United Kingdom"
17439104,EUROCOMOD LTD,2026-09-04,active,ltd,47910,"Office 20913 182-184 High Street North, East Ham, London, E6 2JA, United Kingdom"
17439103,EASY TAX SOLUTIONS TRUSTEES LIMITED,2026-09-04,active,private-limited-guarant-nsc,96090,"Unit 12 Church Road, Harold Wood, Romford, RM3 0HU, United Kingdom"
17439604,ZAKKSONS PROPERTIES LTD,2026-09-04,active,ltd,68100;68209,"167-169 Great Portland Street, London, W1W 5PF, England"
17439602,SUGOI BUILDINGS HOLDCO LIMITED,2026-09-04,active,ltd,68100;68209,"22 Gilda Parade, Bristol, BS14 9HY, England"
17439607,MLR MORTGAGES LTD,2026-09-04,active,ltd,64999,"1 Palmarsh Road, Widnes, WA8 8WE, England"
17439612,CYD GLOBAL LTD,2026-09-04,active,ltd,74909,"111 Gillespie Road, London, N5 1LR, United Kingdom"
17439613,THE PRIVATE OFFICE : REAL ESTATE INSIGHT LIMITED,2026-09-04,active,ltd,70229,"1 Park Road, Hampton Wick, Kingston Upon Thames, Surrey, KT1 4AS, England"
17439590,BOOS CUT LTD,2026-09-04,active,ltd,96020,"4 Birchwood Parade, Woodside Drive, Dartford, DA2 7NJ, England"
17439588,AHG BDS LTD,2026-09-04,active,ltd,47910,"128 City Road, London, EC1V 2NX, United Kingdom"
17439606,BRIEFLY LEGAL LIMITED,2026-09-04,active,ltd,62012;62090,"43 Lynwood Grove, Orpington, BR6 0BD, United Kingdom"
17439598,CROSSBOUND LTD,2026-09-04,active,ltd,73110,"Flat 34, The Van Alen Building 24-30 Marine Parade, Brighton, BN2 1WP, United Kingdom"
17439594,PATTERSON TUTORING LTD,2026-09-04,active,ltd,85310,"14 Scaffold Court, Holystone, Newcastle Upon Tyne, NE27 0JG, United Kingdom"
17439592,MUMBLER COMMUNITY CIC,2026-09-04,active,private-limited-guarant-nsc,88990,"1 Harlow Oval, Harrogate, HG2 0DS, England"
OC461543,FRITHSDEN INVESTMENT PARTNERS LLP,2026-09-04,active,llp,,"The Old Farmhouse, Frithsden, Hemel Hempstead, HP1 3DG, United Kingdom"
17439658,DLER BARBER LTD,2026-09-04,active,ltd,96020,"29 Rowlands Road, Worthing, West Sussex, BN11 3JJ, United Kingdom"
17439659,EMPERORS SCISSORS LTD,2026-09-04,active,ltd,96020,"17 Dog Kennel Lane, Oldbury, West Midlands, B68 9LU, United Kingdom"
17439660,MO BARBERS LEICS LTD,2026-09-04,active,ltd,96020,"216c Uppingham Road, Leicester, LE5 0QG, England"
17439669,R&R AUTO REPAIR LTD,2026-09-04,active,ltd,45112;45200,"Liberty House, 30 Whitchurch Lane, Edgware, HA8 6LE, England"
17439762,ELENASILVA HOLDINGS LTD,2026-09-04,active,ltd,47910,"71-75 Shelton Street, Covent Garden, London, WC2H 9JQ, United Kingdom"
17439764,IGNITE MOBILITY AFRICA LTD,2026-09-04,active,ltd,74901,"72 Loughton Way, Buckhurst Hill, IG9 6AH, United Kingdom"
17439761,THE COOL SPARKY LIMITED,2026-09-04,active,ltd,43210,"16 Bridge Street, Hungerford, Berkshire, RG17 0EG, England"
17439760,FENWICK HOMES LTD,2026-09-04,active,ltd,68310;68320,"34 Croydon Road, Caterham, CR3 6QB, United Kingdom"
17439748,JOMARI GROUP LTD,2026-09-04,active,ltd,55209,"19-21 Albion Place, Maidstone, ME14 5EG, England"
17439750,XANDER SALES LTD,2026-09-04,active,ltd,47910,"66 Paul Street, London, England, EC2A 4NA, United Kingdom"
17439758,FUGG LIMITED,2026-09-04,active,ltd,82990,"1 Kings Avenue, Winchmore Hill, London, N21 3NA, United Kingdom"
17439763,SKIP A BEAT LTD,2026-09-04,active,ltd,90010;90020;90030;93290,"71-75 Shelton Street, Covent Garden, London, WC2H 9JQ, United Kingdom"
17439755,RED DOOR RECRUITMENT GROUP LTD,2026-09-04,active,ltd,78109,"16 Chequer Street, St. Albans, AL1 3YD, England"
17439851,ZYNCLY LTD,2026-09-04,active,ltd,70229,"Garden Cottage, Woodmancote, Cirencester, GL7 7ED, United Kingdom"
SC901644,G & M PROPERTY MAINTENANCE LTD,2026-09-04,active,ltd,96090,"12 Glenview Street, Airdrie, Lanarkshire, ML6 0NN, Scotland"
17439849,TRINITY LANE LTD,2026-09-04,active,ltd,68201;68209;68310;68320,"66 Paul Street, London, England, EC2A 4NA, United Kingdom"
17439861,FALT HOLDINGS LIMITED,2026-09-04,active,ltd,64209,"Devonshire  House, 582 Honeypot Lane, Stanmore, HA7 1JS, England"
17439850,SCRV LIMITED,2026-09-04,active,ltd,46420;46650,"13 Oakley Street, Northampton, NN1 3EP, England"
17428854,NHAKA YEMHURI VENTURES LTD,2026-08-31,active,ltd,62012;63120,"Siu Offices, 4-6 Greatorex Street, London, E1 5NF, United Kingdom"
SC901647,SILVERTON FAST FOODS LIMITED,2026-09-04,active,ltd,56103,"204 Crosslet Road, Dumbarton, G82 2LN, Scotland"
17439927,THE STEWARDESS LOUNGE LTD,2026-09-04,active,ltd,56102,"871 Filton Avenue, Bristol, BS34 7HJ, United Kingdom"
17439921,ESG SYSTEMS LTD,2026-09-04,active,ltd,35300,"4 Guilbert Avenue, Thurcroft, Rotherham, S66 9QE, England"
17439919,NAVZ TYRES LTD,2026-09-04,active,ltd,46190,"42 Trafford Road, Leicester, LE5 4BJ, England"
17439918,ECO GLOBAL EXHIBITIONS LTD,2026-09-04,active,ltd,82301,"568 Rooley Moor Road, Rochdale, OL12 7JG, United Kingdom"
17439926,CHARLTON HOUSE WELLINGBOROUGH LEASEHOLD 57 LTD,2026-09-04,active,ltd,68100,"Unit 1 The Old Slaughter House Green Lane, Chickerell, Weymouth, DT3 4GG, England"
17439922,TURKISH PERSIAN RESTAURANT LTD,2026-09-04,active,ltd,56101,"Ground Floor, 30 Jubilee Crescent, Coventry, CV6 3ET, England"
17439929,KREZ9 LTD,2026-09-04,active,ltd,01490,"Woodside Farm, Cowling, Keighley, BD22 0AE, England"
17439925,ESA ENTERPRISE LTD,2026-09-04,active,ltd,45200,"1 Shalford Road, Leicester, LE5 0AY, United Kingdom"
17439937,TADDY TAVERNS LIMITED,2026-09-04,active,ltd,56302,"4 Fairfield Way, Tadcaster, LS24 9SP, England"
17440064,URBAN HOMES PROPERTY MANAGEMENT LTD,2026-09-04,active,ltd,68320,"20 Church Lane, Lincoln, LN4 4DJ, United Kingdom"
17440063,KASTHBHANJAN LIMITED,2026-09-04,active,ltd,56102;56103,"12 Lema Close, Leicester, LE4 7WB, England"
17440056,BARAL NIWAS LTD,2026-09-04,active,ltd,68209,"5 Bishop Close, Liverpool, L21 8QX, England"
17440231,ACE SPORTS HUB LTD,2026-09-05,active,ltd,93110,"24 North Drive, Hebburn, NE31 1ER, United Kingdom"
17440234,6 AND 8 HORNBEAM AVENUE (FREEHOLD) COMPANY LIMITED,2026-09-05,active,ltd,98000,"6 Hornbeam Avenue, Chatham, Kent, ME5 8DB, England"
17440233,DCC TRANSPORT LTD,2026-09-05,active,ltd,49410,"70 Ivanhoe Street, Dudley, DY2 0YA, England"
17440232,K M CAR WASH LTD,2026-09-05,active,ltd,81299,"20 Wenlock Road, London, N1 7GU, England"
17440237,LUMEVERA LTD,2026-09-05,active,ltd,47910,"71-75 Shelton Street, Covent Garden, London, WC2H 9JQ, United Kingdom"
17440244,ASLAN AI CONSULTING LIMITED,2026-09-05,active,ltd,62012;62020;62090;70229,"66 Paul Street, London, EC2A 4NA, England"
17440246,TAJ F&V LTD,2026-09-05,active,ltd,10390;46310,"Suit 118 1st Floor, 239 Kensington High Street, London, W8 6SN, United Kingdom"
17440253,TED COLLECTIVE LTD,2026-09-05,active,ltd,86210,"C/O Aacsl Accountants Limited,, 1st Floor North Westgate House, Harlow, Essex, CM20 1YS, United Kingdom"
17440235,CALICO SYSTEMS LTD,2026-09-05,active,ltd,62020,"Unit 36 Silk Mill Industrial Estate, Brook Street, Tring, HP23 5EF, United Kingdom"
17440236,EVERGATE TECHNOLOGY LTD,2026-09-05,active,ltd,62012;62020;62030;62090,"71-75 Shelton Street, Covent Garden, London, WC2H 9JQ, United Kingdom"
17440225,DR GEORGINA DU MELLO GIBBARD LTD,2026-09-05,active,ltd,86900,"128 City Road, London, EC1V 2NX, United Kingdom"
17440228,OLYMPUS HOSPITALITY LTD,2026-09-05,active,ltd,56101,"102-106 South Street, Romford, RM1 1RX, England"
17440617,VANDIRECT LIMITED,2026-09-05,active,ltd,49410;52290;53201;53202,"Flat 10 D-11 Code Student Accommodation, Fairfax Street, Coventry, CV1 5TB, England"
17440593,BREYTERMAN LIMITED,2026-09-05,active,ltd,62012;62090;64991,"124-128 City Road, London, EC1V 2NX, England"
17440597,STEERVIEW LIMITED,2026-09-05,active,ltd,58290,"40 Bruce Allen Llp, Ground Floor Suite, Crown House 40 North Street, Hornchurch, Essex, RM11 1EW, United Kingdom"
17440596,DKMT LTD,2026-09-05,active,ltd,88990,"49 Bryn Wyndham Terrace, Treorci, CF42 5NG, United Kingdom"
17440602,MACMARLLOE LTD,2026-09-05,active,ltd,43220,"84 Wellingborough Road, Northampton, NN1 4DP, England"
17440600,LA CASETTA NE LTD,2026-09-05,active,ltd,56101,"33 Esplanade, Whitley Bay, NE26 2AL, United Kingdom"
17440603,SHISHA DISTRICT LIMITED,2026-09-05,active,ltd,47190,"Shisha District Ltd. Old Stoke Library, Lower Ground Floor, London Road, Stoke, ST4 7QE, United Kingdom"
17440638,PIZZABURG BRADFORD LTD,2026-09-05,active,ltd,56103,"865 Manchester Road, Bradford, BD5 8LT, England"
17440605,HYRADOR LTD,2026-09-05,active,ltd,58210,"Unit 29 Highcroft Industrial Estate, Enterprise Road, Horndean, Waterlooville, PO8 0BT, United Kingdom"
17440637,BARHATCH ACCOMMODATION LIMITED,2026-09-05,active,ltd,55900;68209,"Ferneberga House, Alexandra Road, Farnborough, GU14 6DQ, England"
17440624,RH19 DEV 3 LIMITED,2026-09-05,active,ltd,68100,"1-7 Station Road, Ground Floor, Crawley, RH10 1HT, England"
17440611,CROWNCAREUK LTD,2026-09-05,active,ltd,47910,"Briggate, 25a Shipley, Bradford, BD17 7BP, United Kingdom"
17440643,ANTAGMUSIC LTD,2026-09-05,active,ltd,59200;70229,"30 Ripplegate Walk, Barking, IG11 0YS, England"
17440809,IDEAS TREEHOUSE LTD,2026-09-05,active,ltd,62090;74100,"124 City Road, London, EC1V 2NX, United Kingdom"
17440804,MAXOL ELECTRICAL SERVICES LTD,2026-09-05,active,ltd,43210,"Lifford Hall Lifford Lane, Kings Norton, Birmingham, B30 3JN, United Kingdom"
17440808,HYGIEIA-SAN LTD,2026-09-05,active,ltd,20130;20412;20590,"71-75 Shelton Street, Covent Garden, London, WC2H 9JQ, United Kingdom"
17440822,ARMONICA LIMITED,2026-09-05,active,ltd,62020,"32, The Hour House, High Street, Rickmansworth, WD3 1ER, United Kingdom"
17440813,MILESTONE CONTRACTORS LTD,2026-09-05,active,ltd,41100;41201,"71-75 Shelton Street, Covent Garden, London, WC2H 9JQ, United Kingdom"
17440821,VECTOR GAMING LIMITED,2026-09-05,active,ltd,58210,"71-75 Shelton Street, Covent Garden, London, WC2H 9JQ, United Kingdom"
17440818,MILVAI TRADING LIMITED,2026-09-05,active,ltd,47910;47990,"29 Lancing Road, Ilford, IG2 7DP, England"
17440823,SSC TRANS LTD,2026-09-05,active,ltd,49410,"78 Frederick Street, Grimsby, DN31 1XQ, United Kingdom"
17440830,JENNY GOLD HAIR BEAUTY COSMETICS LTD,2026-09-05,active,ltd,47789,"Unit 2, 49 Church Street, Rugby, CV21 3PT, United Kingdom"
17440828,RAHIM CONSULTING SERVICES LIMITED,2026-09-05,active,ltd,82990,"Mansion House, Manchester Road, Altrincham, Cheshire, WA14 4RW, England"
17440831,JAKR GROUP LTD,2026-09-05,active,ltd,58290;62011;62012;63120,"71-75 Shelton Street, Covent Garden, London, WC2H 9JQ, United Kingdom"
17440835,NRK LOGISTICS LTD,2026-09-05,active,ltd,52290,"3 Burnham Close, Trimley St. Mary, Felixstowe, IP11 0XJ, England"
17440838,AGENSYS LIMITED,2026-09-05,active,ltd,62020,"Unit 9 Riverside, Bolton, BL1 8TU, England"
17440789,GLENCREE LIMITED,2026-09-05,active,ltd,85590,"Suite 2-B Suite 2-B, Point East, Park Plaza, Heath Hayes, WS12 2DB, United Kingdom"
17440787,SHK HOLDINGS LTD,2026-09-05,active,ltd,64209,"Office 204 10 Courtenay Road, East Lane, Wembley, HA9 7ND, United Kingdom"
17440783,ENCORE FILMS UK LIMITED,2026-09-05,active,ltd,59131;59132,"71-75 Shelton Street, Covent Garden, London, WC2H 9JQ, United Kingdom"
17440782,DUNN ESTATES LTD,2026-09-05,active,ltd,68100;68209;82990,"33 Boston Road South, Holbeach, Spalding, Lincolnshire, PE12 7LR, England"
17440803,ALL 4 SOCIALS MEDIA LTD,2026-09-05,active,ltd,59112;63990,"1 Allied Business Centre, Coldharbour Lane, Harpenden, AL5 4UT, England"
17440994,SPARK EXCHANGE GROUP LTD,2026-09-05,active,ltd,64205,"71-75 Shelton Street, Covent Garden, London, WC2H 9JQ, United Kingdom"
17440993,DPR HIRE LTD,2026-09-05,active,ltd,96090,"29 Sandford Green, Banbury, OX16 0SA, England"
17440986,CK PROPERTIES (OXHEY) LIMITED,2026-09-05,active,ltd,68209,"2 Mountside, Stanmore, Middlesex, HA7 2DT, United Kingdom"
17440988,FASTRIX LTD,2026-09-05,active,ltd,30920;46900;47640,"3 Footlands Drive, Yeovil, BA21 3GB, England"
17440989,DELIVERIES PLUS LIMITED,2026-09-05,active,ltd,49320;49410,"42 Abbey Street, Carlisle, CA3 4UP, United Kingdom"
17440997,SUPREME SOLAR LTD,2026-09-05,active,ltd,35110;35130,"4 The Farmhouse, Hemel Hempstead, HP2 7AR, United Kingdom"
17441002,CERIDWEN HOLDINGS LTD,2026-09-05,active,ltd,64209;82990,"66 Paul Street, London, EC2A 4NA, England"
17440977,KEYFLIP LTD,2026-09-05,active,ltd,68100;68209,"216 Chigwell Road, London, E18 1HA, England"
17441223,HOFENY TRADING LTD,2026-09-05,active,ltd,46499;46520;47910,"18 Goldfinch Drive, Bury, BL9 6JS, England"
17441220,CUTIES BABY STORE LTD,2026-09-05,active,ltd,47190;47650;47710;47910,"71-75 Shelton Street, Covent Garden, London, WC2H 9JQ, United Kingdom"
17441219,THRIVE LOGISTICS SOLUTIONS LTD,2026-09-05,active,ltd,52290;70229,"Flat 82, Cityview Point, 139 Leven Road, London, E14 0XS, United Kingdom"
17441225,EARTH EMBER LIMITED,2026-09-05,active,ltd,46110,"4 Capricorn Centre, Cranes Farm Road, Basildon, SS14 3JJ, England"
17441196,WONDER WORKERS CIC,2026-09-05,active,private-limited-guarant-nsc,90010;90020,"28 Stanley Road, Formby, Liverpool, L37 7AW, England"
17441213,SMG CART LTD,2026-09-05,active,ltd,47910,"Unit N2/4-Section 3 Nortex Business Centre, 105 Chorley Old Road, Bolton, BL1 3AS, United Kingdom"
17441212,RENDEZVOUS REMOVALS LTD,2026-09-05,active,ltd,49420,"167-169 Great Portland Street, 5th Floor, London, W1W 5PF, England"
17441206,GH PROPERTY DEVELOPERS LTD,2026-09-05,active,ltd,68100,"Beech Cottage, Dunnington, Alcester, B49 5NX, England"
17441208,HOWHAOHAUS LTD,2026-09-05,active,ltd,46370;47250;71111;74100,"30 Engate Street, London, SE13 7HA, England"
17441198,AUTOMOTIVE EQUIPMENT SERVICES LTD,2026-09-05,active,ltd,33170,"36 Chesterfield Road Market Street, Chesterfield, S43 3UT, United Kingdom"
17441199,VALENNE LTD,2026-09-05,active,ltd,47910,"287 A High Road Leyton, London, E10 5QN, England"
17441201,MBC LABS LTD,2026-09-05,active,ltd,58290;62012;63120,"71-75 Shelton Street, Covent Garden, London, WC2H 9JQ, United Kingdom"
17441475,FEATHER AND FLINT LTD,2026-09-05,active,ltd,68209,"4 Babingley Close, Watlington, King's Lynn, PE33 0TR, England"
17441479,VADDEMPUDI LTD,2026-09-05,active,ltd,81221;81222;81299,"14 George Street, Barry, CF63 4NN, Wales"
17441480,FLOSTUDIOUK LTD,2026-09-05,active,ltd,96020,"184 Cannock Road, Chase Terrace, Burntwood, WS7 1LA, England"
17441484,PFBUXTONCONSULTING LTD,2026-09-05,active,ltd,73120,"Enterprise Centre Lincoln Way, Fairfield Industrial Estate, Louth, LN11 0LS, England"
17441464,OXFORD PROFESSIONAL TRAINING CENTRE LIMITED,2026-09-05,active,ltd,85590,"15 Acacia Walk, Bicester, OX26 3FR, England"
17441561,NOT JUST QUADS COMPS LTD,2026-09-05,active,ltd,93290,"5 Whitby Road, New Rossington, Doncaster, DN11 0JN, England"
17441563,VBO MECHANICAL LIMITED,2026-09-05,active,ltd,41202;43220,"104 Paston Crescent, London, SE12 9EB, England"
17441679,PRECISION BUILDING AND CONTRACTING LIMITED,2026-09-05,active,ltd,41201;41202;43910,"18 Uplands Road, Hockley, SS5 4DH, United Kingdom"
17441677,GORDON & CO CONSULTANCY LTD,2026-09-05,active,ltd,70229;82990,"124-128 City Road, London, EC1V 2NX, England"
17441682,UK PORTFOLIO PARTNERS LTD,2026-09-05,active,ltd,82990,"374 Smithdown Road, Liverpool, L15 5AN, England"
17441770,OLUTOLANA LTD,2026-09-06,active,ltd,47910,"82a James Carter Road, Mildenhall, Bury St. Edmunds, IP28 7DE, England"
17441766,ENGINES B2B LTD,2026-09-06,active,ltd,47910,"9 Grasmere Close, Penistone, Sheffield, S36 8HP, England"
17441771,HYHR DISCOUNTS LTD,2026-09-06,active,ltd,47910,"4 Belmont Street, Huddersfield, HD1 5BZ, United Kingdom"
17441812,BLACKGROVE PROPERTY GROUP LIMITED,2026-09-06,active,ltd,68100;98000,"Blackgrove Farm Nash Road, Thornborough, Buckingham, MK18 2DR, England"
17441813,RHYTHM PERFORMING ARTS LTD,2026-09-06,active,ltd,85520;90010,"40 Fairlop Gardens, Ilford, IG6 2NF, United Kingdom"
17441826,PANOSCHI CONSTRUCTION LIMITED,2026-09-06,active,ltd,41201;41202;42110,"89 Thirlmere Gardens, Wembley, HA9 8RD, England"
17441828,25 THORNHILL ROAD LEASEHOLDER MANAGEMENT LTD,2026-09-06,active,ltd,68320,"46 Nova Road, Croydon, CR0 2TL, England"
17441811,AICE GROUP LTD,2026-09-06,active,ltd,46900;47910;72110,"6 Angela Close, Bexhill-On-Sea, TN40 2RH, England"
17442081,PELIS IN THE PUB LIMITED,2026-09-06,active,ltd,82302,"18 Davis Row, Arlesey, SG15 6RB, England"
17442080,EASTMIDLANDSEV & AIR CONDITIONING LTD,2026-09-06,active,ltd,43210;43220,"19 Cavendish Avenue, Nottingham, NG4 4FZ, United Kingdom"
17442083,AYZARIA LTD,2026-09-06,active,ltd,47910,"88 Blackmore Crescent, Woking, GU21 5NS, United Kingdom"
17442082,BISH & CO LIMITED,2026-09-06,active,ltd,70229;82990,"5 Durstan Rise, Woodstock, OX20 1GR, England"
17442076,PENEGAN LTD,2026-09-06,active,ltd,99999,"97 Harrison Street, Walsall, WS3 3HN, England"
17442150,YORKSHIRE CARS IMPORT LIMITED,2026-09-07,active,ltd,45112,"285 Bradford Road, Riddlesden, Keighley, BD20 5LD, England"
17442146,JAMLINGG LTD,2026-09-07,active,ltd,90040,"22 Bluebell Way, Doncaster, DN4 8FP, United Kingdom"
17442295,MCFADYENDURHAM LTD,2026-09-07,active,ltd,81299,"Norlands, Cowshill, Bishop Auckland, DL13 1DA, United Kingdom"
17442309,LAVINIUM LTD,2026-09-07,active,ltd,64209,"Calyx House, South Road, Taunton, Somerset, TA1 3DU, United Kingdom"
17442306,OBEE DESIGN AND BUILD LIMITED,2026-09-07,active,ltd,16230;41202,"41 Glentrammon Avenue, Orpington, BR6 6JY, England"
17442315,ASCRON LIMITED,2026-09-07,active,ltd,64209,"20 Wenlock Road, London, N1 7GU, England"
17442296,REYS PROPERTY LIMITED,2026-09-07,active,ltd,68209,"58 Chapel Road, Worthing, West Sussex, BN11 1BN, United Kingdom"
17442314,SOBI SOCIAL LTD,2026-09-07,active,ltd,73110,"66 Paul Street, London, England, EC2A 4NA, United Kingdom"
17442305,ELEVATE INVESTMENT GROUP LIMITED,2026-09-07,active,ltd,64209,"18 The Ropewalk, Nottingham, NG1 5DT, England"
17442436,MH LABS LTD,2026-09-07,active,ltd,62020,"66 Paul Street, London, EC2A 4NA, United Kingdom"
17442438,EGY SUN LIGHT LTD,2026-09-07,active,ltd,47910,"Office 20933 182-184 High Street North, East Ham, London, E6 2JA, United Kingdom"
17442439,SB55 LIMITED,2026-09-07,active,ltd,56102,"Marshall House, 124 Middleton Road, Morden, Surrey, SM4 6RW, England"
17442430,RONALD JEN LTD,2026-09-07,active,ltd,62020,"58 Churchill Avenue, Skegness, PE25 2RN, England"
17442429,WYLLIAM TRANSPORT LTD,2026-09-07,active,ltd,51210,"15 James Close, Smethwick, B67 7DS, United Kingdom"
17442423,DAB MOBILITY GROUP LIMITED,2026-09-07,active,ltd,49390;70229;73120,"22 Barham Avenue, Elstree, Borehamwood, WD6 3PN, England"
17442418,BUYMYTHOUGHTS LTD,2026-09-07,active,ltd,62011,"124 City Road, London, EC1V 2NX, United Kingdom"
17442443,GOLDTEXT LIMITED,2026-09-07,active,ltd,96090,"72 Halliwick Road, London, N10 1AB, England"
17442652,KIOS CAPITAL LIMITED,2026-09-07,active,ltd,66300,"1b Dornton Road, London, SW12 9NB, England"
17442650,MERIDIAN GATEWAY LTD,2026-09-07,active,ltd,62012;62020;62090,"71-75 Shelton Street, Covent Garden, London, WC2H 9JQ, United Kingdom"
17442654,ACADEMIC DECODER LTD,2026-09-07,active,ltd,85600,"71-75 Shelton Street, Covent Garden, London, WC2H 9JQ, United Kingdom"
17442647,ROLEPLAY GRID LTD,2026-09-07,active,ltd,62020;62090;63110,"66 Paul Street, London, EC2A 4NA, England"
17442656,TOUCHLINE GROUP LTD,2026-09-07,active,ltd,73110,"87 Moor View, Newcastle Upon Tyne, NE12 5XR, United Kingdom"
17442679,WEFT CONSULTING LTD,2026-09-07,active,ltd,62020;70229;78300;82990,"96, G1 Ilford Lane, Ilford, IG1 2LD, United Kingdom"
17442676,RANK PLUS SOLUTIONS LTD,2026-09-07,active,ltd,47910;58290;62012,"Lytchett House 13 Freeland Park, Wareham Road, Poole, Dorset, BH16 6FA, United Kingdom"
17442678,ARGON COPPER LTD,2026-09-07,active,ltd,70229,"124 City Road, London, EC1V 2NX, United Kingdom"
17442668,AMDM STUDIOS LTD,2026-09-07,active,ltd,59112;59120,"66 Paul Street, London, EC2A 4NA, England"
17442669,BUGZIFI LTD,2026-09-07,active,ltd,47910,"Office 1933 60 Tottenham Court Road, Fitzrovia, London, W1T 2EW, United Kingdom"
17442675,FANDORIX LTD,2026-09-07,active,ltd,47599;47640;47910,"Initial Business Centre, Unit 7 Wilsons Business Park, Manchester, M40 8WN, United Kingdom"
17442687,HTH ACCOUNTANCY LTD,2026-09-07,active,ltd,69201,"Three Gables, Corner Hall, Hemel Hempstead, HP3 9HN, England"
17442666,MOUZONE AUTO TRADERS LTD,2026-09-07,active,ltd,45112,"167-169 Great Portland Street, London, W1W 5PF, England"
17442930,RH ESSENTIALS LIMITED,2026-09-07,active,ltd,47799,"42 York Road, Bridgwater, TA6 6EE, England"
17442933,CLEARER STATES LTD,2026-09-07,active,ltd,86900,"128 City Road, London, EC1V 2NX, United Kingdom"
17442939,ISO ROOF LTD,2026-09-07,active,ltd,41201;43390;43910;43999,"7 Initial Business Centre, Unit 7 Wilson Business Park, Manchester, M40 8WN, United Kingdom"
17442918,LONGYUE ENTERPRISES LTD,2026-09-07,active,ltd,86900,"676 Durham Road, Gateshead, NE9 6JA, United Kingdom"
17442917,WILLOW HOUSE HOLDINGS LTD,2026-09-07,active,ltd,68209,"75a Aslett Street, London, SW18 2BE, United Kingdom"
17442922,OAKSTONE ELECTRICAL SERVICES LTD,2026-09-07,active,ltd,43210,"4 St. Nicholas Court Church Lane, Dersingham, King's Lynn, PE31 6GZ, England"
17442928,SHAKTI MUSIC LTD,2026-09-07,active,ltd,59200;82302;85520;90030,"Flat 11 Arrandene Apartments, Silverworks Close, London, NW9 0FA, England"
17442925,RELATIONSHIPS TO REVENUE LTD,2026-09-07,active,ltd,70229,"Croft House High Street, Ticehurst, Wadhurst, TN5 7AS, England"
SC901729,WASTE CLEARANCE DISPOSAL LTD,2026-09-07,active,ltd,38110;38210,"99 Main Street, Largs, Largs, KA30 8JJ, Scotland"
SC901731,CCS MOTORS LTD,2026-09-07,active,ltd,45112,"44 East Hamilton Street, Greenock, PA15 2TQ, United Kingdom"
17442940,HOUSE ON THE ROCK CAPITAL LTD,2026-09-07,active,ltd,68100;68201;68209;68320,"71-75 Shelton Street, Covent Garden, London, WC2H 9JQ, United Kingdom"
17442932,DESKTOPBY LIMITED,2026-09-07,active,ltd,47910;58210;58290;62090,"Pinecroft Trench Road, Trench, Telford, TF2 6PL, England"
17442946,KOSHVOLT LTD,2026-09-07,active,ltd,26400;26511;62012;72190,"82a James Carter Road, Mildenhall, IP28 7DE, United Kingdom"
17443047,ADVANCED PROPERTY HOLDINGS LIMITED,2026-09-07,active,ltd,64209,"19 Warren Park Way, Enderby, Leicester, Leicestershire, LE19 4SA, England"
17443043,CS HOUSING LIMITED,2026-09-07,active,ltd,68209,"33 Boden Road, Birmingham, B28 9DJ, England"
17443045,BQH LIMITED,2026-09-07,active,ltd,47910,"67 Herongate Road, Cheshunt, Waltham Cross, EN8 0TX, England"
17443039,UKVLM LIMITED,2026-09-07,active,ltd,68209,"7 Autumn Gate Hook Lane, Aldingbourne, Chichester, PO20 3TE, England"
17443042,MUSBAL NIG LIMITED,2026-09-07,active,ltd,41201;41202;68100;68209,"18 Little Roke Road, Kenley, CR8 5NE, England"
17443031,IROX TECH LTD,2026-09-07,active,ltd,62012;62020;62090,"1st Floor, 5 Century Court,, Tolpits Lane, Watford, Hertfordshire, WD18 9PX, United Kingdom"
17443030,ENFIELD FARM LIMITED,2026-09-07,active,ltd,01500,"Plum Orchard Enfield Court, Harby, Newark, NG23 7EP, England"
17443035,BRIFKASE LTD,2026-09-07,active,ltd,58290,"8 Furlong Avenue, Mitcham, CR4 3GF, United Kingdom"
17443033,EVW LAND ASSETS LTD,2026-09-07,active,ltd,68310;82990,"11 Candleford Court Candleford Close, Brackley, NN13 6JW, England"
17443058,RAPHSTA PROPERTIES LTD,2026-09-07,active,ltd,68209,"36 Whyman Avenue, Chatham, ME4 5TP, England"
SC901735,VOLT COMMUNICATIONS AND ENGAGEMENT LTD,2026-09-07,active,ltd,70210;70229,"40 Strathmore Road, Glasgow, G22 7DW, Scotland"
17443051,C&H COMMERCIAL PROPERTY LTD,2026-09-07,active,ltd,68209,"57a Broadway, Leigh-On-Sea, SS9 1PE, England"
17443054,TIRATH & JS LTD,2026-09-07,active,ltd,56103,"120 Waye Avenue, Hounslow, TW5 9SF, England"
17443055,ISRA ECHO CARE LTD,2026-09-07,active,ltd,86900,"41 Allfoxton Road, Bristol, BS7 9NL, England"
SC901760,RIVERMARK TRADING LTD,2026-09-07,active,ltd,52213,"18 Milligan Street, Edinburgh, EH16 4TY, United Kingdom"
17443235,ASHMORE FIELDS LIMITED,2026-09-07,active,ltd,62020,"Willow Cottage Church Lane, Heckfield, Hook, RG27 0LG, England"
17443225,RUNSUN AI UK LTD,2026-09-07,active,ltd,62090;63110,"2 New Bailey, 6 Stanley Street, Salford, Greater Manchester, M3 5GS, United Kingdom"
17443226,PHOENIX DRIVES LTD,2026-09-07,active,ltd,49100,"66 Paul Street, London, England, EC2A 4NA, United Kingdom"
17443218,NEWSBOX LTD,2026-09-07,active,ltd,47620,"18 Applecroft Road, Luton, LU2 8BD, England"
SC901756,SGURBAN LTD,2026-09-07,active,ltd,41100,"18 Young Street, Edinburgh, EH2 4JB, United Kingdom"
17443425,FACIAL RECOGNITION MAP LIMITED,2026-09-07,active,ltd,62012,"124-128 City Road, London, EC1V 2NX, United Kingdom"
17443417,BEASTS BROTHERS INVESTMENT COMPANY LTD,2026-09-07,active,ltd,82990,"5 Brayford Square, London, E1 0SG, United Kingdom"
17443427,SATURN DIGITAL LTD,2026-09-07,active,ltd,73110,"275 New North Road, London, N1 7AA, England"
17443422,FJR MOTORS LTD,2026-09-07,active,ltd,45112,"Unit 4, Imex Business Park, Union Road, Oldbury, West Midlands, B69 3EX, England"
17443424,GLOMART SUPERSTORES LIMITED,2026-09-07,active,ltd,47110,"342 Oldham Road, Manchester, M40 7NS, England"
17443418,CHARLTON HOUSE WELLINGBOROUGH FREEHOLD 57 LTD,2026-09-07,active,ltd,68100,"Unit 1 The Old Slaughter House Green Lane, Chickerell, Weymouth, DT3 4GG, England"
17443409,AMARA LONDON LTD,2026-09-07,active,ltd,47710,"38 Pemberton Road, Liverpool, L13 3EG, England"
17443412,HESPERA TERRA LIMITED,2026-09-07,active,ltd,46370;46390;47910,"49 Station Road, Polegate, BN26 6EA, England"
17443414,95 VENTURES LTD,2026-09-07,active,ltd,79909;82990;96090,"71-75 Shelton Street, Covent Garden, London, WC2H 9JQ, United Kingdom"
17443404,SAJIDA HOLDING LIMITED,2026-09-07,active,ltd,64209,"Unit C1 Seedbed Centre, Davidson Way, Romford, RM7 0AZ, England"
17443406,NALA RENEWABLES UK INVESTMENT HOLDCO LIMITED,2026-09-07,active,ltd,64209,"4 Kingdom Street, 2nd Floor, London, W2 6BD, England"
17443423,WALNUT PROPERTIES LTD,2026-09-07,active,ltd,68209,"26 Coombe Lane West, Kingston Upon Thames, KT2 7BX, England"
17443419,HICKS ENTERTAINMENT LTD,2026-09-07,active,ltd,96090,"101 Clerkenwell Road, Suite 502, London, EC1R 5BX, United Kingdom"
17443410,NORTH & CO. MARKETING LTD,2026-09-07,active,ltd,62012;62020;62090;73110,"6 Cheviot Street, Manchester, M3 1LW, England"
17443426,NJ RETAIL LTD,2026-09-07,active,ltd,53100,"147 Greenford Road, Harrow, HA1 3QN, England"
17443609,AS DESIGN GRP LTD,2026-09-07,active,ltd,74909,"46 Raymond Road, London, E13 0SW, England"
SC901786,DOORVOLT LTD,2026-09-07,active,ltd,25720,"Ashley House, Silverglades, Monktonhill Road, Troon, KA10 7EW, United Kingdom"
17443623,COPEN CONSTRUCTION & MAINTENANCE LTD,2026-09-07,active,ltd,43310;43320;43330;43341,"124 City Road, London, EC1V 2NX, United Kingdom"
17443618,G ROCK SERVICES LTD,2026-09-07,active,ltd,41100;68100;68310,"1 Dame Margaret Hall, The Avenue, Washington, NE38 7BF, United Kingdom"
17443617,UNDRLY LTD,2026-09-07,active,ltd,47910,"75 Rowsley Street, Leicester, LE5 5JP, United Kingdom"
17443621,ILFORD PORTFOLIO LTD,2026-09-07,active,ltd,68100;68209,"685 Cranbrook Road, Ilford, IG2 6SY, England"
17443627,STORMGHOST PUBLISHING LIMITED,2026-09-07,active,ltd,58110;58190,"55 George Avenue, Mile Oak, Tamworth, B78 3PW, England"
17443629,FORGE RECOVERY LTD,2026-09-07,active,ltd,49410;52290,"116 Petersham Road, Poole, BH17 7DP, United Kingdom"
17443624,WARD CRE 1 LTD,2026-09-07,active,ltd,68209,"Suite Ra01 195-197 Wood Street, London, E17 3NU, United Kingdom"
SC901785,ALITY INTELLIGENCE LTD,2026-09-07,active,ltd,63110;70229;71122,"47 Swanston Gardens, Edinburgh, EH10 7DF, Scotland"
17443604,LIPSBYLAYLA LTD,2026-09-07,active,ltd,96020,"Lipsbylayla, 36 Great Moor Street, Bolton, BL1 1NJ, England"
17443606,GLAM TOUCH BEAUTY STUDIO LTD,2026-09-07,active,ltd,96020,"47 Bower Farm Road, Chesterfield, S41 9PR, United Kingdom"
17443635,NORTHWEST ROOFING AND PROPERTY CARE LTD,2026-09-07,active,ltd,43910,"280 Church Street, Blackpool, FY1 3PZ, England"
17443757,MY MINDFUL MIND LTD,2026-09-07,active,ltd,58210;62012,"28 Jewel Road, London, E17 4QX, England"
17443759,AAM GROUP,2026-09-07,active,private-unlimited,99999,"Calyx House, South Road, Taunton, Somerset, TA1 3DU"
17443754,TAPMIL LTD,2026-09-07,active,ltd,49410,"17 South Parade, Spalding, PE11 2YJ, England"
SC901831,EAGLE CLINICAL TRIAL CONSULTANCY LTD,2026-09-07,active,ltd,70229,"22 Ballewan Crescent, Blanefield, Glasgow, G63 9HW, Scotland"
17443926,RIGHTOCEAN LTD,2026-09-07,active,ltd,81229,"Flat 70, Brunswick Court, Tompion Street, London, EC1V 0ER, United Kingdom"
17443924,SEGURO44SECOND LTD,2026-09-07,active,ltd,68209,"82a James Carter Road, Mildenhall, Bury St. Edmunds, IP28 7DE, England"
17443922,AMBIENT STORE LTD,2026-09-07,active,ltd,47910;62012,"71-75 Shelton Street, Covent Garden, London, WC2H 9JQ, United Kingdom"
17443925,LSVL CYBER LTD,2026-09-07,active,ltd,62020;62090,"71-75 Shelton Street, Covent Garden, London, WC2H 9JQ, United Kingdom"
17443921,AHIR EXECUTIVE SERVICES LIMITED,2026-09-07,active,ltd,52219,"72 Upper Villiers Street, Wolverhampton, WV2 4NX, England"
17443919,VETERANS STANDARD TRAINING AND ADVISORY LTD,2026-09-07,active,ltd,85590,"61 High Street, Scarborough, YO13 9AL, United Kingdom"
17443916,COLLINGTREE COOL LTD,2026-09-07,active,ltd,43220,"84 Watermill Way, Northampton, NN4 0AD, United Kingdom"
17443910,FORTIVEX SECURITY SERVICES LTD,2026-09-07,active,ltd,80100,"111 Oriel Road, London, E9 5SG, England"
17443928,PAINTED PEACH LIMITED,2026-09-07,active,ltd,90040,"66 Paul Street, London, Greater London, EC2A 4NA, England"
17444107,NORTHSTONE STUDIO LTD,2026-09-07,active,ltd,99999,"Derngate Mews, Derngate, Northampton, Northamptonshire, NN1 1UE, England"
17444117,CHIPPENDALE BROTHERS HOLDINGS LIMITED,2026-09-07,active,ltd,64209,"Part Regina Mills, Laurel Street Leeds Road, Bradford, West Yorkshire, BD3 9TP, United Kingdom"
17444112,HHM DEVELOPMENTS LTD,2026-09-07,active,ltd,68209,"64 Castle Boulevard, Nottingham, NG7 1FN, England"
17444106,ZESTORA LIMITED,2026-09-07,active,ltd,56101;56302,"Yaatra Restaurant Old Westminster Fire Station, 4 Greycoat Place, London, SW1P 1SB, United Kingdom"
17444105,SOLO DAUGHTER LTD,2026-09-07,active,ltd,46330;47290;47910,"The Woods, Lower Merridge, Bridgwater, TA5 1DT, England"
17444131,CAD MECHANICAL LTD,2026-09-07,active,ltd,43220,"King Arthurs Court, Maidstone Road, Charing, Kent, TN27 0JS, England"
17444130,PD LUXURY PROPERTIES LIMITED,2026-09-07,active,ltd,68209,"Astrol C/O Maritime House, 14-16 Balls Road, Prenton, CH43 5RE, United Kingdom"
17444214,CONSULT AI LTD,2026-09-07,active,ltd,62020,"1-A Avenue Industrial Estate, Southend Arterial Road, Romford, RM3 0BY, England"
17444226,SISY LONDON CLEANING SERVICES LIMITED,2026-09-07,active,ltd,81210,"3 Dunholme Green, London, N9 9LS, England"
17444219,NEXTGEN TRAINING ACADEMY LTD,2026-09-07,active,ltd,85590;85600;86900,"16 Ashbury Lane, Sheffield, S8 8LF, England"
17444217,MAALI 782501 LIMITED,2026-09-07,active,ltd,74902,"Unit 2 Hillside Farm, Hillside Lane, Great Amwell, Ware, Hertfordshire, SG12 9SH, United Kingdom"
17444227,MASTERCRAFT REFURB LIMITED,2026-09-07,active,ltd,43390,"C/O Michael Heaven & Associates Limited 47 Calthorpe Road, Edgbaston, Birmingham, West Midlands, B15 1TH, United Kingdom"
17444203,MOMENTZ LIVE LTD,2026-09-07,active,ltd,26200;62012;63110;90020,"20 Wenlock Road, London, N1 7GU, England"
17444342,CYCLONOX LTD,2026-09-07,active,ltd,28110,"Juniper House, Low Juniper, Hexham, NE47 0LA, United Kingdom"
17444352,SLURP DIRTY SODA FRANCHISE LIMITED,2026-09-07,active,ltd,77400,"19 Monks Hill, Saffron Walden, CB11 3BW, England"
17444353,RJF COATINGS LTD,2026-09-07,active,ltd,43390;43999,"239 Ribbleton Lane, Preston, PR1 5EA, United Kingdom"
17444350,SEND CONNECTIONS LIMITED,2026-09-07,active,ltd,62012,"40 Barnfield House, St. Hilarys Park, Alderley Edge, SK9 7DA, England"
17435936,BLUE LOTUS HOSPITALITY LIMITED,2026-09-03,active,ltd,56101,"88 Leather Lane, London, EC1N 7TT, England"
17444376,KC BAR MANAGEMENT LIMITED,2026-09-07,active,ltd,56302,"Apartment 10 Lingmell Courtyard, Gosforth Road, Seascale, CA20 1HQ, United Kingdom"
17444374,EXCEDAR SPARROW MIDCO LIMITED,2026-09-07,active,ltd,64209,"124-128 City Road, London, EC1V 2NX, England"
17444373,SPUTNIK GLOW PVT LTD,2026-09-07,active,ltd,32300;47910,"Office 1760 85 Dunstall Hill, Wolverhampton, WV60SR, United Kingdom"
17444383,GPSASSOCIATES LTD,2026-09-07,active,ltd,93290,"30 Jubilee Drive, Bootle, L30 1RZ, England"
17444379,CHELSEA LIFESTYLE LTD,2026-09-07,active,ltd,47910,"128 City Road, London, EC1V 2NX, United Kingdom"
17444367,REESOURCE PROPERTIES LTD,2026-09-07,active,ltd,68209,"12 Fairways, Bargoed, CF81 8TQ, Wales"
17444340,NEXT PLUS ADVISORY LTD,2026-09-07,active,ltd,70229,"3b Lockheed Court, Preston Farm, Stockton On Tees, TS18 3SH, England"
17444359,RANSCOMBE FARM LIMITED,2026-09-07,active,ltd,64209,"2 Bowden Cottages, Sherford, Kingsbridge, TQ7 2BJ, United Kingdom"
17444364,VINCENT HEATING LTD,2026-09-07,active,ltd,43220,"64-66 Westwick Street, Norwich, NR2 4SZ, England"
17444610,GG-995-585 LIMITED,2026-09-07,active,ltd,68209,"C/O Getground, 1 Lyric Square, London, W6 0NB, England"
17444612,VOLKARIS INTELLIGENCE SUPPORT GROUP LTD,2026-09-07,active,ltd,70229,"284 Orrell Road, Orrell, Wigan, WN5 8QZ, England"
17444614,FLOWRISE TRADING INTERNATIONAL LIMITED,2026-09-07,active,ltd,46900;47910;62020;70229,"7 Copperfield Road, Coventry, West Midlands, England, CV2 4AQ, United Kingdom"
17444603,PROJECT SUNDAY LTD,2026-09-07,active,ltd,70229,"13 Greensand View, Woburn Sands, Milton Keynes, MK17 8GR, England"
17444601,ESTAR TUITION LIMITED,2026-09-07,active,ltd,85600,"Apartment 273 Orion Building 90 Navigation Street, Birmingham, B5 4AE, England"
17444604,NIRALWORKS LTD,2026-09-07,active,ltd,62020,"77 Chilcombe Way, Lower Earley, Reading, RG6 3DB, England"
17444600,ARDELLO LTD,2026-09-07,active,ltd,73110,"Academy House 11 Dunraven Place, Bridgend, Mid Glamorgan, CF31 1JF, United Kingdom"
17444617,MINGVERA TRADE LTD,2026-09-07,active,ltd,47910,"Unit413 Second Floor Capital House, 61 Amhurst Road, London, E8 1LL, United Kingdom"
17444608,THINKINGINFINITE LTD,2026-09-07,active,ltd,58290;62012;73110,"1st Floor, 57 Farringdon Road, London, EC1M 3JB, United Kingdom"
17444804,HOODSCOUTS LTD,2026-09-07,active,ltd,59200,"66 Paul Street, London, England, EC2A 4NA, United Kingdom"
17444813,7 STAR BUILDING CONSTRUCTION LIMITED,2026-09-07,active,ltd,41202;43999,"134 Glendower Road, Perry Barr, Birmingham, B42 1ST, England"
17444815,AVENZA VENTURES LTD,2026-09-07,active,ltd,47910,"42 Goodale Street, Derby, DE23 8QE, England"
17444814,POLARIS EDUCATION LIMITED,2026-09-07,active,ltd,85590;85600,"1 All Saints Road, Birmingham, B14 7LL, England"
SC901879,ZAKS PEST CONTROL LTD,2026-09-07,active,ltd,96090,"23 Corston Park, Livingston, West Lothian, EH54 5NT, Scotland"
17444807,OLD TOWN 168 LIMITED,2026-09-07,active,ltd,56103,"1 Gatcombe Way, Priorslee, Telford, TF2 9GZ, England"
17444808,ETHION SYSTEMS LTD,2026-09-07,active,ltd,58290;62012;62020;63110,"27 Old Gloucester Street, London, WC1N 3AX, United Kingdom"
17444876,DOGSDAY LTD,2026-09-07,active,ltd,47910,"61a Bridge Street, Kington, HR5 3DJ, England"
17431146,JISR EDUCATION LIMITED,2026-09-01,active,ltd,85600,"71-75 Shelton Street, Covent Garden, London, WC2H 9JQ, United Kingdom"
SC901885,ZAK ESTATES 2026 LTD,2026-09-07,active,ltd,68209,"1/2 5 Pembroke Street, Glasgow, G3 7BQ, Scotland"
SC901884,SPOKE MORTGAGES LTD,2026-09-07,active,ltd,64922,"61 Silverknowes Grove, Edinburgh, EH4 5NH, Scotland"
17444974,CASTLE SAUNAS LTD,2026-09-07,active,ltd,43999;77210;96040,"105 Leucha Road, London, E17 7LJ, England"
17444982,SELAPROPERTY LTD,2026-09-07,active,ltd,68310,"66 Paul Street, London, EC2A 4NA, England"
17444979,6IX CAFE LTD,2026-09-07,active,ltd,56102,"38 Oxford Road, Smethwick, B66 2DL, England"
17445046,ALBY AND ALFIE BAKERY AND CAFE LIMITED,2026-09-07,active,private-limited-guarant-nsc,56102,"28 Mead Way, Midhurst, GU29 9BT, England"
17445047,FAIRMONT MECHANICAL GROUP LTD,2026-09-07,active,ltd,43220,"124-128 City Road, London, EC1V 2NX, England"
17445053,ADYTUM DATA CONSULTANCY LIMITED,2026-09-07,active,ltd,70229,"20 Charles Square Cinders Lane, Arundel, BN18 0XJ, United Kingdom"
17445045,SOMY LONDON LIMITED,2026-09-07,active,ltd,47710,"61 Bridge Street, Kington, HR5 3DJ, United Kingdom"
17445049,K&K TRANSPORT SOLUTIONS LTD,2026-09-07,active,ltd,52290,"18 Bridge House Close, Wickford, SS12 0BE, England"
17445050,TRACE SYSTEMS LTD,2026-09-07,active,ltd,62012,"66 Paul Street, London, EC2A 4NA, England"
17445309,SILK PROPERTY MANAGEMENT SERVICES LTD,2026-09-08,active,ltd,68320,"66 Paul Street, London, England, EC2A 4NA, United Kingdom"
17445307,CODED LUXURY PLATFORMS LTD,2026-09-08,active,ltd,46480;47770,"20 Wenlock Road, London, N1 7GU, England"
17445308,WELLY BOOTS CONSULTING LTD,2026-09-08,active,ltd,85590,"16 Kings Road, Coltishall, Norwich, NR12 7DX, England"
17445323,EUPHORIA NEST GROUP LTD,2026-09-08,active,ltd,58190;68209;85590,"Apartment 5 53 Ivy Graham Close, Manchester, M40 3AX, England"
17445324,TUTOVEROL LTD,2026-09-08,active,ltd,47190;47990,"71-75 Shelton Street, Covent Garden, London, WC2H 9JQ, United Kingdom"
17445325,INSPIRE CUSTOMS CONSULTANCY LIMITED,2026-09-08,active,ltd,70229,"3 Summerfield Row Summerfield, Woodnesborough, Sandwich, CT13 0EW, England"
17445302,DOMESTIQUE SOFTWARE LTD,2026-09-08,active,ltd,62012,"52 Spenser Road, Flat A, London, SE24 0NR, United Kingdom"
17445299,HARNELL DIGITAL TRANSFORMATION LTD,2026-09-08,active,ltd,82990,"320 Firecrest Court, Warrington, WA1 1RG, United Kingdom"
17445298,LIFETIME ROOFING SPECIALIST LIMITED,2026-09-08,active,ltd,43910,"Suite G04 1 Quality Court, Chancery Lane, London, WC2A 1HR, England"
17445294,GROWTH PLANNER CO CIC,2026-09-08,active,private-limited-guarant-nsc,85590,"Meadow Sweet Cottage Battersby Green, Carlton, Stockton-On-Tees, TS21 1PN, England"
17445318,WHISK AND WOBBLE LIMITED,2026-09-08,active,ltd,56290,"71-75 Shelton Street, Covent Garden, London, WC2H 9JQ, United Kingdom"
17445322,REWORNUK LTD,2026-09-08,active,ltd,47820,"66 Paul Street, London, England, EC2A 4NA, United Kingdom"
17445421,RARE FASHION GROUP LTD,2026-09-08,active,ltd,47910,"91 Albany Heights Seally Road, Grays, RM17 5XG, England"
17445411,PEPTIDES R4 U LTD,2026-09-08,active,ltd,47910,"C/O Apex Accountancy, Office Suite 134, First Floor, 4 Longwalk Road, Uxbridge, UB11 1FE, United Kingdom"
17445414,M.A.I.C HOLDINGS 2 LTD,2026-09-08,active,ltd,68100;68209,"32 Woodstock Grove, London, W12 8LE, England"
17445418,AMITY TRADING LTD,2026-09-08,active,ltd,47910,"66 Paul Street, London, England, EC2A 4NA, United Kingdom"
17445415,WD ART & DESIGN LTD,2026-09-08,active,ltd,74201;90030,"7 Birkland Street, Mansfield, NG18 2QG, United Kingdom"
17445660,THE STOTT O'CONNELL GROUP LTD,2026-09-08,active,ltd,18129;32990,"Unit 5 Worth Bridge Industrial Estate, Chesham Street, Keighley, BD21 4NS, United Kingdom"
17445667,USAIMA TRADING LTD,2026-09-08,active,ltd,47910,"Office 20400 182-184 High Street North, East Ham, London, E6 2JA, United Kingdom"
17445669,SMUSHMONKEY LTD,2026-09-08,active,ltd,62012,"82, Unit A James Carter Road, Mildenhall, IP28 7DE, United Kingdom"
17445693,M3M FINANCE LIMITED,2026-09-08,active,ltd,64999,"133 Shepherds Hill, Romford, RM3 0NR, England"
17445681,RUDDINGTON MANOR RESIDENCES LIMITED,2026-09-08,active,ltd,68209,"White House, Clarendon Street, Nottingham, NG1 5GF, United Kingdom"
17445683,EASY CLIMATE SOLUTIONS LIMITED,2026-09-08,active,ltd,43220;46740;47910;62012,"128 City Road, London, EC1V 2NX, United Kingdom"
17445680,HORTYN & HORTYN LIMITED,2026-09-08,active,ltd,70229,"7 Avon Grove, Bristol, BS9 1PJ, England"
17445682,KQ LOGISTICS SOLUTIONS STORAGE LIMITED,2026-09-08,active,ltd,49410,"19 Fenham Road, Newcastle Upon Tyne, NE4 5PB, United Kingdom"
17445694,INNI AND ENNI LTD,2026-09-08,active,ltd,58290;62012;77400;85590,"309 Hoe Street, Walthamstow, London, E17 9BG, United Kingdom"
17445679,HOUSING INVESTMENTS LTD,2026-09-08,active,ltd,68209,"135 Montagu Avenue, Leeds, LS8 2RL, England"
17445686,A.M CANTERBURY LTD,2026-09-08,active,ltd,47190,"21 Canterbury Way, Newcastle Upon Tyne, NE13 6JQ, England"
17445823,DAS - FLORAL LTD,2026-09-08,active,ltd,47760,"Unit 13 Freeland Park Wareham Road, Lytchett Matravers, Poole, BH16 6FA, England"
17445828,LBSC HOLDINGS LIMITED,2026-09-08,active,ltd,85100,"Crown House, 151 High Road, Loughton, IG10 4LF, United Kingdom"
17445820,RUACH RESEARCH LTD,2026-09-08,active,ltd,73200,"110 St. Marys Road, Market Harborough, LE16 7DX, England"
17445829,BOLTZ ELECTRONICS LTD,2026-09-08,active,ltd,47749;47910,"167 - 169 Great Portland Street, 5th Floor, London, Greater London, W1W 5PF, England"
17445831,JP SQUARE LTD,2026-09-08,active,ltd,41100,"16 St. Lythan Close, Dinas Powys, CF64 4UB, United Kingdom"
17445812,DERRICK PHYSIO LTD,2026-09-08,active,ltd,96040,"Unit 8/9 My Gym, Melford Road, Stockport, SK7 6DD, England"
17445811,WILSON HOLDINGS LTD,2026-09-08,active,ltd,64209;64301;64304,"Dale House 64 Fink Hill, Horsforth, Leeds, LS18 4DH, England"
17445817,AJP TECHNICAL SOLUTIONS LTD,2026-09-08,active,ltd,62020,"20 Wenlock Road, London, N1 7GU, England"
17445837,KAHDOR LABS LTD,2026-09-08,active,ltd,29310;62012;72190,"82a James Carter Road, Mildenhall, Bury St. Edmunds, IP28 7DE, England"
17445814,DIRU PROPERTY PARTNERS LTD,2026-09-08,active,ltd,68209,"20 Wenlock Road, London, N1 7GU, England"
17445839,BRK LIVING LIMITED,2026-09-08,active,ltd,68100;68209;68320,"Crystal Accountancy Services Ltd. Regent House, Bath Avenue, Wolverhampton, West Midlands, WV1 4EG, United Kingdom"
17445816,CRYMSY LTD,2026-09-08,active,ltd,59112;90030,"435b Archway Road, London, N6 4HT, United Kingdom"
OC461558,LINEN ESTATES LLP,2026-09-08,active,llp,,"14 Bonhill Street, London, EC2A 4DJ, United Kingdom"
17445843,CAVANAGH CREATIVE LTD,2026-09-08,active,ltd,96090,"Flat 9 Legacy House, 2 Heaton Road, London, SE15 3NL, England"
17445927,SUGO GLOBAL FOODS LTD,2026-09-08,active,ltd,46370;46390;47190,"Flat 4, 97 Broadway, Pontypridd, CF37 1BE, United Kingdom"
17445931,THOMAS GROUP INVESTMENTS LIMITED,2026-09-08,active,ltd,64203;96090,"Tai Hirion Llwybr-Hir, Caerwys, Holywell, Flintshire, CH7 5BL, Wales"
17445934,TRAVELANCO TRAVEL AND TOURISM SERVICE COMPANY LTD,2026-09-08,active,ltd,55100;79110;79120;79901,"20 Wenlock Road, London, N1 7GU, England"
17445939,KINETIQ PERFORMANCE LTD,2026-09-08,active,ltd,47910;85510,"128 City Road, London, EC1V 2NX, United Kingdom"
17445917,LS OFFICE LIMITED,2026-09-08,active,ltd,90030,"9 Linhope Street, London, NW1 6ES, England"
17445930,86 ELECTRICS LTD,2026-09-08,active,ltd,43210,"9 Fairfield View, Bath, BA1 6HX, England"
SC901927,TJ'S PAINTSHOP LTD,2026-09-08,active,ltd,45320,"35 Cockmuir Place, Elgin, IV30 6YN, United Kingdom"
SC901928,SUYI’S UNIQUE LTD,2026-09-08,active,ltd,47910,"1 Stirling Street, Coatbridge, ML5 5QP, United Kingdom"
17446170,AL4SEAFOOD LIMITED,2026-09-08,active,ltd,56290,"6 Woodlands Grove, Leeds, LS16 8GH, England"
NI743594,AURELIA WOOD LTD,2026-09-08,active,ltd,58290,"67 Iniscarn Road, Magherafelt, BT45 5NQ, United Kingdom"
17446168,BLUTTY LIMITED,2026-09-08,active,private-limited-guarant-nsc,47710,"4 Lords Court, Retford, DN22 7WL, England"
17446169,INDUSTRIAL SAFETY AUTOMATION LIMITED,2026-09-08,active,ltd,71121,"35 Bingham Park Road, Sheffield, S11 7BD, England"
17446161,GD RETAIL LTD,2026-09-08,active,ltd,47910,"19 Yield Avenue, Cottam, Preston, PR4 0UY, England"
17446167,SMART MODERN SOLUTIONS LTD,2026-09-08,active,ltd,62012,"1 Haystone Villas, Haystone Place, Plymouth, PL1 5DX, England"
17446163,AJ SOFA WAREHOUSE LTD,2026-09-08,active,ltd,47599,"Aj Sofa Warehouse, 296 Thornton Road, Bradford, BD8 8JZ, United Kingdom"
17446155,PROPERTY LINKS SOLUTIONS LTD,2026-09-08,active,ltd,68209,"Flat 46 Rosing Apartments, 45 Homesdale Road, Bromley, BR2 9FN, England"
17446156,AIVASOFT LTD,2026-09-08,active,ltd,62020;62090;63110,"14 Skylark Street, Crowborough, TN6 3GF, England"
17446157,COUNTRY CATERING (BRAMFIELD) LTD,2026-09-08,active,ltd,56210,"18 Bury Lane, Bramfield, Hertford, SG14 2QL, England"
17437204,NASOUP HOUSE LIMITED,2026-09-03,active,ltd,47190;47240,"94 Grasshaven Way, London, SE28 8TL, England"
17446144,ALCEDO CYBER LTD,2026-09-08,active,ltd,62020,"159c Ladywell Road, London, SE13 7HZ, England"
17434981,MJ GARDEN AND CLEANING SOLUTIONS LTD,2026-09-02,active,ltd,81210;81300,"5 Knevett Terrace, Hounslow, TW3 3PW, United Kingdom"
17446158,DJJ PROPERTY LIMITED,2026-09-08,active,ltd,68209,"50 Adelaide Street, Fleetwood, FY7 6EE, England"
17446327,MOHAMMED ABDULLAH AHMED MUNEEF FOR TRADING LTD,2026-09-08,active,ltd,46900,"1 Bedford Row, Office 105, London, WC1R 4BU, United Kingdom"
17446326,EJ FOOD & WINE LIMITED,2026-09-08,active,ltd,47110,"309 Commercial Road, London, E1 2PS, England"
17446331,TECHNEST ACCESSORIES LTD,2026-09-08,active,ltd,47429,"137 Broadway, Bexleyheath, DA6 7EZ, England"
17446320,EYTERRA LTD,2026-09-08,active,ltd,62020,"49 Station Road, Polegate, BN26 6EA, England"
17446321,WALDORF CONSULTANCY LTD,2026-09-08,active,ltd,69202;70229,"Office 408, Screenworks 22 Highbury Grove, London, N5 2ER, United Kingdom"
17446333,D & J SPORTING EVENTS LTD,2026-09-08,active,ltd,93199,"39 High Street, Orpington, BR6 0JE, England"
17446325,BBB PROPERTY INVESTMENT LTD,2026-09-08,active,ltd,68100;68209;68320,"765 Southchurch Road, Southend-On-Sea, SS1 2PP, England"
17446328,ORHAN LTD,2026-09-08,active,ltd,47910;47990,"56 Brindley Road, Nottingham, NG8 4BX, England"
17446619,FOUR SQUARE PARTNERS CIC,2026-09-08,active,private-limited-guarant-nsc,68209;68320;88990,"2 Templars Court, 43 St Johns Wood Road, London, NW8 8QJ, United Kingdom"
17446613,CUBE INSTALLATIONS H&C LTD,2026-09-08,active,ltd,43220,"4 & 5 The Cedars Apex 12, Old Ipswich Road, Colchester, Essex, CO7 7QR, United Kingdom"
17446597,BRISK & BREW LTD,2026-09-08,active,ltd,56102,"Flat 1, 53 Wakefield Road, Huddersfield, HD5 9AB, United Kingdom"
17446605,PAST FORWARD CIC,2026-09-08,active,private-limited-guarant-nsc,88990;90030,"Flat 6 3-5 High Street, London, Greater London, SE20 7HJ, United Kingdom"
17446601,ANACHUNAM MEDICAL SERVICES LTD,2026-09-08,active,ltd,86210,"C/O Aacsl Accountants Ltd 1st Floor North Westgate House, Harlow, Essex, CM20 1YS, United Kingdom"
17446633,SHAWS K9 SOLUTIONS LTD,2026-09-08,active,ltd,96090,"13 St Mary's Street, C/O Psf Accounting, Stamford, PE9 2DE, England"
17446592,MALLARDS HOLDINGS LTD,2026-09-08,active,ltd,45112,"71-75 Shelton Street, Covent Garden, London, WC2H 9JQ, United Kingdom"
17446590,VULCAN CYBER LTD,2026-09-08,active,ltd,62020,"1 Tulip Road, Witham St. Hughs, Lincoln, LN6 9TF, England"
17446588,MOJU SPICE LTD,2026-09-08,active,ltd,56103,"222 Merton High Street, London, Greater London, SW19 1AU, England"
17446868,CODFISH BLENDER LTD,2026-09-08,active,ltd,62020,"The Manor Church Lane, Wheldrake, York, YO19 6AW, England"
17446874,MARJAN FLOWERS LIMITED,2026-09-08,active,ltd,46900,"01 182-184 Office 15452 High Street North East Ham, London, E6 2JA, United Kingdom"
17446873,JSYS TECHNOLOGIES LTD,2026-09-08,active,ltd,62012,"173 South End Road, Rainham, RM13 7XX, England"
17446852,QUECK UK LIMITED,2026-09-08,active,ltd,47910,"33 Osborn Road, Birmingham, B11 1PS, England"
17446856,GOLDEN DRAW LTD,2026-09-08,active,ltd,96090,"3rd Floor, 45 Albemarle Street, London, W1S 4JL, England"
17446871,CH ROSE HOLDINGS LIMITED,2026-09-08,active,ltd,64209,"203 West Street, Fareham, Hampshire, PO16 0EN, England"
17446876,MOJE BY MORRIS LIMITED,2026-09-08,active,ltd,46420;47710;47910,"Bryn Illtyd Care Home, Mountain Road, Burry Port, Carmarthenshire, SA16 0AJ, United Kingdom"
17446861,MALIBICRE LTD,2026-09-08,active,ltd,62090,"71-75 Shelton Street, Covent Garden, London, WC2H 9JQ, United Kingdom"
17446865,GHAAZI HOLDINGS LTD,2026-09-08,active,ltd,64209,"84 King William Street, Blackburn, BB1 7DT, England"
17447065,RAFYA LTD,2026-09-08,active,ltd,47730;68209,"289 Skircoat Green Road, Halifax, West Yorkshire, HX3 0BW, England"
17447054,BLACKWOOD MOTOR COMPANY LTD,2026-09-08,active,ltd,45112,"66 Paul Street, London, England, EC2A 4NA, United Kingdom"
17447051,DOMINUS GAMES LTD,2026-09-08,active,ltd,47650;47890;47910,"128 City Road, London, EC1V 2NX, United Kingdom"
17447050,TENDRING STORAGE LIMITED,2026-09-08,active,ltd,52103,"26 Forrester Road, Mistley, Manningtree, CO11 2FJ, England"
17447066,BRANTWOOD PROPERTIES LIMITED,2026-09-08,active,ltd,68209,"C/O Karolia & Co. Suite 28 Blackburn Enterprise Centre, Furthergate, Blackburn, Lancashire, BB1 3HQ, United Kingdom"
17447044,HLKT LIMITED,2026-09-08,active,ltd,68209,"19-20 Bourne Court Southend Road, Woodford Green, Essex, IG8 8HD, United Kingdom"
17447459,HM ENTERPRISE GROUP LTD,2026-09-08,active,ltd,47910,"Flat 134, Nankeville Court Guildford Road, Woking, GU22 7WH, United Kingdom"
17447458,HASHOID LTD,2026-09-08,active,ltd,62012;63110,"4a Burton Villas, Hove, BN3 6FN, England"
17447467,GRIP KTS LTD,2026-09-08,active,ltd,45200,"37-39 Cambridge Road, Kingston Upon Thames, KT1 3NQ, England"
17447110,CASTELLAN GROUP LIMITED,2026-09-08,active,ltd,74909,"C/O Auria, 48 Warwick Street, London, W1B 5AW, United Kingdom"
17447479,CIRCULATION SCIENCE LIMITED,2026-09-08,active,ltd,86220,"1434 London Road, Leigh-On-Sea, SS9 2UL, England"
17447481,ALDWYCH COLLECTIVE LTD,2026-09-08,active,ltd,82990,"167-169 Great Portland Street, 5th Floor, London, W1W 5PF, England"
17447486,ATHENA ESG ADVISORY LTD,2026-09-08,active,ltd,70229;74901,"71-75 Shelton Street, Covent Garden, London, WC2H 9JQ, United Kingdom"
17447491,SAMHA GROUP LTD,2026-09-08,active,ltd,46900;47190;47910,"115 London Road, Morden, SM4 5HP, England"
17447473,JA COMMERCIAL GROUP LTD,2026-09-08,active,ltd,41201;49420,"33 Clarissa Road, Romford, RM6 4ND, England"
17447466,STRATIFY HOLDINGS LIMITED,2026-09-08,active,ltd,64209,"Unit 11 Diddenham Court Lambwood Hill, Grazeley, Reading, Berkshire, RG7 1JQ, United Kingdom"
17447663,"JAWHARAT ALZAMAN CO., LTD",2026-09-08,active,ltd,46190;47110;55100;77110,"7 Copperfield Road, Coventry, West Midlands, England, CV2 4AQ, United Kingdom"
17447674,SEAN POLLINGTON DECORATING LTD,2026-09-08,active,ltd,96090,"Robson House, Chapel Street, Honiton, EX14 1EU, England"
17447667,GROUND LEVEL GROUP LTD,2026-09-08,active,ltd,58190,"167-169 Great Portland Street, London, W1W 5PF, England"
17447675,ANDREVORA TRADING LTD,2026-09-08,active,ltd,47910,"123 King Street, London, W6 9JG, United Kingdom"
17447656,EL-NUR CAPITAL LTD,2026-09-08,active,ltd,64209,"71-75 Shelton Street, Covent Garden, London, WC2H 9JQ, United Kingdom"
17447842,STYLO SHORE LTD,2026-09-08,active,ltd,46900;47910,"19 Coppy Bridge Drive, Rochdale, OL16 3AQ, England"
17447843,A&J NUSHI LTD,2026-09-08,active,ltd,68209,"137 Northview Drive, Westcliff-On-Sea, SS0 9ND, United Kingdom"
17447847,AIR CONDITIONING FOR YOU LTD,2026-09-08,active,ltd,35300,"76 Panton Road, Hoole, Chester, CH2 3HN, United Kingdom"
17447845,BAPS & BANTER LTD,2026-09-08,active,ltd,56103,"8 Highfield Drive, Fulwood, Preston, PR2 9SD, England"
17447848,GPB CONSULTANCY LTD,2026-09-08,active,ltd,70229,"50 Ebberns Road, Hemel Hempstead, HP3 9QR, United Kingdom"
17447841,KGN LIMITED,2026-09-08,active,private-limited-guarant-nsc,47750,"64 Openshaw Drive, Blackburn, BB1 8RH, England"
17447899,QCM GROUP LTD,2026-09-08,active,ltd,45112;77110,"Lavenham Business Centre, Parsons Street, Oldham, OL9 7AH, England"
17447898,SIR WINSTON FISH & CHIPS LTD,2026-09-08,active,ltd,56103,"112 Lawnswood Road, Stourbridge, DY8 5NA, England"
17447896,SMITH-TAYLOR LTD,2026-09-08,active,ltd,56290,"115 Belvedere Road, Burton-On-Trent, DE13 0RF, United Kingdom"
17447906,MISPPELLED LTD,2026-09-08,active,ltd,62012;62020;90010;90030,"106 Hither Farm Road, London, SE3 9QU, England"
17448068,AHMED PROPERTY PORTFOLIO LTD,2026-09-09,active,ltd,68100;68209,"72 Balfour Road, Ilford, IG1 4JG, England"
17448091,TJA ENTERPRISE SOLUTIONS LTD,2026-09-09,active,ltd,47910,"13 Shearley Close, Bedford, MK40 4HH, United Kingdom"
17448090,4VIVA LTD,2026-09-09,active,ltd,68209,"C/O Getground, 1 Lyric Square, London, W6 0NB, England"
17448083,DENTLUXUE HOLDINGS LIMITED,2026-09-09,active,ltd,64209,"42-44 Bishopsgate, London, EC2N 4AH, England"
17448084,WILMSLOW ROOFING LTD,2026-09-09,active,ltd,43910,"Blake House 11 High Street, Lees, Oldham, OL4 3BH, England"
17448358,CARTRIDGE PROPERTIES LIMITED,2026-09-09,active,ltd,68209,"Sydney Sparrows Back Smiths Terrace, Easington Lane, Houghton-Le-Spring, Tyne And Wear, DH5 0JQ, United Kingdom"
17448357,LOCKER 34 LTD,2026-09-09,active,ltd,47910,"Corradinna Southside, Butterknowle, Bishop Auckland, DL13 5JY, United Kingdom"
17448367,GROWIZE LTD,2026-09-09,active,ltd,46900;47910;47990,"116 Maybank Avenue, Wembley, HA0 2TJ, United Kingdom"
17448362,HYNDBURN HIRE LTD,2026-09-09,active,ltd,77320,"23 Roman Way, Clitheroe, BB7 1JF, England"
17448361,YOUR MERCH SHOP LIMITED,2026-09-09,active,ltd,47910,"1 Phoenix Business Park, Margate, CT9 4HL, United Kingdom"
17448350,HARMONT HOLDINGS LTD,2026-09-09,active,ltd,41100;64209,"4 Cedar Court, Tiverton Business Park, Tiverton, Devon, EX16 6GT, United Kingdom"
17448355,ALPHA PRIME PROPERTY LTD,2026-09-09,active,ltd,41202;68100,"Office 20971 182-184 High Street North, East Ham, London, E6 2JA, United Kingdom"
17448496,PROHEARINGS LIMITED,2026-09-09,active,ltd,69109,"73 Lower Ford Street, Coventry, CV1 5PS, England"
17448503,L A COMMS PAYMENTS LTD,2026-09-09,active,ltd,66190;77390,"Navigation House, Belmont Wharf, Skipton, North Yorkshire, BD23 1RL, United Kingdom"
17446884,PLOT TWIST INVESTMENTS LTD,2026-09-08,active,ltd,64209,"55 Allerton Road, Liverpool, Merseyside, L25 7RE, England"
17448493,LOOM CURTAINS LTD,2026-09-09,active,ltd,46410,"Northam Tower 2 Mabyn Lane, 906, Greenwich, SE10 0GF, United Kingdom"
17448505,THREE HOUNDS HOLDINGS LTD,2026-09-09,active,ltd,64991,"22 Vicarage Road, Chester, CH2 3HZ, United Kingdom"
17448497,MANIFEST TRP LTD,2026-09-09,active,ltd,47910,"Office 21040 182-184 High Street North, East Ham, London, E6 2JA, United Kingdom"
17448488,ALIMANSOOR GROUP LIMITED,2026-09-09,active,ltd,62020,"1 Trenic Crescent, Leeds, LS6 3DL, England"
SC902038,WONDERWICK LTD,2026-09-09,active,ltd,47190,"5-21 Cresswell Lane, De Courcy's Arcade, Glasgow, G128AA, Scotland"
17448552,NORTH WEST LDN MOTOR GROUP LTD,2026-09-09,active,ltd,45112,"261 Ealing Road, Wembley, Middlesex, HA0 1ET, United Kingdom"
SC902039,SUNND TECHNOLOGIES LIMITED,2026-09-09,active,ltd,63110,"Clyde Offices, 48 West George Street, Glasgow, Scotland, G2 1BP, United Kingdom"
SC902037,PLATINUM TRADING SCOT LIMITED,2026-09-09,active,ltd,41202;46900;68209;68320,"25a Bridge Street, Tranent, EH33 1AQ, Scotland"
17436990,VMAR LEASEHOLDS LTD,2026-09-03,active,ltd,68100;68209,"30 Riverside Road, London, N15 6DA, England"
17448557,COVER ESSENTIALS LIMITED,2026-09-09,active,ltd,96040,"The Oak House Studio & Therapies, Cover Essentials, Hatfield, Hertfordshire, AL9 5AR, United Kingdom"
17448554,BEWDLEY K9 LTD,2026-09-09,active,ltd,47760,"Apollo House Doris Road, Bordesley Green, Birmingham, B9 4SJ, England"
17448548,MADULLA TRADING LTD,2026-09-09,active,ltd,46370,"16 Carlen Drive, Derby, DE24 8XY, United Kingdom"
17448801,MAGNA PROJECT MANAGEMENT & ENGINEERING CONSULTANCY LTD,2026-09-09,active,ltd,70229;71122;74902,"128 City Road, London, EC1V 2NX, United Kingdom"
17448779,SLR PROPERTY GROUP LTD,2026-09-09,active,ltd,68100;68209,"25 Buckthorn Avenue, Stevenage, Hertfordshire, SG1 1TU, United Kingdom"
17448783,KVA SERVICES LTD,2026-09-09,active,ltd,43210;43220,"Flat 7, 255-257 Algernon Road, London, SE13 7AG, United Kingdom"
17448789,TOTALGALS LTD,2026-09-09,active,ltd,59113;62012;93290,"128 City Road,, London,, EC1V 2NX, United Kingdom"
SC902067,NOVAGLEN LTD,2026-09-09,active,ltd,62012,"Office 647 18 Young St, Unit Lge, Edinburgh, Scotland, EH2 4JB, United Kingdom"
17448775,GROUSTI LTD,2026-09-09,active,ltd,70229,"16 Linton Road, Maidstone, ME15 0AH, United Kingdom"
17448776,NORTHGATE NUTRITION GROUP LIMITED,2026-09-09,active,ltd,10890,"21 Crabtree Road, Thornton-Cleveleys, FY5 4HW, England"
NI743625,ULLORD ENTERPRISES LTD,2026-09-09,active,ltd,68100,"18a Drumgaw Road, Armagh, BT60 2AD, Northern Ireland"
17448784,J&SB ADVISORY LTD,2026-09-09,active,ltd,70229,"Hodgsons, 48 Arwenack Street, Falmouth, Cornwall, TR11 3JH, United Kingdom"
17448787,NUCLEAR PMO LTD,2026-09-09,active,ltd,42990,"121-123 Duke Street, Barrow In Furness, LA14 1XA, United Kingdom"
17448772,RHODA WORKPLACE SERVICES LTD,2026-09-09,active,ltd,81210,"6 Slaters Way, Nottingham, NG5 5UT, United Kingdom"
17448771,FALAFEL BY HAZ LTD,2026-09-09,active,ltd,56103,"683 Washwood Heath Road, Birmingham, B8 2LJ, United Kingdom"
17448767,MOANA PAY LTD,2026-09-09,active,ltd,58290;62090,"Unit 82a James Carter Road, Mildenhall, Bury St. Edmunds, IP28 7DE, England"
NI743624,AEROTECH HVAC LTD,2026-09-09,active,ltd,35300,"91 Iniscarn Road, Desertmartin, Magherafelt, BT45 5NH, Northern Ireland"
17449078,MLM GRUP LTD,2026-09-09,active,ltd,49410,"6 Sandway Gardens, Birmingham, B8 1RG, England"
17449075,STRUTT CLOSE MANAGEMENT LIMITED,2026-09-09,active,private-limited-guarant-nsc,98000,"29 Woodbourne Road, Harborne, Birmingham, B17 8BY, England"
17449074,S AND S JQ LTD,2026-09-09,active,ltd,96040,"The Mansion, 27 Frederick Street, Birmingham, West Midlands, B1 3HH, England"
17449063,VERIFI TESTING LTD,2026-09-09,active,ltd,74909;86900,"66 Paul Street, London, England, EC2A 4NA, United Kingdom"
17449056,SPOT OF COLOUR SMART REPAIRS LTD,2026-09-09,active,ltd,45200,"6 Emerson Close, Sheffield, S5 7SS, United Kingdom"
17449057,VINAHANDCRAFT LTD,2026-09-09,active,ltd,47910,"71-75 Shelton Street, Covent Garden, London, WC2H 9JQ, United Kingdom"
17449060,WALLACE & CO LIVING LTD,2026-09-09,active,ltd,68100;68209;68320,"17 Main Road, Morton, Alfreton, DE55 6GS, England"
17449072,SIXTY ONE GRAND DRIVE LTD,2026-09-09,active,ltd,41100,"1110 Elliott Court Coventry Business Park, Herald Avenue, Coventry, West Midlands, CV5 6UB, United Kingdom"
17449071,I M ENG SOLUTIONS LIMITED,2026-09-09,active,ltd,71129,"199 C/O Lotuswise, Field End Road, Pinner, Greater London, HA5 1QZ, England"
17449067,CLIMBING TECH LIMITED,2026-09-09,active,ltd,62020,"167-169 Great Portland Street, Fifth Floor, London, W1W 5PF, United Kingdom"
17449062,UQAB ECOM LTD,2026-09-09,active,ltd,47910,"38 Chartwell Gardens, Cheam, Sutton, SM3 9TQ, England"
17449065,ELECTRICMIX LT LTD,2026-09-09,active,ltd,56103,"33 Spencers Road, Horsham, RH12 2JQ, England"
17449125,EMC ENGINEERING GROUP LIMITED,2026-09-09,active,ltd,71129,"130 Aztec West, Almondsbury, Bristol, BS32 4UB, England"
17449135,LAB SUPPLIES U.K. LIMITED,2026-09-09,active,ltd,46460,"10 Wheatacre, Skelmersdale, WN8 8AJ, England"
17449141,INTERSTHUL LTD,2026-09-09,active,ltd,47910,"Room #1-609 4 Blenheim Court, 4 Blenheim Court, Peterborough, PE1 2DU, United Kingdom"
17449140,AVENIR CARE LIMITED,2026-09-09,active,ltd,87900,"414-416 Blackpool Road, Ashton-On-Ribble, Preston, PR2 2DX, England"
17431255,X23 DEVELOPMENT LTD,2026-09-01,active,ltd,58290;62012;62020;63110,"128 City Road, London, EC1V 2NX, England"
17449332,PAUL SOUND LTD,2026-09-09,active,ltd,59200,"Jameson Hall, Foundry Road, Morriston, Swansea, SA6 8DU, United Kingdom"
17449330,DA PHARMACEUTICAL CONSULTANCY LTD,2026-09-09,active,ltd,74909,"Argyle Court, 105 Seven Sisters Road, London, N7 7QR, England"
17449336,ANUNAKI VENTURES LTD,2026-09-09,active,ltd,58290;62012;62090;63110,"71-75 Shelton Street, Covent Garden, London, WC2H 9JQ, United Kingdom"
17449335,COD EDU LTD,2026-09-09,active,ltd,85590,"7 Kingsland Grange, Warrington, WA1 4SH, United Kingdom"
SC902100,VALLEY ENGINEERING CONSULTANTS LTD,2026-09-09,active,ltd,71122;74909,"36, 36 Main Street, Newton Stewart, DG8 0PS, United Kingdom"
17449323,PARTICK ESTATES LTD,2026-09-09,active,ltd,68209,"17 Frederick St, Sunniside Sunderland, SR1 1LT, England"
17430734,MILO MARKET LIMITED,2026-09-01,active,ltd,47110,"Ground Floor, 8 Pasture Road, Goole, DN14 6EZ, England"
17449316,CAKE INN WORCESTER LTD,2026-09-09,active,ltd,47240,"C16 Chapel Walk, Worcester, Worcestershire, WR1 3LD, England"
17449337,LC BOT GROUP LTD,2026-09-09,active,ltd,56302,"2-2a, 2-2a Lowther Street, Carlisle, CA3 8DA, United Kingdom"
17449339,CONALL MCHUGH MANAGEMENT LIMITED,2026-09-09,active,ltd,70229,"The Old Bakery, 90 Camden Road, Tunbridge Wells, TN1 2QP, England"
17449307,HAJJ UMRAH DEALS LTD,2026-09-09,active,ltd,79110,"226 Warwick Road, Sparkhill, Birmingham, B11 2NB, England"
17449314,UMBRELLA CARE AND MOBILITY LTD,2026-09-09,active,ltd,49390,"128 City Road, London, EC1V 2NX, United Kingdom"
17449328,MILLBROOK DEVELOPMENT LIMITED,2026-09-09,active,ltd,41100;41202,"Ashbrook House Westbrook Street, Blewbury, Didcot, Oxfordshire, OX11 9QA, England"
17449483,SOBOTARA LTD,2026-09-09,active,ltd,68100;68209,"57 Marsden Road, Blackpool, FY4 3BY, United Kingdom"
17449476,MITCH AND BOSS INVESTMENTS LIMITED,2026-09-09,active,ltd,64991,"24a Aldermans Hill, Palmers Green, London, N13 4PN, United Kingdom"
17449465,CIRCLEDRIVE RENTALS LTD,2026-09-09,active,ltd,63120,"37 Windermere Crescent, Luton, LU3 2PR, England"
17449459,CUTTING EDGE HAIRDRESSERS LIMITED,2026-09-09,active,ltd,96020,"1 Park Gardens, Yeovil, Somerset, BA20 1DW, United Kingdom"
17449460,NOEVERO LTD,2026-09-09,active,ltd,62020;70229,"14-16 Bridgford Road, West Bridgford, Nottingham, NG2 6AB, England"
17449472,CHIMPY'S LTD,2026-09-09,active,ltd,56103,"66 Paul Street, London, England, EC2A 4NA, United Kingdom"
17449470,RULE SENTINEL LTD,2026-09-09,active,ltd,47910;58290;63120;85590,"The Pinnacle 3f, Station Way, Crawley, West Sussex, RH10 1JH, United Kingdom"
17449758,A & A IMMUNISATION TRAINING LTD,2026-09-09,active,ltd,84120;85590,"Camburgh House, 27 New Dover Road, Canterbury, Kent, CT1 3DN, United Kingdom"
17449757,HALL TALENT PARTNERS LTD,2026-09-09,active,ltd,82990,"64 Longdean Park, Chester Le Street, DH3 4DG, England"
17449732,SAFTIA LTD,2026-09-09,active,ltd,88990,"35 Sherborne Close, Colnbrook, Slough, SL3 0PB, England"
NI743634,SPVBLS LTD,2026-09-09,active,ltd,64209,"133a Moyarget Road, Ballycastle, BT54 6HL, Northern Ireland"
17449750,GLOBAL TRANSPORT EXCHANGE LTD,2026-09-09,active,ltd,49410;53100,"104 Thornbury Avenue, Bradford, BD3 8HZ, England"
17449746,FIRE KEBAB L8 LTD,2026-09-09,active,ltd,56103,"481 Mill Street, Liverpool, L8 4RD, England"
17449744,Z&E ELECTRICAL SOLUTIONS LTD,2026-09-09,active,ltd,33140;43210,"Cromford Mill, Mill Road, Matlock, DE4 3RQ, United Kingdom"
17449729,SHALABY RADIOLOGY LTD,2026-09-09,active,ltd,86210,"90 Benbow Quay, Shrewsbury, SY1 2DL, England"
17449748,FLYING SHIP LTD,2026-09-09,active,ltd,47910,"23 Gledwood Crescent, Hayes, UB4 0AX, England"
17449860,JMDRETAILGROUP LTD,2026-09-09,active,ltd,47110,"73 St. Johns Road, Kettering, NN15 5AZ, England"
17449863,AP UK CONSTRUCTION AND GROUNDWORK LIMITED,2026-09-09,active,ltd,41201,"177 Henley Road, Ilford, IG1 2TP, England"
17449864,SAFARA ENTERPRISES LTD,2026-09-09,active,ltd,47910;47990,"128 City Road, London, EC1V 2NX, United Kingdom"
17449839,KOREXIS LIMITED,2026-09-09,active,ltd,62020,"50-54 Oswald Road, Scunthorpe, North Lincolnshire, DN15 7PQ, United Kingdom"
17449841,R& C 2 BARBER LIMITED,2026-09-09,active,ltd,96020,"254 Goldhawk Road, London, W12 9PE, England"
17449845,HONEYWEALTH JACKSON LTD,2026-09-09,active,ltd,68100;68209,"128 City Road, London, EC1V 2NX, United Kingdom"
17449844,DONSEC LTD,2026-09-09,active,ltd,74100,"73 Fornham Road, Bury St. Edmunds, IP32 6AW, England"
17449842,DON'T MISS LTD,2026-09-09,active,ltd,58190;59112;73110;74100,"128 City Road, London, EC1V 2NX, United Kingdom"
17450141,MINISTER OF CREATIVITY LTD,2026-09-09,active,ltd,58190,"62 Derrydown Road, Birmingham, B42 1RT, England"
17450133,DRIFTBUY LTD,2026-09-09,active,ltd,62012;63120,"136 Tarvin Road, Chester, CH3 5EE, United Kingdom"
17450138,LA BELLA GREAT AYTON LTD,2026-09-09,active,ltd,56103,"1 High Street, The Arcade, Great Ayton, Middlesbrough, North Yorkshire, TS9 6BW, England"
17450145,L-PLATE MOTORS LTD,2026-09-09,active,ltd,45112,"Annandale Farm Bungalow London Road, East Hoathly, Lewes, BN8 6EL, England"
17450125,COLONIAL PROPERTIES LTD,2026-09-09,active,ltd,68100;68209,"45 Kingsthorpe Road, Northampton, Northampton, NN2 6EZ, United Kingdom"
17450142,JESS BURGESS INTERIORS LTD,2026-09-09,active,ltd,74100,"100 Ullswater Road, Manchester, M29 7AQ, United Kingdom"
17450150,ADAM RUGELEY LTD,2026-09-09,active,ltd,96020,"8 Upper Brook Street, Rugeley, WS15 2DN, England"
17450147,ELHANA TRAVEL & LOGISTICS LIMITED,2026-09-09,active,ltd,49320,"2a Maygrove Road, London, NW6 2EB, England"
SC902142,SST RELAY LTD,2026-09-09,active,ltd,52290,"34 Strathlea Crescent, Kilmarnock, KA1 1TF, Scotland"
17450397,RAJAB ENTERPRISE LIMITED,2026-09-09,active,ltd,47910,"Office 20948 182-184 High Street North, East Ham, London, E6 2JA, United Kingdom"
17450401,MOBISPOT LIMITED,2026-09-09,active,ltd,47421,"Flat 33 Union House, 23 Clayton Road, Hayes, UB3 1AA, England"
17450388,ONEPACK GLOBAL LTD,2026-09-09,active,ltd,82920,"Unit 32 I8 Newcastle Enterprise Centre, Lynnwood Terrace, Newcastle Upon Tyne, NE4 6UL, United Kingdom"
17450382,D.SILVAS SERVICES LTD,2026-09-09,active,ltd,71129,"3rd Floor, 86-90 Paul Street, London, England, EC2A 4NE, United Kingdom"
17450370,LOTUS DIRECT CREMATION LIMITED,2026-09-09,active,ltd,96030,"The Temple Hesslewood Office Park, Ferriby Road, Hessle, HU13 0LH, United Kingdom"
17450373,SMYLIE DESIGNS LTD,2026-09-09,active,ltd,71111,"Office 67 Millmead Business Centre, Millmead Road, London, N17 9QU, England"
17450379,MEDIVORA HEALTH SOLUTIONS LTD,2026-09-09,active,ltd,86900,"16 Hendon Burn Avenue, Sunderland, SR2 8LA, United Kingdom"
17450404,AUTOGROUP UKI EV LIMITED,2026-09-09,active,ltd,29100,"126 Reddish Road, Stockport, SK5 7JG, England"
17450406,BODHITREE ENTERPRISES LTD,2026-09-09,active,ltd,58290;62011;62012;63110,"41 St. Georges Road, Enfield, EN1 4TY, United Kingdom"
17450408,INTERNATIONAL SOUND SYSTEM AWARDS LTD,2026-09-09,active,private-limited-guarant-nsc,90010;90020;90040,"51 Petersham Drive, Orpington, Kent, BR5 2QE, United Kingdom"
17450389,MEGALMGT LTD,2026-09-09,active,ltd,62020,"Cornerstones, Tickencote, Stamford, PE9 4AE, England"
17450528,MAXXELL LTD,2026-09-09,active,ltd,43390;68320;71200;81100,"Flat 52 Warehouse Court, No 1 Street, London, SE18 6FB, England"
17450519,LALLY PANDIT TRANSPORT LTD,2026-09-09,active,ltd,49410,"6 Cottage Close, Northampton, NN2 8QN, England"
17450530,CARPET FITTER LONDON LTD,2026-09-09,active,ltd,43330,"182 Hornchurch Road, Hornchurch, RM11 1QL, England"
17450524,ROOT AND WANDER C.I.C.,2026-09-09,active,private-limited-guarant-nsc,85590,"4 Grovelands, Boundary Way, Hemel Hempstead, Hertfordshire, HP2 7TE, United Kingdom"
17450514,AMMURO SCA LIMITED,2026-09-09,active,ltd,69201,"338 London Road, Portsmouth, PO2 9JY, England"
17450740,PRIZE MART LTD,2026-09-09,active,ltd,47910;63120;93290,"Unit 15 Olympic Court, Whitehills Business Park, Blackpool, FY4 5GU, England"
17450734,BULLSTRADES LIMITED,2026-09-09,active,ltd,64991,"12 Hall Farm Grove, Hoylandswaine, Sheffield, S36 7LJ, England"
17450737,TABISH MART LTD,2026-09-09,active,ltd,47910,"Unit A1718 Siu Offices 4-6 Greatorex Street, London, E1 5NF, United Kingdom"
17450739,TENDNQY LTD,2026-09-09,active,ltd,47220;47760,"1 Wesley Yard, Newquay, TR7 1LB, England"
17450790,Q YOUR LIFE LTD,2026-09-09,active,ltd,62012,"124-128 City Road, London, EC1V 2NX, England"
17450782,OLARIÉ LTD,2026-09-09,active,ltd,14132,"The Manor House Manor Park, Church Hill, Aldershot, GU12 4JU, England"
17450786,RTB CONSTRUCTION&LOGISTICS LTD,2026-09-09,active,ltd,41202;49410,"13 Weston Drive, Stanmore, HA7 2EX, United Kingdom"
17450896,G6 MOTORS LTD,2026-09-10,active,ltd,45112,"Unit 13 Hemmons Road, Industrial Estate, Manchester, M12 5ST, United Kingdom"
17450897,THE FOOD CREW LTD,2026-09-10,active,ltd,56210,"66 Paul Street, London, England, EC2A 4NA, United Kingdom"
17450900,SCAPE THERAPY LTD,2026-09-10,active,ltd,63120,"Swan Building, 20 Swan Street, Manchester, M4 5JW, England"
17450894,PRAB LTD,2026-09-09,active,ltd,46341,"50a Caledon Road, London, E6 2HB, England"
17451017,ELAVETRAX LTD,2026-09-10,active,ltd,62012;62020;70229;71122,"The Old Buttermarket Market Place, Tuxford, Newark, NG22 0LJ, England"
17451020,HANDYFAN LTD,2026-09-10,active,ltd,43999;62012;63120;81100,"10 Sheldrake Close, London, E16 2FY, United Kingdom"
17451019,BRAND FOR LESS LTD,2026-09-10,active,ltd,46341;46410;47190;47750,"3 Randall Avenue, London, NW2 7RL, England"
17451105,V.R INFORMATICS PRIVATE LIMITED,2026-09-10,active,ltd,47110;47910;62012;62020,"109 Avenham Lane, Preston, PR1 3TP, England"
17451103,KOMURCU STORE LTD,2026-09-10,active,ltd,47910,"87 Caledonian Road, Flat 3, Rm 3, London, N1 9BT, England"
17451096,OM IMMIGRATION LIMITED,2026-09-10,active,ltd,69109,"Northgate Business Centre, 38 Northgate, Newark, Nottinghamshire, NG24 1EZ, United Kingdom"
17451099,THE CULTURED COMPLEXION LTD,2026-09-10,active,ltd,74990,"71-75 Shelton Street, Covent Garden, London, WC2H 9JQ, United Kingdom"
17451234,SR PROPERTY (BRISTOL) LTD,2026-09-10,active,ltd,68209,"1 The Grange, Bristol, Avon, BS48 3QH, United Kingdom"
17451235,DIGITALSSET LTD,2026-09-10,active,ltd,47990,"Unit A1265 Siu Office, 4-6 Greatorex Street, London, E1 5NF, United Kingdom"
17451233,WAIF (UK) LIMITED,2026-09-10,active,ltd,59111,"99 Kenton Road, Harrow, HA3 0AN, England"
17451232,NEAGU GROUP COMPANY AND SONS LTD,2026-09-10,active,ltd,49320;49410,"13 Alice Street, Cwmdu, Swansea, SA5 8HB, Wales"
17451231,IHENACHO GROUP LTD,2026-09-10,active,ltd,82302;90010;90020,"Flat 218 Smithfield Buildings 44 Tib Street, Manchester, M4 1LA, England"
17451238,VM CONSERVATORY TRANSFORMATION LTD,2026-09-10,active,ltd,41202,"13 Saddlebrook Park, Sunbury-On-Thames, TW16 7NG, England"
17451226,V SMITH WELLBEING SERVICES LTD,2026-09-10,active,ltd,86102,"Ryefield Haven, Ryeford, Ross-On-Wye, HR9 7PU, United Kingdom"
17451229,AIRSTAD LIMITED,2026-09-10,active,ltd,70229;73110,"71-75 Shelton Street, Covent Garden, London, WC2H 9JQ, United Kingdom"
17451228,PASTURE WOOD LAKES LTD,2026-09-10,active,ltd,93290,"42 Mayland Avenue, Hull, HU5 5JA, United Kingdom"
17451241,SMALVES LTD,2026-09-10,active,ltd,70229,"Flat 17 Delaney Mansions, 3 Kings Hill, Barking, IG11 0EN, England"
17451434,CHLOVER LIVING LTD,2026-09-10,active,ltd,55209;68209;68320,"5 Croftside, Bishop Auckland, DL14 0ST, United Kingdom"
SC902208,FALLON FITNESS LTD,2026-09-10,active,ltd,93130,"26 Braemar Drive, Falkirk, FK2 9HA, Scotland"
17451431,WITTEVEEN PRODUCTIONS LTD,2026-09-10,active,ltd,59111,"Wellington House, 273-275 High Street, London Colney, Hertfordshire, AL2 1HA, United Kingdom"
SC902207,JFCWOOD LTD,2026-09-10,active,ltd,52290,"125 Stratford, Glasgow, G74 3QL, Scotland"
17451422,ASTEROID BELT TRADING COMPANY LIMITED,2026-09-10,active,ltd,62012;66190,"128 City Road, London, EC1V 2NX"
17451588,VANTAGE ENGLISH ACADEMY LTD,2026-09-10,active,ltd,85590,"128 City Road, London, EC1V 2NX, United Kingdom"
17451585,FANIX LIMITED,2026-09-10,active,ltd,62012,"Flat 4 Louis Court, South Road, Smethwick, B67 7BT, England"
17451574,HARTLEY PETS LTD,2026-09-10,active,ltd,47910,"9 Harden Road, Lydd, Kent, TN29 9LT, United Kingdom"
17451575,NME MUSIC LIMITED,2026-09-10,active,ltd,93290,"62a Cavendish Place, Eastbourne, BN21 3RL, England"
17451582,HONEY BULGARIA LTD,2026-09-10,active,ltd,47910,"38 Worple Road, Staines-Upon-Thames, TW18 1EA, England"
17451589,CIZOF LTD,2026-09-10,active,ltd,56103,"83 Coopers Lane, Clacton-On-Sea, CO15 2BX, England"
17451592,THE BOARDROOM SERVICES LTD,2026-09-10,active,ltd,85421,"9a Overcliff Road, London, SE13 7UB, United Kingdom"
17451591,PANTHERA PROPERTY GROUP LTD,2026-09-10,active,ltd,68320,"208 Green Lanes, London, N13 5UE, England"
17451991,CREATIVE STUDIO LAB LTD,2026-09-10,active,ltd,62012,"128 City Road, London, EC1V 2NX, United Kingdom"
SC902272,SANCTUARY CRAFTS LIMITED,2026-09-10,active,ltd,47890,"22 St. Margarets Avenue, Loanhead, EH20 9FH, United Kingdom"
SC902273,CRAIGMYLE CIDER COMPANY LIMITED,2026-09-10,active,ltd,11030,"Milton Of Craigmyle, Torphins, Banchory, AB31 4LR, Scotland"
17452085,YOUR INVESTMENT PLATFORM LTD,2026-09-10,active,ltd,66220,"9 Netherfield Road, Harpenden, Hertfordshire, AL5 2AF, United Kingdom"
17452088,ORLANIA TECHNOLOGY LTD,2026-09-10,active,ltd,18203,"32 Wood Lane, Altrincham, WA15 7PS, United Kingdom"
17452083,ISSYNA UK LTD,2026-09-10,active,ltd,47910,"71-75 Shelton Street, Covent Garden, London, WC2H 9JQ, United Kingdom"
17452094,CORNWALL GENERATOR HIRE LTD,2026-09-10,active,ltd,43999,"Little Park, Treburley, Launceston, PL15 9PU, England"
17452107,CASHME LTD,2026-09-10,active,ltd,62012;62020;70221;70229,"71-75 Shelton Street, Covent Garden, London, WC2H 9JQ, United Kingdom"
17452108,AURORA STUDIO FR LTD,2026-09-10,active,ltd,47910;73110;73120;93290,"82a James Carter Road, Mildenhall Suffolk, IP28 7DE, United Kingdom"
17452244,ACE TUTOR LONDON LTD,2026-09-11,active,ltd,85600,"28 Colwyn Avenue, Perivale, UB6 8JY, United Kingdom"
17452230,PRICELYSIS LTD,2026-09-11,active,ltd,62012;70229,"4 Oxford Street, Guiseley, Leeds, LS20 9AX, United Kingdom"
17452245,ZETARRAY LIMITED,2026-09-11,active,ltd,72110,"72 Radegund Road, Cambridge, CB1 3RS, England"
17452246,O'MALLEY HOLDINGS LIMITED,2026-09-11,active,ltd,64209,"1 Queens Parade, Brownlow Road, London, N11 2DN, United Kingdom"
17452241,MERRY HEART CLEANING SERVICES LTD,2026-09-11,active,ltd,81210,"264 Stroud Road, Gloucester, GL4 0AU, United Kingdom"
17452251,PIZZERIA NW LTD,2026-09-11,active,ltd,56103,"56 Bowerham Road, Lancaster, LA1 4BN, England"
17452296,CHLOE LAMFORD STUDIO LIMITED,2026-09-11,active,ltd,74100,"East Coast House, Galahad Road, Beacon Park, Gorleston, Great Yarmouth, Norfolk, NR31 7RU, England"
17452298,DRENZA TECHNOLOGIES LTD,2026-09-11,active,ltd,27900;62012,"Silverstream House, 45 Fitzroy Street, London, W1T 6EB, England"
17452293,KOSHANTA LIMITED,2026-09-11,active,ltd,62020,"7 Mayen Road, Godalming, GU7 2FR, England"
17452289,BLUERAY AUTOMATIONS SOLUTIONS (UK) LIMITED,2026-09-11,active,ltd,62012;62020;70229;82990,"Suite 116 Lovell House, Birchwood Park, Warrington, Cheshire, WA3 6FW, United Kingdom"
17452292,A SMITH LTD LTD,2026-09-11,active,ltd,41202,"10 Cuckoo Wood, Doc Penfro, SA72 6PS, United Kingdom"
17452294,BOUNDMIZAN SMART TECHNOLOGIES LIMITED,2026-09-11,active,ltd,58290;62012;62020;73200,"66 Paul Street, London, England, EC2A 4NA, United Kingdom"
17452299,AB SERVICE OUEST LTD,2026-09-11,active,ltd,96090,"71-75 Shelton Street, Covent Garden, London, WC2H 9JQ, United Kingdom"
17452288,R HARDING LTD,2026-09-11,active,ltd,90030,"C/O Knight Brown Accountants, 3 Crewe Road, Sandbach, Cheshire, CW11 4NE, United Kingdom"
17452303,M&C LOGISTICS AND TRADING LTD,2026-09-11,active,ltd,62020;70229;82990;85600,"128 City Road, London, EC1V 2NX, United Kingdom"
17452297,DIJIGAME LTD,2026-09-11,active,ltd,47910;62012;62020;62090,"Suite 11206 5 Brayford Square, London, E1 0SG, United Kingdom"
17452302,VTR DEVELOPMENTS LTD,2026-09-11,active,ltd,41202,"4 Franklyn Gardens, Nottingham, NG8 3NZ, England"
17452295,BIBZ GROUP LTD,2026-09-11,active,ltd,81299,"11a Whitelegge Street, Bury, BL8 1SW, England"
17452469,PLOTORIGIN PARTNERS LTD,2026-09-11,active,ltd,68310,"51 Green Hills, Harlow, CM20 3SY, United Kingdom"
17452472,AHMED AL SHAWKI LTD,2026-09-11,active,ltd,41202;45200;46900;52290,"2nd Floor College House, 17 King Edwards Road, Ruislip, London, HA4 7AE, United Kingdom"
17452459,NUTRIVA SCIENCES LIMITED,2026-09-11,active,ltd,74909,"13 High Street, Oakham, LE15 8QU, United Kingdom"
17452458,COSTAPP GROUP HOLDINGS LTD,2026-09-11,active,ltd,64209,"9 Regent Street, Runcorn, WA7 1LJ, England"
17452463,ANAMN LTD,2026-09-11,active,ltd,86210,"B, 17 Moseley Street, Southend-On-Sea, SS2 4NL, United Kingdom"
17452464,CORNERSTONE CHILDREN'S SERVICES LTD,2026-09-11,active,ltd,87900,"66 Paul Street, London, England, EC2A 4NA, United Kingdom"
17452465,U SQUARE TECHNOLOGIES LTD,2026-09-11,active,ltd,62090,"128 City Road, London, EC1V 2NX, United Kingdom"
17452470,ADFAM TRACO LTD,2026-09-11,active,ltd,68100;68209;68320,"71-75 Shelton Street, Covent Garden, London, WC2H 9JQ, United Kingdom"
17452468,OSMAN PARTNERS LTD,2026-09-11,active,ltd,70229,"128 City Road, London, EC1V 2NX, United Kingdom"
17452817,RENTFLOW SOFTWARE LIMITED,2026-09-11,active,ltd,62012,"31 Jordan Road, Sutton Coldfield, B75 5AD, England"
17452819,SPLE LTD,2026-09-11,active,ltd,47190;47799,"Tafarn Y Deri, Heol Ebeneser, Abertawe, SA4 0YT, United Kingdom"
17452814,NICHE EVENTS LTD,2026-09-11,active,ltd,82301,"197, Niche Cafe Warstone Lane, Birmingham, B18 6JR, United Kingdom"
SC902313,POWERIUM LTD,2026-09-11,active,ltd,70229,"36 Cypress Road, Motherwell, ML1 5FJ, United Kingdom"
17452809,WHOLE MILK FILMS LTD,2026-09-11,active,ltd,59112;59200,"310 High Road, Wood Green, London, N22 8JR, England"
17452813,PRO FIT GROUP HOLDINGS LTD,2026-09-11,active,ltd,64209,"Hilton Hall Hilton Hall, Hilton Lane, Wolverhampton, WV11 2BQ, United Kingdom"
17452818,TANGIER GARDEN LIMITED,2026-09-11,active,ltd,56103,"78 Tangier Road, Portsmouth, PO3 6HU, England"
17452821,FREE ASSET LTD,2026-09-11,active,ltd,99999,"Office 620 Initial Business Centre, Wilson Business Park, Manchester, M40 8WN, United Kingdom"
17452826,MRGTEACHER LTD,2026-09-11,active,ltd,64209,"C/O Sagay Accounting Office B:12 Clockwise Offices Bromley Old Town Hall, 30 Tweedy Road, Bromley, BR1 3FE, United Kingdom"
SC902316,RESURGENCE THERAPIES LTD,2026-09-11,active,ltd,86900,"Courtyard Cottage, Tullibole Mill Farm, Crook Of Devon, KY13 0UL, United Kingdom"
17452970,JIGGYJIGGY LTD,2026-09-11,active,ltd,47820,"Suite Ra01, 195-197 Wood Street, London, E17 3NU, United Kingdom"
17452965,ODINNS LEGACY CIC,2026-09-11,active,private-limited-guarant-nsc,85590;88990;94990,"14 Redvers Road, Chatham, ME4 5UU, England"
SC902346,ELE ENGINEERING SERVICES LTD,2026-09-11,active,ltd,96090,"101 Rosemont Place, Barrhead, Glasgow, G78 1FE, Scotland"
17452976,B.TOLA TILING LTD,2026-09-11,active,ltd,43330,"86 Boscobel Drive, Shrewsbury, SY1 3HR, United Kingdom"
17452996,ADOLBI HEALTH LTD,2026-09-11,active,ltd,86210,"C/O Aacsl Accountants Ltd, 1st Floor, North Westgate House, Harlow, Essex, CM20 1YS, United Kingdom"
17452998,HK RETAILER LTD,2026-09-11,active,ltd,47910,"118 Bedford Avenue, Hayes, UB4 0DU, United Kingdom"
17453012,ANZ BROTHERS LTD,2026-09-11,active,ltd,56290,"121 Harrogate Road, Bradford, BD2 3ES, United Kingdom"
17453011,BELLSTAY LTD,2026-09-11,active,ltd,55100;55209;55900;68209,"66 Paul Street, London, England, EC2A 4NA, United Kingdom"
17452999,AVGB LIMITED,2026-09-11,active,ltd,10710,"Unit 5 19-21 Pitsford Street, Birmingham, B18 6LJ, England"
17453010,TBP ENTERPRISE LTD,2026-09-11,active,ltd,56102,"4 Clumber Crescent North, Nottingham, NG7 1EY, England"
17453005,DNM WORKWEAR LTD,2026-09-11,active,ltd,13200;14120,"19 Ffordd Hooson, Wrecsam, LL12 7LS, United Kingdom"
17453008,BOOTHBY STREET 4 LTD,2026-09-11,active,ltd,68209,"Ebenezer House, Ryecroft, Newcastle, Staffordshire, ST5 2BE, England"
17453378,AMINA GROUP HOLDINGS LTD,2026-09-11,active,ltd,64209,"18 Percival Street, Leicester, LE5 3NP, England"
17453380,SA TECH SERVICES LTD,2026-09-11,active,ltd,62012;62090,"2 Helenslea Avenue, London, NW11 8ND, England"
17453385,BEAUTY HAIR STUDIO LTD,2026-09-11,active,ltd,47190,"297a Barking Road, London, E13 8EQ, United Kingdom"
17453381,PROUDLEY GARDENS LIMITED,2026-09-11,active,ltd,81300,"52 Crabbs Cross Lane, Redditch, B97 5LD, England"
17453379,PRIME AUTO TYRES LTD,2026-09-11,active,ltd,45310;45320,"Flat 12, Abinger House, Kingsnympton Park, Kingston Upon Thames, KT2 7RW, England"
SC902369,GOOD COMPANY PARTNERS LTD,2026-09-11,active,ltd,70229,"5 South Charlotte Street, Edinburgh, EH2 4AN, Scotland"
17453503,HEDGE END BARBER LTD,2026-09-11,active,ltd,96020,"12 Wrights Hill, Southampton, Hampshire, SO19 9GZ, United Kingdom"
17453504,EAST LONDON LIVING CARE LTD,2026-09-11,active,ltd,88100,"124 City Road, London, EC1V 2NX, England"
NI743700,DUN EIREANN CONSTRUCTION LTD,2026-09-11,active,ltd,41100;41202,"Unit 6, House Of Accountancy, 9 Cross Owen Road, Augher, BT770BA, United Kingdom"
17453512,ORHAN PRIME LTD,2026-09-11,active,ltd,47990,"1244 Coventry Road Yardley, Birmingham, B25 8BJ, United Kingdom"
17453518,WESTMARROW LIMITED,2026-09-11,active,ltd,47910,"6 Hartshay Close, Ilkeston, DE7 8WQ, England"
17453519,GUTENBERG TECHNOLOGY HOLDINGS LIMITED,2026-09-11,active,ltd,64209;70100,"9th Floor 107 Cheapside, London, EC2V 6DN, United Kingdom"
17453524,CARZTOGETHER LIMITED,2026-09-11,active,ltd,58190;63120;73110,"28 Dunnock Mews, London, E5 8BJ, England"
17453521,BYTESPIRE LTD,2026-09-11,active,ltd,47910;62090,"Office 21156 182-184 High Street North, East Ham, United Kingdom, E6 2JA, United Kingdom"
17453514,A7 PROFESSIONAL SERVICES LTD,2026-09-11,active,ltd,86900,"29 Nye Bevan Close, Oxford, OX4 1GB, England"
17443481,RR ULTRA LTD,2026-09-07,active,ltd,62090,"205f, 60 Frederick Street, Birmingham, B1 3HS, England"
17453647,NEVO GROUP UK LTD,2026-09-11,active,ltd,46410;46720;46900;70229,"182-184 High Street North, London, E6 2JA, England"
17453649,HALES PROPERTY SERVICES LIMITED,2026-09-11,active,ltd,68209,"68c High Street, Bassingbourn, Royston, SG8 5LF, United Kingdom"
17453655,OPERA KIPLING LTD,2026-09-11,active,private-limited-guarant-nsc,90010,"14 Jubilee Road, St. George, Bristol, BS5 8HZ, England"
17453629,AS VANGUARD CONSULTANCY LTD,2026-09-11,active,ltd,70229;74902;74909;85590,"69 Campbell Avenue, Ilford, IG6 1EB, England"
17453635,GOSPORT DESIGN AND BUILD LTD,2026-09-11,active,ltd,41202,"20 Wenlock Road, London, N1 7GU, England"
17453636,BG MEAT LTD,2026-09-11,active,ltd,46320,"Unit 2 Advantage Park 75 Whitchurch Lane, Bishopsworth, Bristol, BS13 7TE, United Kingdom"
17453637,LG PRIME PLACEMENT LTD,2026-09-11,active,ltd,52219,"8 Gulliver Road, Irthlingborough, Wellingborough, NN9 5GR, England"
17453643,BH HEAT LTD,2026-09-11,active,ltd,43220,"66 Paul Street, London, England, EC2A 4NA, United Kingdom"
17453624,MLU TRADING LTD,2026-09-11,active,ltd,64991;64999;66120,"Devonshire House, 1 Mayfair Place, London, W1J 8AJ, England"
17453625,FINTARA ADVISORY LTD,2026-09-11,active,ltd,64991;70229,"1, 20 Regent Street, Coventry, CV1 3EP, United Kingdom"
NI743705,DV MORTON PROPERTIES LTD,2026-09-11,active,ltd,68100,"31 Old Manse Road, Banbridge, BT324JJ, Northern Ireland"
17453622,BARGE FOR PADDINGTON LIMITED,2026-09-11,active,ltd,79909;90020,"Flat 3 6 Castellain Road, London, W9 1EZ, United Kingdom"
17453646,LASER ON TOUR HARLOW LTD,2026-09-11,active,ltd,96020,"C/O Project H Accountants Beadle House, Bull Plain, Hertford, Hertfordshire, SG14 1DT, England"
17453893,WALSH SM HOLDINGS LIMITED,2026-09-11,active,ltd,68100;68209,"94 Pilling Lane, Chorley, PR7 3EE, England"
SC902399,STEPHENS TCG LTD,2026-09-11,active,ltd,47650,"2b Grangemouth Road, Bo'Ness, EH51 0PT, United Kingdom"
17453892,FARLEIGH CHANGE MANAGEMENT LIMITED,2026-09-11,active,ltd,66190,"4 Shingle Barn Cottages Shingle Barn Lane, West Farleigh, Maidstone, ME15 0PJ, England"
SC902398,HLCYG LTD,2026-09-11,active,ltd,59113;60200;82302,"Office 635 18 Young St, Unit Lge, Edinburgh, Scotland, EH2 4JB, United Kingdom"
17453868,MAHCONSULTANT LIMITED,2026-09-11,active,ltd,74100,"5a Green Street, Cam, Dursley, GL11 5HW, England"
17453875,PALBER LTD,2026-09-11,active,ltd,47910,"Monomark House, 27 Old Gloucester Street, London, WC1N 3AX, England"
17453873,INSTANTDRY CARPET CLEANING LTD,2026-09-11,active,ltd,81210;81222;81299,"9 Rectory Road, Manchester, M8 5EA, England"
17454174,SEW SUSTAINABLE KIDS LTD,2026-09-11,active,ltd,47820,"91 De Montfort Road, Lewes, BN7 1ST, England"
17454184,LEVEL-UP LEARNING ACADEMY LTD,2026-09-11,active,ltd,85200,"71-75 Shelton Street, Covent Garden, London, WC2H 9JQ, United Kingdom"
17454181,BHMP HOLDING UK LTD,2026-09-11,active,ltd,74990,"4 Massey House, 85 Hartfield Road, London, SW19 3ES, England"
17454185,EWAN MCINNES LTD,2026-09-11,active,ltd,01500,"30 Walters Road, Cwmllynfell, Swansea, SA9 2FH, Wales"
17454191,MY TRAINING CENTRE LTD,2026-09-11,active,ltd,85510;85590,"27 Pettitts Lane, Dry Drayton, Cambridge, CB23 8BT, England"
17454194,AGHNINI HEALTHCARE LIMITED,2026-09-11,active,ltd,86220;86900,"32 St. Huberts Close, Gerrards Cross, SL9 7EN, England"
17454182,GB HOMES (MIDLANDS) LIMITED,2026-09-11,active,ltd,41100,"Loxley House, 11 Swan Road, Lichfield, Staffordshire, WS13 6QZ, England"
17454206,SOTEC PUMPS GROUP LIMITED,2026-09-11,active,ltd,22190;26512;28131;28921,"7 Copperfield Road, Coventry, West Midlands, England, CV2 4AQ, United Kingdom"
17454203,FAISAL LTD,2026-09-11,active,ltd,81299,"Hilltop Garage High Street, Kingswood, Bristol, BS15 4AJ, England"
17454199,WTB COACHING LIMITED,2026-09-11,active,ltd,85510,"55 Cranleigh Road, Worthing, BN14 7QW, England"
17454339,VIP HAND CAR WASH 3D LTD,2026-09-11,active,ltd,81299,"Sainsbury’S Car Park, Westhampnett Road, Chichester, PO19 7YR, United Kingdom"
17454337,DICKIE OLIVER CONSULTING LTD,2026-09-11,active,ltd,70229,"48 Micheldever Road, London, SE12 8LU, England"
17454321,BSL 26 LTD,2026-09-11,active,ltd,70229,"11 Fencer Hill Square, Gosforth, Newcastle Upon Tyne, NE3 2AW, United Kingdom"
17454315,ASAA PROPERTY INVESTMENTS LTD,2026-09-11,active,ltd,68209,"11 Rudgwick Drive, Bury, BL8 1YA, England"
17454312,RANKDEV SOLUTIONS LTD,2026-09-11,active,ltd,47990,"Office 1800 85 Dunstall Hill, Wolverhampton, WV60SR, United Kingdom"
17454316,MK SAFE SPARK ELECTRICS LTD,2026-09-11,active,ltd,43210,"150 Craven Gardens, Ilford, IG6 1PS, United Kingdom"
17454319,NEALE CIVIL ENGINEERING LTD,2026-09-11,active,ltd,42110;42210;42990;43120,"288 Higham Lane, Nuneaton, CV11 6AR, England"
17454323,KELCO PAS LIMITED,2026-09-11,active,ltd,85320,"71-75 Shelton Street, Covent Garden, London, WC2H 9JQ, United Kingdom"
17454324,LAO PROPERTIES LIMITED,2026-09-11,active,ltd,68209,"13 Clayton Road, Isleworth, Hertfordshire, TW7 6LE, England"
17454333,BEAUTYBYTITI & CO LTD,2026-09-11,active,ltd,96020,"2 Holden Crescent, Walsall, WS3 1PY, United Kingdom"
17454729,REDPIXEL TECHNOLOGIES LTD,2026-09-11,active,ltd,47910,"29a Tyrrells Way, Abingdon, OX14 4DF, United Kingdom"
17454728,SIGNATURE TRAINING ACADEMY LTD,2026-09-11,active,ltd,85590,"1 Barons Court Graceways, Whitehills Business Park, Blackpool, FY4 5GP, England"
17454731,BARWICK CONSTRUCTION SEARCH LIMITED,2026-09-11,active,ltd,78109,"11 Turnpike Road, Tadcaster, LS24 8JS, England"
17454732,AZAD FN LIMITED,2026-09-11,active,ltd,47910,"24 The Avenue, Birstall, Batley, WF17 9PP, England"
17454730,RONI PROPERTY SERVICES LTD,2026-09-11,active,ltd,43210;71200;74901,"13 New Clocktower Place, London, N7 9FD, England"
17454733,CW JV MOTORS LTD,2026-09-11,active,ltd,45112,"47 Iris Road, Felixstowe, IP11 9GG, England"
17454723,BSTWEARS LTD,2026-09-11,active,ltd,47910,"27 Lockhart Close, Manchester, M12 4JY, England"
17454736,AFRICODING LIMITED,2026-09-11,active,ltd,62020;86900,"15 Chandos Close, Grange Park, Swindon, SN5 6AF, England"
17454735,THE CHAPTERS CLUB LTD,2026-09-11,active,ltd,82301;85510;85590;93290,"76 Cornwall Road, Herne Bay, CT6 7SX, England"
17449936,INVOICE PORTAL LTD,2026-09-09,active,ltd,58290,"22-23 Silver Street, Hull, HU1 1JG, England"
SC902422,NOVA@DINING LTD,2026-09-11,active,ltd,56101,"163 E East Kilbride Road, Rutherglen, Glasgow, G73 5EA, United Kingdom"
17454952,KOMAL COLLECTIONS LTD,2026-09-12,active,ltd,47910,"31 Collett Road, Hemel Hempstead, HP1 1HY, England"
17454951,NEW NORTH PROPERTY LIMITED,2026-09-12,active,ltd,68100;68209,"High Trees Trystings Close, Claygate, Esher, KT10 0TF, England"
17454945,AKOBE LIMITED,2026-09-12,active,ltd,32990;47910;74100,"167-169 Great Portland Street, 5th Floor, London, W1W 5PF, United Kingdom"
17454941,PERFUME BAR LTD,2026-09-12,active,ltd,20420,"33 Ingestre Road, Birmingham, B28 9EQ, United Kingdom"
17454942,HIKMAH TUTORING LTD,2026-09-12,active,ltd,85600,"53 Burrow Road, Preston, PR1 6JU, England"
17454949,PML DECORS LTD,2026-09-12,active,ltd,47910,"37 Eland Road, Croydon, CR0 4LJ, England"
17455113,HOURSTON TOWERS INC LIMITED,2026-09-12,active,ltd,70229,"24 Lewes Road, Ditchling, Hassocks, BN6 8TT, England"
17455116,VALIDUS PERITUS LIMITED,2026-09-12,active,ltd,88990,"Cavendish House, New Road, Newhaven, BN9 0ES, England"
17455110,INDENILE LTD,2026-09-12,active,ltd,73120,"32 Parksgate Avenue, Lincoln, LN6 7HP, England"
17455120,ARKURA LIMITED,2026-09-12,active,ltd,62012;62020;62090,"19 Albert Road, Teddington, TW11 0BD, England"
17439132,MARCO BELLINI LTD,2026-09-04,active,ltd,46900,"40, Unit 2 Kenilworth Drive, Leicester, LE2 5LG, United Kingdom"
SC902440,YWO LTD,2026-09-12,active,ltd,93199,"46 Bradda Avenue, Rutherglen, Glasgow, G73 5DE, Scotland"
17455125,WEATHERBOARD STUDIO LIMITED,2026-09-12,active,ltd,62012,"57 Clissold Crescent, London, N16 9AR, England"
17455108,NICE GUY CONSTRUCTION LIMITED,2026-09-12,active,ltd,41100,"4 Millenium Drive, Amesbury, Salisbury, SP4 7GW, England"
17438240,FAMILY HOME SOLUTIONS LTD,2026-09-04,active,ltd,41202;43390,"14 Southbrook Terrace, Bradford, BD7 1AD, England"
17438262,SOPHIENOTJACOB LIMITED,2026-09-04,active,ltd,59112,"19 Linden Close, Winterbourne, Bristol, BS36 1LG, England"
SC901561,MPNL LTD,2026-09-04,active,ltd,43999,"10 Relief Land, Inveraray, PA32 8UA, United Kingdom"
SC901560,EBS EVENTS LTD,2026-09-04,active,ltd,93199,"41 Forrestburn Road, Coatbridge, ML5 1BF, Scotland"
SC901562,DUNDEEEXPRESS LTD,2026-09-04,active,ltd,47110,"65-67 Hilltown, Dundee, DD3 7AB, United Kingdom"
17438239,ALL & ONE LTD,2026-09-04,active,ltd,47890,"13a Manor Park Centre, Sheffield, S2 1WE, United Kingdom"
17438245,SR REDDYS SOLUTIONS LIMITED,2026-09-04,active,ltd,62090,"29 Woodhead Drive, Cambridge, CB4 1YZ, England"
SC901556,VAE PROPERTIES LTD,2026-09-04,active,ltd,68209,"27/15 Maryfield, Edinburgh, EH7 5AR, Scotland"
17438260,ECOBRIX CONTRACTORS LTD,2026-09-04,active,ltd,41201;41202,"Flat 6 Hillbrow, Richmond Hill, Richmond, TW10 6BH, England"
SC901555,ROSE PROPERTY PARTNERS LIMITED,2026-09-04,active,ltd,68100;68209,"37 St Machar Avenue, Aboyne, Aberdeenshire, AB34 5FH, United Kingdom"
17438402,HLS X2 LTD,2026-09-04,active,ltd,69201;70229,"130 Goldcrest Avenue, Leyland, PR26 6AP, United Kingdom"
17438400,WIN.HEARTS LTD,2026-09-04,active,ltd,47910,"2 Cuthbert Avenue, Manchester, M19 3DG, United Kingdom"
17438398,DIP N DICE LTD,2026-09-04,active,ltd,56102,"17 Robert Street, Pontypridd, Mid Glamorgan, CF37 3DU, United Kingdom"
17438386,GIVE CREDENCE LTD,2026-09-04,active,ltd,70210,"4b Boldero Road, Bury St. Edmunds, IP32 7BS, England"
17438392,ONYX PROPERTY CONSULTANCY LTD,2026-09-04,active,ltd,68100;68310;68320;70229,"66 Paul Street, London, England, EC2A 4NA, United Kingdom"
17438394,SATAV INTEGRITY PARTNERS LTD,2026-09-04,active,ltd,71121,"21 Willow Drive, Warwick, West Midlands, CV34 8AG, England"
SC901576,FL JOINTING SOLUTIONS LIMITED,2026-09-04,active,ltd,43290,"71 Kilbowie Road, Clydebank, G81 1BL, Scotland"
17438387,MELTT GROUP LTD,2026-09-04,active,ltd,56103,"396 East Park Road, Leicester, LE5 5HH, England"
17438406,AVERMONT GROUP LIMITED,2026-09-04,active,ltd,64209,"445 Moseley Road, Birmingham, West Midlands, B12 9BX, England"
17438388,GIDR LTD,2026-09-04,active,ltd,46190,"210 Firhill Road, London, SE6 3LL, United Kingdom"
17438414,BATTLEGROUND TRAINING LTD,2026-09-04,active,ltd,93130,"Battleground Training, 183 Acton Lane, London, W4 5DA, United Kingdom"
17438433,COMPUTER KRAYZEE LTD,2026-09-04,active,ltd,95110,"Unit 1 Inside Morrisons, 327 Southbury Road, Enfield, EN1 1TW, England"
SC901577,STEEL VISION LTD,2026-09-04,active,ltd,71122;71200;74909,"3, Flat 155 Fyfe Lane, Edinburgh, Midlothian, EH6 5FZ, Scotland"
17438421,PAYNE SHARKEY LTD,2026-09-04,active,ltd,68209,"The Fire Station, Bentwaters Park, Woodbridge, Suffolk, IP12 2TW, United Kingdom"
17438424,AUTOS SPA LTD,2026-09-04,active,ltd,82990,"32 High Holborn, London, WC1V 6AX, England"
17438426,C F ALUMINIUM LTD,2026-09-04,active,ltd,46730,"11 Glenholm Road, Baildon, Shipley, BD17 5QB, England"
17438411,UK UTILITY 1 LTD,2026-09-04,active,ltd,35140;38110,"4, Regus House, Admiral Way, Sunderland, SR3 3XW, United Kingdom"
17438419,FIRST LINE RISK PARTNERS LTD,2026-09-04,active,ltd,70229,"71-75 Shelton Street, Covent Garden, London, WC2H 9JQ, United Kingdom"
17438412,PROPERTY POINT HOLDINGS LTD,2026-09-04,active,ltd,68209,"Unit D, Quality Row Unit D, Quality Row, Byker, Newcastle Upon Tyne, NE6 1LB, United Kingdom"
17438415,GIADOC LIMITED,2026-09-04,active,ltd,68209,"53 Calthorpe Road, Edgbaston, Birmingham, B15 1TH, England"
17438233,SPENDRAILS LIMITED,2026-09-04,active,ltd,62012,"6th Floor, Suite 45 Amp House, Dingwall Road, Croydon, Surrey, CR0 2LX, England"
17438225,OCAKBASI GROUP LTD,2026-09-04,active,ltd,56101,"Flat 7, 16 Dingley Road, London, EC1V 8DF, United Kingdom"
17438226,DEVIQ LTD,2026-09-04,active,ltd,70229,"56 Hamilton Road, London, NW11 9EJ, United Kingdom"
17438236,PROTEIN SHACK LTD,2026-09-04,active,ltd,10850,"7 Llys Curig, Oakenholt, Flint, CH6 5FW, United Kingdom"
17438217,YUMNA TOURISM LTD,2026-09-04,active,ltd,79110;79120,"182-184 High Street North, London, E6 2JA, England"
17438237,MVP JOINT VENTURES LTD,2026-09-04,active,ltd,68209,"3 Bolde Way, Wirral, CH63 9LW, United Kingdom"
17438201,GOURMET HOME LTD,2026-09-04,active,ltd,82990,"7th Floor 50 Broadway, London, SW1H 0DB, United Kingdom"
17438297,AYJ BUSINESS GROUP LTD,2026-09-04,active,ltd,96090,"Pheasant Cottage, Great Corby, Carlisle, CA4 8NJ, United Kingdom"
17438317,GOAT VINTAGE LIMITED,2026-09-04,active,ltd,46160,"Flat 107 Mizzen Mast House, Mast Quay, London, SE18 5NP, England"
17438313,FADFINDS LTD,2026-09-04,active,ltd,47910;47990,"37 Balmoral Drive, Woking, GU22 8EY, England"
17438302,AJAX STITCH LTD,2026-09-04,active,ltd,13300;14120;14190,"286b Chase Road, Southgate, London, N14 6HF, England"
17438304,CHEAP MART LTD,2026-09-04,active,ltd,47910,"Office 1739 85 Dunstall Hill, Wolverhampton, WV6 0SR, England"
17438311,CENTERCODE LTD,2026-09-04,active,ltd,56290,"3a Oxton Road, Birkenhead, CH41 2QQ, United Kingdom"
17438308,DAJI COUTURE LTD,2026-09-04,active,ltd,46420;47910,"12 Salehurst Close, Harrow, HA3 0UG, England"
17438369,KERNKNOT LTD,2026-09-04,active,ltd,62012;62020;70229,"62 Shortridge Terrace, Newcastle Upon Tyne, NE2 2JH, United Kingdom"
17438366,PALUGADA LTD,2026-09-04,active,ltd,47910,"128 City Road, London, EC1V 2NX, United Kingdom"
SC901570,NEWGEN 3 LTD,2026-09-04,active,ltd,68209;82990,"2/1 Lancefield House 107 Lancefield Street, Glasgow, G3 8HZ, Scotland"
17438374,WESTRIUM UK LIMITED,2026-09-04,active,ltd,71129,"128 City Road, London, EC1V 2NX, United Kingdom"
17438355,THE WYVERN FELLOWSHIP LTD,2026-09-04,active,private-limited-guarant-nsc,72200;85590;94990,"128 City Road, London, EC1V 2NX, United Kingdom"
17438357,LEINSICA LIMITED,2026-09-04,active,ltd,46180,"Flat 7 26a Dovecot Street, Stockton-On-Tees, TS18 1LN, United Kingdom"
17438356,DROPHUB LIMITED,2026-09-04,active,ltd,47910,"Apartment 1306, 1, Fabrick Square Lombard Street, Birmingham, B12 0AD, United Kingdom"
17438359,MUEADAAT ALEASIMA LTD,2026-09-04,active,ltd,46900,"1 Bedford Row, Office 105, London, WC1R 4BU, United Kingdom"
17438365,BEN TERRY BAKES LTD,2026-09-04,active,ltd,47190,"2 Drake Crescent, Kidderminster, DY11 6EE, England"
17438375,GOLD SELECT LTD,2026-09-04,active,ltd,45112,"Suite Ra01, 195-197 Wood Street, London, E17 3NU, United Kingdom"
SC901573,GRAILS PROPERTY LTD,2026-09-04,active,ltd,68209;82990,"2/1 Lancefield House 107 Lancefield Street, Glasgow, G3 8HZ, Scotland"
17438372,MIRELUNE GLOBAL LIMITED,2026-09-04,active,ltd,47910;47990,"Floor 8 Room 10 St James House L09, Pendleton Way, Manchester, M6 5FW, United Kingdom"
17438440,AHI CONSTRUCTION LTD,2026-09-04,active,ltd,43999,"37 Hartford Avenue, Harrow, HA3 8TA, England"
17438441,M&A SPARKLE LTD,2026-09-04,active,ltd,81210;81229,"77 Whitehall Green, Leeds, LS12 5LT, England"
17438442,BRICK ATTIC LIMITED,2026-09-04,active,ltd,47910,"82a James Carter Road, Mildenhall, Bury St. Edmunds, IP28 7DE, England"
17438447,SHEIKH PROPERTY GROUP LTD,2026-09-04,active,ltd,68100;68209;68320,"4 Cedar Road, Newport, NP19 0BA, Wales"
17438449,ISOOBEHI PROPERTY LTD,2026-09-04,active,ltd,41100,"224 Woodside Avenue South, Coventry, CV3 6BG, United Kingdom"
17438432,SENIOR & CO . PROPERTY LTD,2026-09-04,active,ltd,68209;68320,"57 Thackeray Road, Oldham, OL1 4NQ, England"
17438460,TUNECUBE LTD,2026-09-04,active,ltd,73110,"34 Chingle Hall Crescent, Preston, PR3 2FS, United Kingdom"
17438456,PETALS & BUDS STUDIO LTD,2026-09-04,active,ltd,47789,"14 Glynhafod Street, Aberdar, CF44 6LD, United Kingdom"
17438450,JESANI PROPERTY GROUP LTD,2026-09-04,active,ltd,68100;68209,"15 Kingston Close, Bury, BL8 2EN, United Kingdom"
SC901579,SWANSTON GAS LTD,2026-09-04,active,ltd,43220,"12 Swanston Grove, Edinburgh, EH10 7BW, Scotland"
17438458,NEXT LEVEL PROSPERITY LTD,2026-09-04,active,ltd,82990,"Office 620 Initial Business Centre, Wilson Business Park, Manchester, M40 8WN, United Kingdom"
SC901607,RICHMOND PALACE LIMITED,2026-09-04,active,ltd,56101,"19 Dochart Avenue, Glasgow, G33 1PJ, Scotland"
17438624,LIFE MADE BETTER LTD,2026-09-04,active,ltd,86900;96090,"Flat 128 Residence Tower Woodberry Grove, London, N4 2BS, England"
17438627,INAYA PROPERTY HOLDINGS LTD,2026-09-04,active,ltd,68100,"19 Daylesford Crescent, Cheadle, SK8 1LQ, United Kingdom"
17438630,ADS & DCV PROPERTIES LTD,2026-09-04,active,ltd,68209,"1st Floor, 33a Grove Lane, Birmingham, B21 9ES, England"
17438631,S J M DISTRIBUTION LTD,2026-09-04,active,ltd,47910,"36 Cloverfields, Horley, RH6 9EY, United Kingdom"
17438636,MJW DIAGNOSTICS LTD,2026-09-04,active,ltd,80200,"20 Wenlock Road, London, N1 7GU, England"
17438635,HEDDON STORAGE (LE) LIMITED,2026-09-04,active,ltd,52103,"Lake House 2 Port Way, Port Solent, Portsmouth, Hampshire, PO6 4TY, England"
17438632,RSQ PROPERTY CARE LTD,2026-09-04,active,ltd,81210;81221;81229,"71-75 Shelton Street, Covent Garden, London, WC2H 9JQ, United Kingdom"
17438621,ESSI LEGAL LTD,2026-09-04,active,ltd,69102;69109,"Flat 14 Magnolia House, Evelyn Street, London, SE8 5QU, England"
17438625,VERTEX HORIZON FINTECH&TRADING LTD,2026-09-04,active,ltd,47990,"Flat 5 Grace Dyer House, Truro Road, London, N22 8ER, England"
17439717,CLEAN AND STITCH LTD,2026-09-04,active,ltd,81299,"119 Lichfield Road, Dagenham, RM8 2AX, United Kingdom"
17439712,INCI TRAVEL LTD,2026-09-04,active,ltd,49100,"66 Paul Street, London, England, EC2A 4NA, United Kingdom"
17439720,WITTON RISE MANAGEMENT COMPANY LTD,2026-09-04,active,private-limited-guarant-nsc,68320,"2 Witton Rise, Crook, County Durham, DL15 8FE, United Kingdom"
17439714,MAJO EN UK LTD,2026-09-04,active,ltd,73110;74100,"171 Phoenix Place, Dartford, DA1 2XQ, England"
17439723,KENNINGTON PRODUCT LTD,2026-09-04,active,ltd,62020;70229,"71-75 Shelton Street, Covent Garden, London, WC2H 9JQ, United Kingdom"
17439726,ZILLAMA HOUSING SERVICES LIMITED,2026-09-04,active,ltd,55900,"22 Templeton Road, Birmingham, B44 9BT, England"
17439805,REGALSOL LTD,2026-09-04,active,ltd,70229;73110;74100;90030,"40 Edderthorpe Street, Bradford, BD3 9RA, United Kingdom"
17439807,CALDERSTEAD FACILITIES MANAGEMENT LTD,2026-09-04,active,ltd,81100,"192 Stoney Lane, Birmingham, B12 8AN, England"
17439796,ABT CONSTRUCTION NE LTD,2026-09-04,active,ltd,43999,"12 Watson Street, High Spen, Rowlands Gill, NE39 2EW, United Kingdom"
17439794,HANNON CLARK PROPERTIES LIMITED,2026-09-04,active,ltd,68209,"Somers Wood Somers Road, Meriden, Coventry, CV7 7PL, England"
17439908,ARDEN CLEANING LTD,2026-09-04,active,ltd,81210;81222;81299,"66 Paul Street, London, England, EC2A 4NA, United Kingdom"
17439910,WEST LINE PROPERTIES LTD,2026-09-04,active,ltd,68100,"58 Purley Avenue, Swindon, SN3 2DS, England"
17439902,FRIED JUICY LTD,2026-09-04,active,ltd,56103,"651a Mauldeth Road West, Chorlton, Manchester, United Kingdom, M21 7SA, England"
17439907,KERRY PRITCHARD PROPERTIES LTD,2026-09-04,active,ltd,68100,"3 St Ninians Walk, Victoria Avenue, Hull, HU5 3EG, United Kingdom"
17439913,LUMIVO COMMERCE LTD,2026-09-04,active,ltd,47910,"20-22 High Street, Biddulph, Stoke-On-Trent, Staffordshire, ST8 6AP, United Kingdom"
17439916,MCSS HOLDINGS LTD,2026-09-04,active,ltd,64209,"Unit 6 Helmores Yard, Exeter Street, Teignmouth, TQ14 8JW, United Kingdom"
17439904,ELMAR INVESTMENTS LIMITED,2026-09-04,active,ltd,68100,"1-7 Station Road, Ground Floor, Crawley, RH10 1HT, England"
17440044,GREENSPACE ESTATE MANAGEMENT LIMITED,2026-09-04,active,ltd,68320,"33 Government Row, Enfield, EN3 6JN, England"
17440031,BAREMETAL TECHNOLOGIES LTD,2026-09-04,active,ltd,62020,"15 Milan Road, Leeds, LS8 5JR, England"
17440043,OTF TCG LTD,2026-09-04,active,ltd,47650;47910,"14 Park View Road, Bilston, WV14 6HB, England"
17440036,LAYKAI LIMITED,2026-09-04,active,ltd,82911,"28 Ash Grove, Prescot, L35 5BD, England"
17440091,CULLING & CO LTD,2026-09-04,active,ltd,68320,"53 Rufford Avenue, Bramcote, Nottingham, NG9 3JG, England"
17440082,KHAN MALIK LTD,2026-09-04,active,ltd,52290,"615 Uttoxeter Road, Stoke-On-Trent, ST3 5LT, United Kingdom"
17440092,RINGO PRO LTD,2026-09-04,active,ltd,47910,"10 Havering Gardens, Romford, RM6 5AA, United Kingdom"
17440163,WEMBLEY SUNDAY MARKET LTD,2026-09-05,active,ltd,47890,"66 Paul Street, London, England, EC2A 4NA, United Kingdom"
17440159,MERVENSA LTD,2026-09-05,active,ltd,62012;62020;70229,"Fishponds Fountains Park, Netley Abbey, Southampton, SO31 5HB, England"
17440150,DALIL GLOBAL LTD,2026-09-05,active,ltd,85600,"23 Netley Road, Brentford, TW8 0SH, United Kingdom"
17440164,SIVAL CLINIC LTD,2026-09-05,active,ltd,47190,"4 Bricklayers Way, Chatham, ME4 4FX, England"
17440160,LUVKORE LTD,2026-09-05,active,ltd,62012,"13 Nene Parade, March, PE15 8TD, England"
17440356,V RAJAH PVT LTD,2026-09-05,active,ltd,47110,"151 Derby Road, Loughborough, LE11 5HJ, England"
17440371,TYO (CONSTRUCTION AND REFURBISHMENTS) LTD,2026-09-05,active,ltd,41100;41202,"2nd Floor - Parkgates Bury New Road, Prestwich, Manchester, M25 0TL, England"
OC461546,LIMITLESS COACHING AND CONSULTING LLP,2026-09-05,active,llp,,"32 Kinburn Street, London, Southwark, SE16 6DW, England"
17440351,NEWBURY GATEWAY LAND LTD,2026-09-05,active,ltd,41100,"Unit 11, Interface Business Park Bincknoll Lane, Royal Wootton Bassett, Swindon, SN4 8SY, England"
17440353,CABOPINO PARTNERS LTD,2026-09-05,active,ltd,70229,"Belmont Suite Paragon Business Park, Chorley New Road, Bolton, Lancashire, BL6 6HG, England"
17440348,COASTAL ST CLEMENT’S RESIDENTS MANAGEMENT COMPANY LIMITED,2026-09-05,active,private-limited-guarant-nsc,98000,"Pluto House, 6 Vale Avenue, Tunbridge Wells, Kent, TN1 1DJ, United Kingdom"
17440373,PERFECT WORKWEAR LTD,2026-09-05,active,ltd,47710,"Septua Star Ltd, Unit 9 Wessex Industrial Estate, Bourne End, SL8 5DT, United Kingdom"
17440368,RAMA TRAVEL LTD,2026-09-05,active,ltd,62012;79110;79120;79909,"Portland Square, Water Street, Bakewell, DE45 1HA, United Kingdom"
17440366,CRISTIAN MATEI TRANS LTD,2026-09-05,active,ltd,49410,"14 Charles Eaton Road, Bedworth, CV12 0AE, England"
17440362,RUVIN CARE CONSULTANCY LTD,2026-09-05,active,ltd,87900,"36 Marksbury Road, Bristol, BS3 5JU, England"
17440349,KNGS FOR FISH LTD,2026-09-05,active,ltd,47230,"484 Harrow Road, London, W9 3QA, England"
17440525,SRI TRAVELS UK LTD,2026-09-05,active,ltd,49320;49390,"126 Crescent Road, Reading, RG1 5SN, England"
17440528,ADEEL AND AQEEL LTD,2026-09-05,active,ltd,47910,"First Floor Flat, 4, Freeland Buildings, Bristol, BS5 6LD, United Kingdom"
17440505,JAMPIE LTD,2026-09-05,active,ltd,74909,"The Meadow, Horam, Heathfield, TN21 0HA, United Kingdom"
17440506,FARIA HOLDINGS LTD,2026-09-05,active,ltd,62012,"Flat 21 New Priestgate House, 57 Priestgate, Peterborough, PE1 1JX, England"
17440503,THE WENDY HOUSE SULLY LTD,2026-09-05,active,ltd,56101,"Suite A, 82 James Carter Road, Mildenhall, IP28 7DE, United Kingdom"
17440542,CALANA VENTURES LIMITED,2026-09-05,active,ltd,70229,"90 Walworth Road, London, SE1 6SW, United Kingdom"
17440541,OXYRA LTD,2026-09-05,active,ltd,47910,"20 Cliff Street, Liverpool, L7 2PX, England"
17440515,VESPER GLOW LTD,2026-09-05,active,ltd,96020;96040,"38 North Gate, Newark, Nottinghamshire, NG24 1EZ, United Kingdom"
17440513,NEXUM ANALYTICS LTD,2026-09-05,active,ltd,63120;70229;82990,"66 Paul Street, London, EC2A 4NA, England"
17440516,GBSHEQSOLUTIONS LTD,2026-09-05,active,ltd,70229;74909,"81 Thamesdale, Whitby, Ellesmere Port, CH65 6QR, United Kingdom"
17440519,IRAZAH PRIVATE LIMITED,2026-09-05,active,ltd,47910;47990,"4-6 Greatorex Street, London, E1 5NF, United Kingdom"
17440534,AMB CONSULTANCY GROUP LTD,2026-09-05,active,ltd,70229,"18 Turnham Green, Swindon, SN5 8NJ, England"
17440521,ECOMPANY AGENCY LTD,2026-09-05,active,ltd,73110,"66 Paul Street, London, Greater London, EC2A 4NA, England"
17440537,MAISON B LTD,2026-09-05,active,ltd,96020,"Suite A, 82 James Carter Road, Mildenhall, IP28 7DE, United Kingdom"
17440545,IBRAHIM LOCUM LTD,2026-09-05,active,ltd,86900,"20 Moy Road, Cardiff, CF24 4SG, Wales"
17440720,WZSJY LTD,2026-09-05,active,ltd,47910,"Director's Office No. 141, Unit 7 Wilsons Business Park, Manchester, M40 8WN, United Kingdom"
17440747,MFP PROPERTY MANAGEMENT LIMITED,2026-09-05,active,ltd,68320,"The Bothy, Main Road, Banbury, Oxfordshire, OX15 5ED, England"
17440745,MOBILE HUB NE LTD,2026-09-05,active,ltd,47421;95110,"151 High Street East, Newcastle Upon Tyne, Tyne And Wear, NE28 7RL, England"
17440729,KRISTAN CARR E&M LIMITED,2026-09-05,active,ltd,43210;71129,"55 Blossom Crescent, Doncaster, South Yorkshire, DN4 8FJ, United Kingdom"
17440731,YS PRESTIGES LTD,2026-09-05,active,ltd,70229,"71-75 Shelton Street, Covent Garden, London, WC2H 9JQ, United Kingdom"
17440717,SIANNA HOLDINGS LTD,2026-09-05,active,ltd,98000,"Flat 2 55 Church Lane, London, N2 8DR, England"
17440713,MOECHE LIMITED,2026-09-05,active,ltd,56101,"C/O Jacquards Spaces, 1 Chalfont Park, Gerrards Cross, Buckinghamshire, SL9 0BG, United Kingdom"
17440735,STUDENTWAY GLOBAL LIMITED,2026-09-05,active,ltd,70229,"241a Station Road, Harrow, HA1 2TB, United Kingdom"
17440734,THELUVRIT COMMERCE LTD,2026-09-05,active,ltd,47910,"71-75 Shelton Street, Covent Garden, London, WC2H 9JQ, United Kingdom"
17440708,HOME COUNTY GARDEN PROPERTIES LIMITED,2026-09-05,active,ltd,68209,"59 Burnham Green Road, Welwyn, United Kingdom, Hertfordshire, AL6 0NH, United Kingdom"
17440737,WEXAM LTD,2026-09-05,active,ltd,58290;62012;63110,"16 Clacton Road, London, E6 3ES, United Kingdom"
17440738,KESHR MEDIA LTD,2026-09-05,active,ltd,73110,"67 Windsor Road, Manchester, M25 0DB, United Kingdom"
17440710,MOODWEAVE LIMITED,2026-09-05,active,ltd,46510;47910;58290;62011,"Office 15789 Initial Business Centre, Unit 7 Wilson Business Park, Manchester, M40 8WN, United Kingdom"
17440947,AN GLOBAL COMMERCE LTD,2026-09-05,active,ltd,47910,"71-75 Shelton Street, Covent Garden, London, WC2H 9JQ, United Kingdom"
17440942,GRAND AVRENNA PROPERTIES LTD,2026-09-05,active,ltd,68100;68209,"36-38 Clapham Road, London, SW9 0JQ, England"
17440941,DRL HIGHWAY SOLUTIONS LTD,2026-09-05,active,ltd,42110;42990;43999,"Systems House, Rhs Office 4 Systems House, Rhs Office 4, 5 Horndon Industrial Park, West Horndon, CM13 3XL, United Kingdom"
17440931,TRADEWORX SERVICES LTD,2026-09-05,active,ltd,18203,"1 Priestley Gardens, Romford, RM6 4SP, United Kingdom"
17440928,FREEMAN BUILDING LTD,2026-09-05,active,ltd,41202,"Alva House, Valley Drive, Gravesend, Kent, DA12 5UE, United Kingdom"
17440925,VECTOR BUSINESS ADVISORY LTD,2026-09-05,active,ltd,70229,"Summer House, Bartestree, Hereford, HR1 4BZ, United Kingdom"
17440927,HOUSE OF LEMONADE UK LTD,2026-09-05,active,ltd,47810;56103;56210,"Suite Ra01, 195-197 Wood Street, London, E17 3NU, England"
17440944,AEKM TRANPORT LTD,2026-09-05,active,ltd,49410,"17 Blockall, Wednesbury, WS10 8EP, England"
17441258,OBERMAJER LTD,2026-09-05,active,ltd,62012;62020;74901,"71-75 Shelton Street, Covent Garden, London, WC2H 9JQ, United Kingdom"
17441256,THE OTHER FRAME LTD,2026-09-05,active,ltd,74209,"71-75 Shelton Street, Covent Garden, London, WC2H 9JQ, United Kingdom"
17441237,ALTITUDE PLANNING & DESIGNS LTD,2026-09-05,active,ltd,71111,"40 Kingston House 1 Kingston Road, Taunton, Somerset, TA2 7ED, United Kingdom"
17441235,DDB BUILDING LTD,2026-09-05,active,ltd,43390,"Suite 1b Quadrant House North, 65b Croydon Road, Caterham, Surrey, CR3 6PB, United Kingdom"
17441228,AXM CAPITAL LTD,2026-09-05,active,ltd,64209,"124 City Road, London, EC1V 2NX, United Kingdom"
17441230,BNPM LTD,2026-09-05,active,ltd,68100;68209,"Unit 21 111 Ross Walk, Leicester, LE4 5HH, United Kingdom"
17441260,AVENZZA SOULTIONS LIMITED,2026-09-05,active,ltd,47910;58290;63110;63120,"71-75 Shelton Street, Covent Garden, London, WC2H 9JQ, United Kingdom"
17441242,PEARL ARC DENTAL CARE LTD,2026-09-05,active,ltd,86230,"Fulford Lodge, 1 Heslington Lane, York, YO10 4HN, England"
17441250,WESTYORKSHIRE HOLOGRAM LTD,2026-09-05,active,ltd,91030,"128 City Road, London, EC1V 2NX, United Kingdom"
17441441,JOSEE HOME LTD,2026-09-05,active,ltd,47910,"Unit A, 82 James Carter Road, Mildenhall, IP28 7DE, United Kingdom"
17441435,FUTURE LEGACY HOLDINGS LTD,2026-09-05,active,ltd,68100;68209,"71-75 Shelton Street, Covent Garden, London, WC2H 9JQ, United Kingdom"
17441437,EKRJ LIMITED,2026-09-05,active,ltd,86220,"7-9 The Avenue, Eastbourne, East Sussex, BN21 3YA, United Kingdom"
17441428,YURA SHEA LIMITED,2026-09-05,active,ltd,20420,"5 Brayford Square, London, E1 0SG, England"
17441753,JOSTON & CO LTD,2026-09-06,active,ltd,10840,"Flat 18 Brickworth House, Gosling Way, London, SW9 6LA, England"
17441741,COASTVIEW CONSULTING LTD,2026-09-05,active,ltd,69202;70221;70229;82990,"65 Grand Drive, Herne Bay, CT6 8JS, England"
17441748,NANO'S PERI PERI LTD,2026-09-06,active,ltd,56102;56103,"24 Bankfoot Place, Batley, WF17 5LQ, England"
17441747,VERNIR LTD,2026-09-05,active,ltd,62012,"Apartment 47 874 Wilmslow Road, Manchester, M20 5AB, England"
17441786,PROCESS PIPE SOLUTION LTD,2026-09-06,active,ltd,43290,"66 Paul Street, London, England, EC2A 4NA, United Kingdom"
17441791,GICOM AVIATION LIMITED,2026-09-06,active,ltd,77390,"Unit 12a Fanton Hall Farm, Arterial Road, Wickford, SS12 9JF, England"
17441790,NEXUS IMPACT ADVISORY LIMITED,2026-09-06,active,ltd,70229,"4 Lismore Drive, Birmingham, B17 0TP, United Kingdom"
17441793,EDVORA CONSULTING LTD,2026-09-06,active,ltd,62020;62090;70229;85590,"203 West Street, Fareham, PO16 0EN, England"
17441788,OVERWATCH BUSINESS SOLUTIONS LTD,2026-09-06,active,ltd,70229,"3 Bowker Crescent, Ashby-De-La-Zouch, LE65 2PD, England"
17441882,IRON ROSE PROTECTION LTD,2026-09-06,active,ltd,80100,"24 Sedgley Road, Bishops Cleeve, Cheltenham, GL52 8DD, England"
17441888,RAH ELECTRICAL LTD,2026-09-06,active,ltd,43210;43290;43390,"35 Sandringham Road, Ainsdale, Southport, PR8 2NY, England"
17441889,THE LEADERSHIP VOICE LTD,2026-09-06,active,ltd,70229,"Harland House Moss Road, Moss, Doncaster, DN6 0HL, England"
SC901679,CAIRNWICK ENGINEERING SERVICES LIMITED,2026-09-06,active,ltd,71129,"5 South Charlotte Street, Edinburgh, EH2 4AN, Scotland"
17441885,SABLES SUPPORTERS CLUB LTD,2026-09-06,active,ltd,56210;79110,"7 Eindhoven Close, Carshalton, SM5 2FD, England"
17441886,IRFANBARKATI LTD,2026-09-06,active,ltd,47910,"143 Newchurch Road, Slough, SL2 1UF, United Kingdom"
17441983,BUILD MARK PROJECTS LIMITED,2026-09-06,active,ltd,41202,"57a Empire Road, Perivale, Greenford, UB6 7EJ, England"
17441989,VIBEMARK GROUP LTD,2026-09-06,active,ltd,46190,"41 Oakfield Avenue, Chesterfield, S40 3LE, England"
17441984,LESTER SERVICES & HOLDINGS LTD,2026-09-06,active,ltd,01300;01610;47760,"20 Chestnut Road, Pulham St. Mary, Diss, IP21 4RA, England"
17441981,WALTON PARADISE LTD,2026-09-06,active,ltd,47910,"30 Silver Birch Road, Kingshurst, Birmingham, B37 6AH, England"
17441980,PRIORITY ONE MAINTENANCE LTD,2026-09-06,active,ltd,43310;43330;43341;43390,"64 Stirling Road, Birmingham, B16 9BL, England"
17441993,TALK DOT MARKETING LTD,2026-09-06,active,ltd,70229,"22 Grantchester Road, Cambridge, CB3 9ED, England"
17442133,DMC EQUITY LTD,2026-09-06,active,ltd,41100,"16 Dellsome Lane, North Mymms, Hatfield, AL9 7NF, England"
17442130,INABLINK LOGISTICS LTD,2026-09-06,active,ltd,49410,"257 Normanton Road, Derby, DE23 6UT, England"
17442331,MJF ELEC SERVICES LTD,2026-09-07,active,ltd,35110,"14 Silton Grove, Hartburn, Stockton, Durham, TS18 5AT, United Kingdom"
17442329,INTEGRAND ENGINEERING LIMITED,2026-09-07,active,ltd,71121,"15 Hollyhurst Drive, Stourbridge, DY8 5QQ, England"
17442339,FOOKS PROPERTY HOLDINGS LTD,2026-09-07,active,ltd,68100;68209,"45, Walton Court Centre, Hannon Road, Aylesbury, HP21 8TJ, United Kingdom"
17442344,MUFAKKIR EDUCATION LTD,2026-09-07,active,ltd,85590,"6a, 2, Valebrook Park Avenue, Ilford, IG1 4RT, United Kingdom"
17442382,BARREL STONE LTD,2026-09-07,active,ltd,56302,"S202 Weston House The Maltings, Station Road, Sawbridgeworth, Herts, CM21 9FP, United Kingdom"
17442383,ARIF PROPERTY SOLUTIONS LTD,2026-09-07,active,ltd,43999,"449 Edgware Road, London, W2 1TH, England"
17442386,LAVENDERS OF PENZANCE LIMITED,2026-09-07,active,ltd,10710;10720;47240,"Brackenhurst Hall, Bryn Road, Fairbourne, Gwynedd, LL38 2HX, United Kingdom"
17442388,INTERNATIONAL SIMULTANEOUS POLICY ORGANISATION,2026-09-07,active,private-limited-guarant-nsc-limited-exemption,94990,"3rd Floor, Imperial House, 21-25 North Street, Bromley, Kent, BR1 1SD, United Kingdom"
17442384,INVISIBLY LTD,2026-09-07,active,ltd,62012;78109,"Flat 28 20 Redcliffe Square, London, London, SW10 9JZ, United Kingdom"
17442398,FARROW CATERING LTD,2026-09-07,active,ltd,56210,"22 Abbott Road, Dovercourt, Harwich, Essex, CO12 4UU, United Kingdom"
17442387,CUMBAYE LTD,2026-09-07,active,ltd,85520,"71-75 Shelton Street, Covent Garden, London, WC2H 9JQ, United Kingdom"
17442392,RADIO CAFE LIMITED,2026-09-07,active,ltd,56102,"665 High Road, Ilford, IG3 8RQ, England"
17442589,FBA BUSINESS LTD,2026-09-07,active,ltd,85590,"C/O V & R Accountancy Services Cropton House, Three Tuns Lane, Formby, Merseyside, L37 4AQ, United Kingdom"
17442584,FOREVERFUTURES LTD,2026-09-07,active,ltd,01430;85600,"123-125 Green Lane, Derby, DE1 1RZ, England"
17442587,SAVOY SPARK LTD,2026-09-07,active,ltd,74909,"15, 2, Cape House Cunningham Avenue, London, E16 2PS, United Kingdom"
17442551,OLDE FORGE EVENTS LIMITED,2026-09-07,active,ltd,82301;82302;82990;90020,"12 St. Marys Place, Chippenham, SN15 1EN, England"
17442566,PAUL THE PLUMBER AND FRIENDS LTD,2026-09-07,active,ltd,43220,"1st Floor 87-89 High Street, Hoddesdon, Herts, EN11 8TL, England"
17442563,LOUISE SOUTER ARCHITECTS LIMITED,2026-09-07,active,ltd,71111,"Monomark House, 27 Old Gloucester Street, London, WC1N 3AX, England"
17442570,ADC HOLDINGS BLACKPOOL LIMITED,2026-09-07,active,ltd,56101;56302,"25 Wellington Road, Blackpool, FY1 6AR, England"
17442543,M&R GLOBAL TRADING LTD,2026-09-07,active,ltd,81299,"Appin Road, Unit 34, Argyle Industrial Estate, Birkenhead, CH41 9HH, United Kingdom"
17442581,KRTAM LTD,2026-09-07,active,ltd,70229,"77 London Road, Portsmouth, PO2 0BH, England"
17442575,DLK LETTINGS LTD,2026-09-07,active,ltd,68209,"2 Gurnard Pines, Cockleton Lane, Cowes, Isle Of Wight, PO31 8RA, United Kingdom"
17442560,HANDLED TECHNOLOGIES LTD,2026-09-07,active,ltd,58290;62012;63120,"Unit C Piccadilly Business Centre, Blackett Street, Manchester, M12 6AE, United Kingdom"
17442561,N & K HERON LIMITED,2026-09-07,active,ltd,56101;56102,"Unit 6 Bridge Court Liverpool New Road, Little Hoole, Preston, PR4 5BF, England"
17442558,GIORGIO CARS LIMITED,2026-09-07,active,ltd,45112,"Morbec Lodge, Arterial Road, Wickford, SS12 9JF, England"
17442547,G&N PROPERTY GROUP LTD,2026-09-07,active,ltd,68209;68320,"53 Bramwoods Road, Chelmsford, CM2 7LS, England"
17442857,NXTION FOOD MARKET CANTERBURY LTD,2026-09-07,active,ltd,47210;47290,"Merton Farm, Merton Lane, Canterbury, CT4 7BA, England"
17442858,GONNE LTD,2026-09-07,active,ltd,46420;47721,"1a Caxton Court, Bullen Street, London, SW11 3ER, United Kingdom"
17442856,LONDON HOUND LTD,2026-09-07,active,ltd,96090,"124-128 City Road, London, EC1V 2NX, England"
17442868,HERAGON LTD,2026-09-07,active,ltd,93199,"Unit 29 Highcroft Industrial Estate, Enterprise Road, Horndean, Hants, PO8 0BT, United Kingdom"
17442870,PAULO VITOR MOTA CARVALHO LTD,2026-09-07,active,ltd,47910,"71-75 Shelton Street, Covent Garden, London, WC2H 9JQ, United Kingdom"
17442876,A AND T PROPERTY (6) LTD,2026-09-07,active,ltd,68209,"Ivanhoe House, 665 Beverley Road, Hull, HU6 7JJ, United Kingdom"
17442852,HAN STRING INSTRUMENTS LTD,2026-09-07,active,ltd,47910,"Unit A, 82 James Carter Road, Mildenhall, Suffolk, IP28 7DE, United Kingdom"
17442849,OYSTER ECADEMY LIMITED,2026-09-07,active,ltd,85200;85310;85590;85600,"124 City Road, London, EC1V 2NX, England"
17442854,KHAN SAR LTD,2026-09-07,active,ltd,47910,"47 Silverhill Drive, Bradford, BD3 7LF, England"
17442861,CLEAR HOUR LTD,2026-09-07,active,ltd,47910;70229;82990;86220,"37 St. Michaels Crescent, Oldbury, B69 4RT, United Kingdom"
17442879,S&T LEISURE LTD,2026-09-07,active,ltd,56103,"35 Moat Lane, Rochester, ME2 4GP, United Kingdom"
SC901722,GORAYA INTERNATIONAL LTD,2026-09-07,active,ltd,47910,"18 Carnwadric Road Thornliebank, Glasgow, Scotland, G46 8HH, United Kingdom"
17443083,SIWI BEAUTÉ LONDON LTD,2026-09-07,active,ltd,47750;47910,"Unit C, Blackett Street, Manchester, M12 6AE, United Kingdom"
17443087,M & C BESPOKE INTERIORS LTD,2026-09-07,active,ltd,41202,"42 Calderdale Avenue, Newcastle Upon Tyne, NE6 4HN, United Kingdom"
17443088,HUGH JANUS A LIFE LIVED PRODUCTIONS LTD,2026-09-07,active,ltd,59111;90030,"272 Wheatley Lane Road, Fence, Burnley, BB12 9QD, United Kingdom"
17443072,F-T-S DIGITAL SERVICES LTD,2026-09-07,active,ltd,47410;62012;62020;73110,"71-75 Shelton Street, Covent Garden, London, WC2H 9JQ, United Kingdom"
17443070,THE BUTTERY TEA ROOMS LTD.,2026-09-07,active,ltd,56102,"1 Culver Street, Ground Floor Premises, Newent, GL18 1DB, England"
17443068,T-TASK HAUL LOGISTICS LTD,2026-09-07,active,ltd,49410,"42 Lancaster Road, Swaffham, Norfolk, PE37 8GY, United Kingdom"
17443074,FOLSONS DIGITAL NETWORK LTD,2026-09-07,active,ltd,59112;73110;73120;74100,"16 Creganford Court, 32 Perry Street, Dartford, DA1 4FG, England"
17443079,SA LOGISTICS SOLUTION LTD,2026-09-07,active,ltd,49410,"33 Ravensdale Road, Mansfield, NG18 2DP, England"
SC901737,STEELE NETWORKS LIMITED,2026-09-07,active,ltd,62090,"9 Livesey Terrace, Penicuik, Midlothian, EH260NA, United Kingdom"
17443076,SAAD ESSENTIALS LTD,2026-09-07,active,ltd,47910,"Unit A1263 Siu Office 4-6 Greatorex Street, London, E1 5NF, United Kingdom"
17443081,VELOMOVE LOGIST LTD,2026-09-07,active,ltd,52290,"2b Arthur Road, London, N9 9AE, United Kingdom"
17443059,DLR LAND SOLUTIONS LIMITED,2026-09-07,active,ltd,68209,"Unit 29 Highcroft Industrial Estate Enterprise Road, Horndean, Waterlooville, PO8 0BT, United Kingdom"
17443271,HORIZON DRONES LTD,2026-09-07,active,ltd,18129;74202,"29 Aberllechau Road, Porth, CF39 0PB, Wales"
17443272,ELMARA STUDIO LTD,2026-09-07,active,ltd,77299;82301;82302,"6 Fairhaven Gardens, Wick, Littlehampton, BN17 7TQ, England"
SC901765,A4 LEGACY LTD,2026-09-07,active,ltd,47910,"5/2, 8 Cranston Street, Glasgow, G3 8GG, United Kingdom"
17443270,AUTOBASE CENTRE LTD,2026-09-07,active,ltd,45200,"56 Monarch Drive, Worcester, WR2 6ES, England"
17443260,ISLAND ZEN CAPITAL LTD,2026-09-07,active,ltd,64209,"66 Paul Street, London, England, EC2A 4NA, United Kingdom"
17443258,HENRY& CHRIS INVESTMENTS LIMITED,2026-09-07,active,ltd,68209,"13 Wilbury Way, London, Greater London, N18 1BT, England"
17443269,BENTON ENTERPRISE HOLDINGS LIMITED,2026-09-07,active,ltd,62012;63110;68100;68209,"10 Millbrook Gardens, Eastbourne, BN20 8TT, England"
17443257,OFF SET HOMES LTD,2026-09-07,active,ltd,55900,"Regal House Flat 1, 4-6 Station Road, Marlow, Buckinghamshire, SL7 1ST, United Kingdom"
17443259,SERIOUS JERK LTD,2026-09-07,active,ltd,56103,"23 The Green, Rugby, CV22 7LZ, United Kingdom"
17443273,ABYY DRIVING SCHOOL LTD,2026-09-07,active,ltd,85530,"200a Newington Avenue, Southend-On-Sea, SS2 4SD, United Kingdom"
17443274,2M CARS SALES LTD,2026-09-07,active,ltd,45111;45112;45200;45400,"25 West Wycombe Road, High Wycombe, HP11 2LQ, England"
17443265,CLEARANCE VENTURE PARTNERS LIMITED,2026-09-07,active,ltd,64205;66300,"3 Copthall Avenue, London, EC2R 7BH, United Kingdom"
17443261,WELL TANNED LIMITED,2026-09-07,active,ltd,47789,"30 New Pond Road, Holmer Green, High Wycombe, HP15 6SU, England"
17443262,AMALIASHOP LTD,2026-09-07,active,ltd,47910,"Flat 13, Cityview Point, 139 Leven Road, London, E14 0XS, England"
17443510,JMONEY GROUP LTD,2026-09-07,active,ltd,53202,"Flat 1 Provident House, 37 Crouch Street, Colchester, CO3 3EN, England"
17443511,RHR ENERGY LTD,2026-09-07,active,ltd,43220,"20 Hilton Road, Gosport, PO12 1RG, England"
17443504,SYCAMORE AND JUNIPER LIMITED,2026-09-07,active,ltd,88910,"21 Marnel Drive, Pentre, Deeside, CH5 2AE, United Kingdom"
17443500,ANGLESEY CLOTHING CO LTD,2026-09-07,active,ltd,47710;47910,"4 Ponthwfa Terrace, Holyhead, LL65 1PG, Wales"
17443739,POSTMYSKILL LTD,2026-09-07,active,ltd,73110,"65 Maynard Road, Birmingham, B16 0PW, United Kingdom"
17443745,CORNET UK CIC,2026-09-07,active,private-limited-guarant-nsc,63990,"20 Pynfolds Estate, Jamaica Road, London, SE16 4NX, England"
17443743,FOURDEED LTD,2026-09-07,active,ltd,62012,"37 West Street, Great Gransden, Sandy, SG19 3AU, England"
17443737,Y LAWNT CIC,2026-09-07,active,private-limited-guarant-nsc,82990;96040,"56 Hylton Terrace, Bedlinog, Treharris, Merthyr Tydfil, CF46 6RG, Wales"
17443740,COZY CORNER HOLDINGS LTD,2026-09-07,active,ltd,56302,"5 Listers Place, Cinderford, GL14 2LA, England"
17443746,AMIGO MONTH C.I.C.,2026-09-07,active,private-limited-guarant-nsc,85520;90020;94990,"91-95 Newington Butts, London, SE1 6SF, England"
NI743554,TOTAL FLOOR DESIGN LTD,2026-09-07,active,ltd,43330,"14 St Patrick's Park, Armagh, BT60 4BQ, Northern Ireland"
17443889,RYDAN MECHANICAL TRUSTEE COMPANY LIMITED,2026-09-07,active,private-limited-guarant-nsc,82990,"6th Floor 9 Appold Street, London, EC2A 2AP, United Kingdom"
17443888,BZN ORIGIN LTD,2026-09-07,active,ltd,86220,"167-169 Great Portland Street, London, W1W 5PF, England"
17443895,OPEN PROJECT STUDIOS LTD,2026-09-07,active,ltd,47910,"27 Old Gloucester Street, London, WC1N 3AX, United Kingdom"
17443894,RKNIGHTFLOORINGANDBATHROOMS LTD,2026-09-07,active,ltd,74100,"113 Palmerston Park, Tiverton, EX16 5PG, United Kingdom"
17443898,WANDS IV LTD,2026-09-07,active,ltd,46190;46420;46900;47910,"82a James Carter Road, Mildenhall Suffolk, IP28 7DE, United Kingdom"
17443908,JATT & JAAT LIMITED,2026-09-07,active,ltd,73110,"23 Sturdee Close, Camberley, Surrey, GU16 8DL, England"
17443900,VERTEX CCTV LTD,2026-09-07,active,ltd,80200,"5 Brayford Square, London, E1 0SG, England"
17443967,SELVAMALAR PROPERTY INVESTMENTS LIMITED,2026-09-07,active,ltd,68100;68209;68320,"15 Blaxland Close, Faversham, Kent, ME13 7RP, United Kingdom"
17437570,STONEMERE GLOBAL SERVICES (UK) LTD,2026-09-04,active,ltd,82990,"Churchill Court, Manor Royal, Crawley, RH10 9LU, United Kingdom"
17443979,"RONGWEI CHEMICAL CO., LTD",2026-09-07,active,ltd,82990,"53 Whateleys Drive, Kenilworth, Warwickshire, CV8 2GY, United Kingdom"
17443970,VOREVIA LTD,2026-09-07,active,ltd,47910,"71-75 Shelton Street, Covent Garden, London, WC2H 9JQ, United Kingdom"
OC461553,BLOOBALANCE LLP,2026-09-07,active,llp,,"5 Brayford Square, London, E1 0SG, England"
17443984,SWIFT ECART LTD,2026-09-07,active,ltd,47910,"Office 1706 85 Dunstall Hill, Wolverhampton, WV6 0SR, United Kingdom"
17443963,AFORDABLES LTD,2026-09-07,active,ltd,70229,"34 Hunger Hills Drive, Horsforth, Leeds, LS18 5JU, United Kingdom"
17444285,COMMUNITY CLOTHING COLLECTIVE LTD,2026-09-07,active,ltd,38110;47910,"Unit 12 Glyncorrwg Worshops, Ynyscorrwg Park, Port Talbot, SA133EA, United Kingdom"
17444292,WICKEDLY ENCHANTED LTD,2026-09-07,active,ltd,47610;47789;47910;56102,"8 Manor Drive, Dunnington, York, YO19 5QR, England"
17444286,KBS EUROPEAN MARKET LTD,2026-09-07,active,ltd,47810,"540 Christchurch Road, Bournemouth, BH1 4BE, England"
17444288,FOX COUNTRY PROPERTIES LETTINGS LIMITED,2026-09-07,active,ltd,68310,"5 Market Place, Market Bosworth, Warwickshire, CV13 0LF, United Kingdom"
17444283,RESIN CONNECT LIMITED,2026-09-07,active,ltd,63120,"22 The Gateways, Bradford, BD12 8DG, England"
17444312,STREETWALL LTD,2026-09-07,active,ltd,62012;63120;73110,"71-75 Shelton Street, Covent Garden, London, WC2H 9JQ, United Kingdom"
17444310,HABIBA ARTS LTD,2026-09-07,active,ltd,47910;62020,"Initial Business Centre, Unit 7 Wilsons Business Park, Manchester, M40 8WN, United Kingdom"
17444309,FAMILY FOSTER CARE (NORTH) LIMITED,2026-09-07,active,ltd,64209,"Apex Office Space (Family Fostercare Ltd), Water Vole Way, Doncaster, DN4 5JP, United Kingdom"
17444273,CMANS SPUDS LIMITED,2026-09-07,active,ltd,56102;56103,"408 Corporation Road, Newport, Gwent, NP19 0GA, United Kingdom"
17444305,XANADU AVIATION LIMITED,2026-09-07,active,ltd,52290,"Keepers Lodge Guilsborough Hill, Hollowell, Northampton, NN6 8RN, England"
17444296,DEFINING IMPACT LTD,2026-09-07,active,ltd,78109,"71-75 Shelton Street, Covent Garden, London, WC2H 9JQ, United Kingdom"
17444301,CRYSTAL CLEAR WINDOW CARE LTD,2026-09-07,active,ltd,81210;81221;81229;81299,"10-11 Caer Street, Abertawe, SA1 3PP, United Kingdom"
17444260,BLOOM NETHERTON LTD,2026-09-07,active,ltd,88910,"Suite 6a 10 Duke Street, Liverpool, Merseyside, L1 5AS, England"
17444263,BEAVER LETS LIMITED,2026-09-07,active,ltd,68209,"Flat 2 24 Eriswell Road, Worthing, BN11 3HP, England"
17444266,JENCON CONSULTANTS LTD,2026-09-07,active,ltd,74902,"The Oakley, Kidderminster Road, Droitwich, Worcestershire, WR9 9AY, United Kingdom"
17444519,AF MARKETING CONSULTING LTD,2026-09-07,active,ltd,82990,"49a Elmside, Guildford, Surrey, GU2 7SJ, United Kingdom"
17444525,MOHON HOLDINGS LIMITED,2026-09-07,active,ltd,64209,"Corn Close House, Flatts Road, Barnard Castle, County Durham, DL12 8AB, United Kingdom"
17444524,HELLO MYTHEK LTD,2026-09-07,active,ltd,47910;73110;73120;93290,"82a James Carter Road, Mildenhall Suffolk, IP28 7DE, United Kingdom"
17444520,BA PSYCHOLOGY SERVICES LTD,2026-09-07,active,ltd,85600,"134 Beech Road, Stockport, SK3 8HH, England"
17444532,WING KURO LTD,2026-09-07,active,ltd,58210;62011,"71-75 Shelton Street, Covent Garden, London, WC2H 9JQ, United Kingdom"
17444537,ENCORE HOSPITALITY SOFTWARE LIMITED,2026-09-07,active,ltd,62012,"C/O Able & Young Ltd, Airport House, Purley Way, Croydon, CR0 0XZ, England"
17444538,ELITE VEHICLE SOLUTIONS LONDON LTD,2026-09-07,active,ltd,45112,"Swift House, Ground Floor 18 Hoffmans Way, Chelmsford, Essex, CM1 1GU, United Kingdom"
SC901861,GALLAGHER PROPERTIES SCOTLAND MANAGEMENT LIMITED,2026-09-07,active,ltd,68209,"5 Church Street, Hamilton, ML3 6BA, Scotland"
17444505,COMET ENERGY LTD,2026-09-07,active,ltd,43210;43220,"South Lodge, Ruxbury Road, Chertsey, KT16 9NJ, England"
17444514,THE WOLF NETWORK CIC,2026-09-07,active,private-limited-guarant-nsc,85510;85590,"4 Proctor Street, Newcastle Upon Tyne, NE6 3DX, United Kingdom"
17444531,THE HALFWAY HUT COMPANY LTD,2026-09-07,active,ltd,47990;56290,"The Firs Platt House Lane, Wrotham, Sevenoaks, TN15 7LX, England"
17444530,OAK WOOD HOUSE INVESTMENTS LTD,2026-09-07,active,ltd,64991;68100;68209,"Pine Lodge, Thames Street, Newton, Preston, PR4 3RH, United Kingdom"
17444535,GORDON'S HOMES LTD,2026-09-07,active,ltd,68100;68209,"Winton House, Stoke Road, Stoke-On-Trent, Staffordshire, ST4 2RW, United Kingdom"
SC901863,BRICHAEL LIMITED,2026-09-07,active,ltd,86900,"2b Dundyvan Way, Coatbridge, Lanarkshire, ML5 1DN, Scotland"
17444760,EC3 AI LIMITED,2026-09-07,active,ltd,62012,"120 Cockfosters Road, Barnet, EN4 0DZ, England"
NI743572,HELILEASE NI LTD,2026-09-07,active,ltd,77351,"67 Edward Street Lurgan, Craigavon, Co Armagh, BT66 6DD, United Kingdom"
SC901878,JD ELEVATE LETTINGS LTD,2026-09-07,active,ltd,68100;68209;68320,"31 Copperwood Crescent, Hamilton, ML3 0RL, Scotland"
17444768,VANTARA SEARCH LTD,2026-09-07,active,ltd,78109;78200,"5 Lumina Way, Enfield, EN1 1FS, England"
17444860,ZAHRA BEE LTD,2026-09-07,active,ltd,47190,"115 Moor Road, Papplewick, Nottingham, NG15 8EN, England"
17444858,PRESSED BY AJ LTD,2026-09-07,active,ltd,47750,"66 Paul Street, London, England, EC2A 4NA, United Kingdom"
17444847,MS BUILDING CONTRACTORS YORKSHIRE LTD,2026-09-07,active,ltd,41202,"156 Centenary Road, Goole, DN14 6PE, United Kingdom"
17444936,STUBBY LOU PRINT & DESIGN LTD,2026-09-07,active,ltd,74100,"54 Merrygill Drive, Eaglescliffe, Stockton-On-Tees, TS16 0FR, England"
17444948,TIGERLILY FRESH FOOD LTD,2026-09-07,active,ltd,56290,"8 Ash Close, Shaftesbury, SP7 8RA, United Kingdom"
17444947,SOLOREM LTD,2026-09-07,active,ltd,33130,"81 Stokes Road, London, E6 3SF, England"
17445019,VIDSTASH LTD,2026-09-07,active,ltd,62012,"Flat 38, Rotherfield Court, Rotherfield Street, London, N1 3BN, United Kingdom"
17445012,SAS TILING SERVICES LTD,2026-09-07,active,ltd,43330,"13 St. Vincent Avenue, Bletchley, Milton Keynes, MK3 5SG, England"
17445016,APOLLOS TEEN FITNESS LTD,2026-09-07,active,ltd,93130,"23a Longsight, Bolton, BL2 3HS, England"
17445018,ROOTWISE BEAUTY LTD,2026-09-07,active,ltd,47910,"66 Paul Street, London, England, EC2A 4NA, United Kingdom"
17445348,HUE COLLECTIVE LTD,2026-09-08,active,ltd,96020,"50 High Street, Horbury, West Yorkshire, WF4 5LE, United Kingdom"
17445347,STREAM MARKETS UK LIMITED,2026-09-08,active,ltd,63990,"46-54 High Street, Ingatestone, Essex, CM4 9DW, United Kingdom"
17445346,AENA LTD,2026-09-08,active,ltd,96020,"227a Narborough Road, Leicester, LE3 2QR, United Kingdom"
17445338,INSPIRED HOPE COMMUNITY PROJECT CIC,2026-09-08,active,private-limited-guarant-nsc,87900;88990,"Flat 15 Hayles Buildings, Elliotts Row, London, SE11 4TA, England"
17445337,RH PLASTERING LTD,2026-09-08,active,ltd,43310,"Marwood House Stones Cross Road, Crockenhill, Swanley, BR8 8LT, England"
17445335,AIRMEX LTD,2026-09-08,active,ltd,33160,"Brook Street Centre, ,Brook Street, Knutsford, Cheshire, WA16 9LA, United Kingdom"
17445333,TOURMATE CONNECT LIMITED,2026-09-08,active,ltd,62012;79909,"Flat 1 Hawkhurst House, 35 Herbert Street, Bristol, BS3 1GE, England"
17445342,LAZY LIZARD RUBBISH CLEARANCE & REMOVALS LTD,2026-09-08,active,ltd,38110;38120;49420;53201,"124 City  Road, London, EC1V 2NX, United Kingdom"
17445343,HOUGHTON SERVICES LIMITED,2026-09-08,active,ltd,72190;74909,"6 Manchester Road, Buxton, Derbyshire, SK17 6SB, England"
17445331,MAGNIFIED INFLUENCER AWARDS LTD,2026-09-08,active,ltd,62011,"20 Wenlock Road, London, N1 7GU, England"
17445445,DAVES PRIME CONSTRUCTION LTD,2026-09-08,active,ltd,41100;41202;43999,"70 Vellan Avenue, Milton Keynes, Buckinghamshire, MK6 2SW, United Kingdom"
17445446,GOTECH IT LTD,2026-09-08,active,ltd,71122;71129,"Apartment 2010 Metropolitan House 1 Hagley Road, Birmingham, B16 8JA, England"
17445444,"QIAN CSJ INTERNATIONAL TRADE CO., LTD.",2026-09-08,active,ltd,46410;46510;46900;47910,"Suite 302 4 Station Square, Cambridge, CB1 2GE, United Kingdom"
17445447,MANOR WAY FLOORING CO LTD,2026-09-08,active,ltd,43330,"22 Moyle Drive, Halesowen, B63 2XR, United Kingdom"
17445547,26 TO 31 KELTON COURT RTM COMPANY LIMITED,2026-09-08,active,private-limited-guarant-nsc,98000,"Unit 1 Parsonage Business Centre, Church Street, Ticehurst, TN5 7DL, England"
17445549,TAFF ELY PROPERTY LTD,2026-09-08,active,ltd,68100;68209;68320,"16 Jubilee Parkway Jubilee Business Park, Stores Road, Derby, Derbyshire, DE21 4BJ, England"
SC901921,KIRSECO LTD,2026-09-08,active,ltd,70229,"3 Tannery Court, Banff, AB45 1EE, Scotland"
17445806,HELICAL MACHINES LTD,2026-09-08,active,ltd,26400;32200,"52 Salisbury Street, St. George, Bristol, BS5 8ED, England"
17445807,PHYSIOINTERVIEW LTD,2026-09-08,active,ltd,62012;85600,"124 City Road, London, EC1V 2NX, United Kingdom"
SC901923,NORSIRA GROUP LTD,2026-09-08,active,ltd,63990,"20/8 Balfour Place, Edinburgh, EH6 5DW, Scotland"
17445796,SOLIHULL HEATING & COOLING LTD,2026-09-08,active,ltd,43220,"Unit 1 Rumbush Farm Bus Park, Rumbush Lane, Earlswood, Solihull, B94 5LW, United Kingdom"
SC901924,BOTTRELL SERVICES LTD,2026-09-08,active,ltd,09100,"1st Floor, 5 Abercrombie Court Arnhall Business Park, Prospect Road, Westhill, AB32 6FE, United Kingdom"
SC901938,BLACKOUT BARBERING LTD,2026-09-08,active,ltd,96020,"9 Kirktonfield Road, Neilston, Glasgow, G78 3NY, Scotland"
17445994,DOG FILM PRODUCTIONS LIMITED,2026-09-08,active,ltd,59111,"71 Queen Victoria Street, London, EC4V 4BE, United Kingdom"
SC901941,EDEN EVENT & CATERING LTD,2026-09-08,active,ltd,56103;56210,"6 Union Street, Galashiels, TD1 1PG, United Kingdom"
17446002,PRODUCTS DIRECT HOLDINGS LTD,2026-09-08,active,ltd,64209,"3 St. Marys Place, Bury, BL9 0DZ, United Kingdom"
17446010,NATIONWIDE FOOD SUPPLIES LTD,2026-09-08,active,ltd,46390,"19 Cambridge Close, Blackburn, Lancashire, BB1 1DY, England"
17446009,M & K ACCOUNTANCY SERVICES LIMITED,2026-09-08,active,ltd,69201;69202;69203,"5a Parr Road, Stanmore, HA7 1NP, England"
17446007,SSA PLUMBING & HEATING LIMITED,2026-09-08,active,ltd,43220,"45 Southbury Avenue, Enfield, EN1 1RH, England"
17446011,MN DYNAMICS LTD,2026-09-08,active,ltd,47910,"Ofiice 20974 182-184 High Street North, East Ham, London, E6 2JA, United Kingdom"
17445734,RDUCTN STUDIO LIMITED,2026-09-08,active,ltd,74909,"30 Copperfields, Kemsing, Sevenoaks, TN15 6QG, England"
17445998,POOALAH WEST MIDLANDS LTD,2026-09-08,active,private-limited-guarant-nsc,56210,"Flat 4 24 Quarry Walk, Rednal, Birmingham, B45 9BQ, England"
17445996,JAD TCG LTD,2026-09-08,active,ltd,47650,"71-75 Shelton Street, Covent Garden, London, WC2H 9JQ, United Kingdom"
17445992,CORDED LTD,2026-09-08,active,ltd,62012;62090;63120;74100,"Office 21196 182-184 High Street North, London, E6 2JA, England"
17446221,JMA BOYCE LTD,2026-09-08,active,ltd,68209,"17 Queen Edith Drive, Steeple Bumpstead, Haverhill, CB9 7ER, England"
17446217,THE GREEN ROOM NETWORK LTD,2026-09-08,active,ltd,63120;73110;94990,"167-169 Great Portland Street, London, W1W 5PF, England"
17446229,WAYNE LTD,2026-09-08,active,ltd,59112;63990,"9 Hooks Farm Way, Havant, PO9 3DX, United Kingdom"
17446228,PALOMA BEAUTY LTD,2026-09-08,active,ltd,47710;47910;77299;96020,"66 Paul Street, London, England, EC2A 4NA, United Kingdom"
17446227,WAZIMA LTD,2026-09-08,active,ltd,68100;68209,"4 Southsea Avenue, Watford, Hertfordshire, WD18 7NJ, United Kingdom"
17446232,TOUFIC HOLDINGS LTD,2026-09-08,active,ltd,64209,"32 Woodstock Grove, London, W12 8LE, England"
17446233,RANGOON RITUAL LTD,2026-09-08,active,ltd,96020;96040,"Rangoon Ritual, First Floor,Swan Buildings,, 20 Swan Street, Manchester, M4 5JW, United Kingdom"
17446223,PUVANA PROPERTIES LTD,2026-09-08,active,ltd,68100;68209,"74 Buntingbridge Road, Ilford, IG2 7NZ, England"
17446222,LATIF KASANA TRADING COMPANY LTD,2026-09-08,active,ltd,46900;47190;47910,"3 Dale Close, Horsham, RH12 4JD, England"
17446798,88B HIGH STREET RTM COMPANY LTD,2026-09-08,active,private-limited-guarant-nsc,98000,"252 Wakering Road, Shoeburyness, Southend-On-Sea, SS3 9TP, England"
17446802,SOPHIE MARINELLI LTD,2026-09-08,active,ltd,56302,"100-102 Hawthorne Avenue, Gillingham, ME8 6TU, England"
17446794,ADIRAJO GROUP LIMITED,2026-09-08,active,ltd,62020;70229,"505 Pinner Road, Harrow, Middlesex, HA2 6EH, United Kingdom"
17446792,BESPOKE JOURNEYS ONLINE LTD,2026-09-08,active,ltd,49320,"41 Asquith Road, Birmingham, B8 2HP, United Kingdom"
17446898,GLOBAL INFRACO HAVEN BIDCO LIMITED,2026-09-08,active,ltd,64209,"C/O Ifm Investors (Uk) Ltd 2 London Wall, Barbican, London, EC2Y 5AU, United Kingdom"
17446899,ROBERTS' TREES LIMITED,2026-09-08,active,ltd,01250;02100,"Nantrissack, Trebarvah Woon, Falmouth, Cornwall, TR11 5QJ, United Kingdom"
17446900,ONYXDENT LTD,2026-09-08,active,ltd,70229;74909,"71-75 Shelton Street, Covent Garden, London, WC2H 9JQ, United Kingdom"
17446904,OBSERVATORY FREIGHT MANAGEMENT LTD,2026-09-08,active,ltd,50200;52219;52241,"16a St. Helens Street, Ipswich, IP4 1HJ, England"
17446902,JERRY GO LTD,2026-09-08,active,ltd,49410,"45 St Denys Crescent, Ibstock, LE67 6NX, England"
17446888,BARNARDS GREEN HILLS LTD,2026-09-08,active,ltd,56103,"97 Barnards Green Road, Malvern, WR14 3LT, England"
SC901989,GIGIS RESTAURANT LTD,2026-09-08,active,ltd,56101,"72 74 Lothian Street Lothian Street, Midlothian, Bonnyrigg, EH19 3AQ, Scotland"
17446886,NERON CIRQL LTD,2026-09-08,active,ltd,47910;58210;62090;63120,"16 Regent Place, Birmingham, B1 3NJ, United Kingdom"
17446877,MUNDE PROPERTY INVESTMENTS LIMITED,2026-09-08,active,ltd,68209,"1 Thorney Mill Road, Iver, SL0 9AQ, England"
SC901985,BORDERS BOILERS COMMERCIAL LTD.,2026-09-08,active,ltd,43220,"C/O Pheonix Accountancy Ltd. 20, Scott Road, Lauder, Berwickshire, TD2 6QH, Scotland"
17446891,HOOLIE LTD,2026-09-08,active,ltd,47710,"10 Fairfield Close, Hadlow, Tonbridge, TN11 0FY, England"
17446890,OPTARIS AI LTD,2026-09-08,active,ltd,62012,"14 Museum Place, Cardiff, CF10 3BH, Wales"
17434932,GIOVANNA LTD,2026-09-02,active,ltd,68209,"Dept 4031 43 Owston Road, Carcroft, Doncaster, DN6 8DA, England"
17447207,REVOLUTION PERFORMANCE & STYLING LTD,2026-09-08,active,ltd,71129,"Unit 3 Thornley Station Industrial Estate, Durham, DH6 2QA, United Kingdom"
17447201,KID CRAYON LTD,2026-09-08,active,ltd,47910,"66 Paul Street, London, EC2A 4NA, England"
17447218,LWD DESIGN BUILD & MAINTAIN LTD,2026-09-08,active,ltd,71111,"191-193 High Street, Hampton Hill, Hampton, TW12 1NL, England"
17447203,KARL GOLDSTRAW LTD,2026-09-08,active,ltd,62020,"66 Paul Street, London, EC2A 4NA, United Kingdom"
17447427,BORICA LTD,2026-09-08,active,ltd,49410,"2 Wellington Street Industrial Estate, Widnes, WA8 0QF, England"
17447439,VIVE SEARCH LIMITED,2026-09-08,active,ltd,78109,"71-75 Shelton Street, Covent Garden, London, WC2H 9JQ, United Kingdom"
17447447,BUYERDESK LTD,2026-09-08,active,ltd,62012;62020;63110;63120,"71-75 Shelton Street, Covent Garden, London, WC2H 9JQ, United Kingdom"
17447438,NEXQAF LTD,2026-09-08,active,ltd,62012;62020;73110,"128 City Road, London, EC1V 2NX, United Kingdom"
17447437,MK&B HOLDINGS LTD,2026-09-08,active,ltd,68209,"Shakespeare Buildings, 26 Cradley Road, Cradley Heath, West Midlands, B64 6AG, United Kingdom"
17447430,H ESTATE DEVELOPMENT LTD,2026-09-08,active,ltd,41100,"863 Ecclesall Road, Sheffield, South Yorkshire, S11 8TJ, England"
17447425,ERG CAPITAL LTD,2026-09-08,active,ltd,68100;68209,"81 Turners Hill, Cheshunt, Waltham Cross, Hertfordshire, EN8 9BD, England"
17447431,LATCH AND LEGACY LTD,2026-09-08,active,ltd,47599;47710;47750;47910,"66 Paul Street, London, England, EC2A 4NA, United Kingdom"
17447455,JTB KITCHEN LIMITED,2026-09-08,active,ltd,56103,"Mill House Mill Court, Great Shelford, Cambridge, CB22 5LD, England"
17447446,APPS MORE LIKE IT LTD,2026-09-08,active,ltd,58290,"129 Cromwell Road, Ware, SG12 7LD, United Kingdom"
17447555,"FLYVAULT TECHNOLOGY CO., LTD.",2026-09-08,active,ltd,29320;45310;45320,"Unit A 82 James Carter Road, Mildenhall,, Bury St Edmunds,, IP28 7DE, United Kingdom"
17447568,PLAS ACTON MOT AND SERVICE CENTRE LTD,2026-09-08,active,ltd,45200,"Mandalay Bromfield Street, Johnstown, Wrexham, LL14 1NF, Wales"
17447563,AFA SERVICES LIMITED,2026-09-08,active,ltd,69201,"26 Heath Street, Rowley Regis, B65 0DG, England"
17447566,BUYALLDAY LTD,2026-09-08,active,ltd,47910,"94 Newington Street, Leicester, LE4 5DH, England"
17447552,PROGECHI FASHION AND STYLE LTD,2026-09-08,active,ltd,14132;14190;47710;47910,"Walkley House, Burnaby Crescent, Sheffield, S6 2RZ, England"
17447570,TRADE-CERT TRAINING LIMITED,2026-09-08,active,ltd,85590,"71-75 Shelton Street, Covent Garden, London, WC2H 9JQ, United Kingdom"
17447578,HAMLET DIGITAL LTD,2026-09-08,active,ltd,62090,"Gouldene High Street, Fiskerton, Lincoln, LN3 4HF, England"
17447571,SAMS PARCEL DELIVERY LTD,2026-09-08,active,ltd,52290,"101 Maplewood Drive, Middlesbrough, TS6 0GA, United Kingdom"
17447556,A R TRAVEL GROUP LTD,2026-09-08,active,ltd,49100,"35 Prior Street, Keighley, BD21 4AX, United Kingdom"
17447554,ASHRIDGE CONSULTING LIMITED,2026-09-08,active,ltd,70229,"Fair View, Woodland Place, Pengam, NP12 3QX, Wales"
17447810,NEW & NEXT LIMITED,2026-09-08,active,ltd,47910,"82, Unit A James Carter Road, Midenhall, IP28 7DE, United Kingdom"
17447807,GOODNESS GRACE LIMITED,2026-09-08,active,ltd,86900,"15 Carlton Street, Eccles, Manchester, M30 9QE, England"
17447797,A1 DENTAL LTD,2026-09-08,active,ltd,86230,"10 All Saints Road, Bradford, BD7 3AY, England"
17447799,LUFBER LTD,2026-09-08,active,ltd,68100;68209;68320,"2 Bellflower House, 419 Hertford Road, Enfield, EN3 5PT, England"
17447800,ATLAS INNOVATION LABS LIMITED,2026-09-08,active,ltd,62012,"The Catalyst, Baird Lane, York, YO10 5GA, England"
17447801,ABERGAVENNY CAR WASH LIMITED,2026-09-08,active,ltd,45200,"Unit 2 Merthyr Road, Abergavenny, NP7 7RZ, Wales"
17447795,PREMIAL UK LTD,2026-09-08,active,ltd,62012;62090;82990,"8a Thornfield Grove, Middlesbrough, TS5 5LF, England"
17447856,PROPERTY KLD LIMITED,2026-09-08,active,ltd,68100;68209;68320,"573 Chester Road, Sutton Coldfield, West Midlands, B73 5HU, England"
17447864,DETACHED LTD,2026-09-08,active,ltd,41100;62020;69201,"39 Victor Road, Bradford, BD9 4QR, United Kingdom"
17447849,ZAYYAN KICKS LTD,2026-09-08,active,ltd,47910,"50 Davey Road, Birmingham, B20 3DR, England"
17448148,HILLTOP HEIGHTS MANAGEMENT COMPANY LTD,2026-09-09,active,private-limited-guarant-nsc,81100,"Crosby Villa, Whitehaven Road, Cleator Moor, CA25 5QP, United Kingdom"
17448155,NEW CONCEPTS GROUP LTD,2026-09-09,active,ltd,85200;85310,"34, 1, Innerd Court Clarke Close, Croydon, CR0 2NQ, United Kingdom"
17448156,HONGLONG CUISINE LIMITED,2026-09-09,active,ltd,56103,"8 High Street, Hucknall, Nottingham, NG15 7HD, England"
17448153,CDRAIGROWTH LTD,2026-09-09,active,ltd,62012;62020;62090,"6a Meadow Street, Avonmouth, Bristol, BS11 9AR, England"
17448157,SBYC LTD,2026-09-09,active,ltd,70229,"71-75 Shelton Street, Covent Garden, London, WC2H 9JQ, United Kingdom"
17448162,C S STREET FOOD & EVENTS LTD,2026-09-09,active,ltd,56210,"12 Hawker Close, Caer, CH4 0SQ, United Kingdom"
17448160,VEG & FRUIT 4 U LTD,2026-09-09,active,ltd,46341;47210,"90 Buller Road, Leicester, LE4 5GA, England"
17448405,STELLA PROPERTY HOLDINGS LIMITED,2026-09-09,active,ltd,68100;68209,"3 Feast Field, Horsforth, Leeds, West Yorkshire, LS18 4TJ, England"
17448408,JUPITER RETAIL GROUP LTD,2026-09-09,active,ltd,47910,"21 Lockheed Street, Aylesbury, Buckinghamshire, HP22 3BA, England"
17448396,RELEASE.CREATIVE LTD,2026-09-09,active,ltd,78109;78200;85520,"28 Lewes Crescent, Flat 5, Brighton, BN2 1GB, England"
17448393,ATTA SOURCING LTD,2026-09-09,active,ltd,68310,"71-75 Shelton Street, Covent Garden, London, WC2H 9JQ, United Kingdom"
17448391,CARBZ LTD,2026-09-09,active,ltd,52290,"28 St. Pauls Street, Stockton-On-Tees, TS19 0AQ, United Kingdom"
17448400,ANDESHORIZON LTD,2026-09-09,active,ltd,68310,"Office 21210 182-184 High Street North, East Ham, London, E6 2JA, United Kingdom"
17448401,UK PORTS AND TERMINALS LIMITED,2026-09-09,active,ltd,58120;73120,"124 City Road, London, EC1V 2NX, United Kingdom"
17448392,APSIS DIGITAL LTD,2026-09-09,active,ltd,70229;73110,"128 City Road, London, EC1V 2NX, United Kingdom"
17448436,JAY RISE 76 LIMITED,2026-09-09,active,ltd,56102,"72 New Canal, Salisbury, Wiltshire, SP1 2AQ, United Kingdom"
17448449,KIATEC LTD,2026-09-09,active,ltd,32409;58210,"9 St. Francis Drive, Chatteris, PE16 6BS, England"
17448447,THE FREIGHT FAMILY LTD,2026-09-09,active,ltd,50200;51210;52290,"130 Clapton Common, 178 Osbaldeston Road, London, Eng, E59AG, England"
17448442,LIVE IN CARE PARTNERS LIMITED,2026-09-09,active,ltd,78109,"Lillybrook House Bowds Lane, Lyneham, Chippenham, SN15 4DS, United Kingdom"
17448443,DUNNE CONTRACTS LTD,2026-09-09,active,ltd,43910;71122,"8 Hassall Drive, Elswick, Preston, PR4 3UP, England"
17448446,THRIVE IN CARE LIMITED,2026-09-09,active,ltd,70229,"118 Pentre Nicklaus Village, Llanelli, SA15 2DF, Wales"
17448455,MARKRIGHT LTD,2026-09-09,active,ltd,58290,"71-75 Shelton Street, Covent Garden, London, WC2H 9JQ, United Kingdom"
17448563,SKDI LIMITED,2026-09-09,active,ltd,84220,"6 Tintagel Way, Nuneaton, CV11 6SN, United Kingdom"
17448564,FTG COMMERCE LIMITED,2026-09-09,active,ltd,47910,"4-6 Greatorex Street, London, E1 5NF, England"
17448565,KENYAN NURSES IN DIASPORA UK (KENID UK) LTD,2026-09-09,active,private-limited-guarant-nsc,85590;86900;88990,"9 Bill Lane, Newark, Nottinghamshire, NG22 8GE, England"
17448561,KEYSTONE WORKFORCE LTD,2026-09-09,active,ltd,78109;78200,"S10-S12 Audley House Northbridge Road, Berkhamsted, HP4 1EH, England"
17448577,AMISON GROUP LTD,2026-09-09,active,ltd,46900,"Apartment 34 28 Griffin Close, Northfield, Birmingham, B31 2FJ, England"
17448587,THE VIBE FACTORY LIMITED,2026-09-09,active,ltd,73110;73120;96090,"22 St. Augustines Avenue, Wembley, HA9 7NX, England"
17448573,HEMUS BG LTD,2026-09-09,active,ltd,46380;47810;47910,"203 West Street, Fareham, Hampshire, PO16 0EN, England"
17448579,TRYTLE LTD,2026-09-09,active,ltd,47990,"Unit 1694 4-6 Greatorex Street, London, E1 5NF, United Kingdom"
SC902066,CAR REPAIR CENTRE LIMITED,2026-09-09,active,ltd,45200,"17 Old Farm Road, Ayr, KA8 9ST, Scotland"
17448749,PIVOTAL CLEANING LTD,2026-09-09,active,ltd,81210,"Flat 5 Westmorland Court, Grennell Road, Sutton, SM1 3DL, England"
17448753,MYF MENTORING LTD,2026-09-09,active,ltd,85510;85600,"124 124 City Road, London,, London, EC1V 2NX, United Kingdom"
SC901096,LOCMILLER PUBLISHING LTD,2026-09-01,active,ltd,58141,"Flat A332 130 Trongate, Glasgow, G1 5EQ, Scotland"
17448745,PULSE JUICES LTD,2026-09-09,active,ltd,56102,"13 Callowland Place, Watford, WD24 5FE, England"
17448750,O.G BANANAS LTD,2026-09-09,active,ltd,56103,"128 City Road, London, EC1V 2NX, United Kingdom"
17448763,THE GOLDRAY HAVEN LTD,2026-09-09,active,ltd,86900,"Suite A, 1-3 Canfield Place, London, NW6 3BT, England"
17448920,VOICEIITEXT LIMITED,2026-09-09,active,ltd,47910,"Room #1-632 39 Ludgate Hill, London, EC4M 7JN, United Kingdom"
17448922,EAST MIDLANDS MASTERS CIC,2026-09-09,active,private-limited-guarant-nsc,93120;93199,"12 Warrington Road, Nottingham, NG6 9AL, England"
17448911,GEO.WORKS INTERNATIONAL UK LTD,2026-09-09,active,ltd,46510;47410;62012;62020,"Care Of Italian Accountants Ltd, 2 Bedford Mews, London, N2 9DF, England"
17448912,LYNDHURST PROPERTY LETTINGS LIMITED,2026-09-09,active,ltd,68209,"11 Acacia Avenue, Shepperton, TW17 0AZ, England"
17448916,MANSA TRADING LTD,2026-09-09,active,ltd,46900,"1 Bedford Row, Office 105, London, WC1R 4BU, England"
17448919,FACAROS LTD,2026-09-09,active,ltd,47910,"100 Shipman Road, London, E16 3BF, United Kingdom"
SC902082,NORTH SIGNAL MEDIA LTD,2026-09-09,active,ltd,73110,"Arran House, 15d Skye Road, Prestwick, KA9 2TA, Scotland"
17448945,SNG MANCHESTER LIMITED,2026-09-09,active,ltd,68209,"18 The Ropewalk, Nottingham, NG1 5DT, England"
17448944,BBR RECRUITMENT LTD,2026-09-09,active,ltd,78109,"124 City  Road, London, EC1V 2NX, United Kingdom"
17448926,SANCTUARY LIVE LTD,2026-09-09,active,ltd,85590,"66 Paul Street, London, England, EC2A 4NA, United Kingdom"
17448928,AIZALVALUED LTD,2026-09-09,active,ltd,47990,"128 City Road, London, EC1V 2NX, United Kingdom"
17448924,KOKO MART LIMITED,2026-09-09,active,ltd,47910,"Office 1782 85 Dunstall Hill, Wolverhampton, WV60SR, United Kingdom"
17448905,VJITP LIMITED,2026-09-09,active,ltd,47910,"Room #1-609 39 Ludgate Hill, London, EC4M 7JN, United Kingdom"
17448898,KB MERCHANTS (UK) LTD,2026-09-09,active,ltd,47910,"Apartment 204 Augustus House 3 New Augustus Street, Bradford, BD1 5LR, England"
17448901,ROMNEY CREATIVES CIC,2026-09-09,active,private-limited-guarant-nsc,47789;82990;85590,"45 Baldwin Road, Greatstone, New Romney, TN28 8SY, England"
17448894,AUREA NAILS LTD,2026-09-09,active,ltd,47910,"167 - 169 Great Portland Street, 5th Floor, London, W1W 5PF, England"
17448933,TREVALLIS LTD,2026-09-09,active,ltd,46900;47910,"20 Manchester Road, Bolton, BL4 8NZ, United Kingdom"
17448938,ELITE TOWERS & SCAFFOLDING LTD,2026-09-09,active,ltd,43991,"24 Knights Way, Camberley, GU15 1EQ, England"
17448881,KYBERNIC LTD,2026-09-09,active,ltd,62020;70229;74909;85590,"71-75 Shelton Street, Covent Garden, London, WC2H 9JQ, United Kingdom"
17448885,MONTROSE ENVIRONMENTAL LTD,2026-09-09,active,ltd,81300,"66 Paul Street, London, England, EC2A 4NA, United Kingdom"
17449110,HOUSE OF BEAR LIMITED,2026-09-09,active,ltd,46420,"2 Exeter Street, Cottingham, East Riding Of Yorkshire, HU16 4LU, England"
17449108,1ST AIRPORT TRANSFERS LTD,2026-09-09,active,ltd,49320;52219;52290,"230 Beechwood Road, Luton, LU4 9RB, England"
17449096,AUTO RECOVER LTD,2026-09-09,active,ltd,58290,"1 Rawsthorne Avenue, Manchester, M18 7GA, United Kingdom"
17449100,PAPU LIMITED,2026-09-09,active,ltd,56103,"254a Milnrow Road, Rochdale, Lancashire, OL16 5BQ, United Kingdom"
SC902089,EXPLORE FLAVOUR LTD,2026-09-09,active,ltd,10890;56290,"1 Ladysmith Road, Edinburgh, EH9 3EX, Scotland"
SC902090,APPLECROSS DISTILLERY LTD,2026-09-09,active,ltd,11010,"5 Shore Street, Applecross, Strathcarron, IV54 8LR, Scotland"
17449104,TRAFFORD LAW SOCIETY,2026-09-09,active,private-limited-guarant-nsc-limited-exemption,94120,"C/O Psg Solicitors, 1 The Downs, Altrincham, Cheshire, WA14 2QD"
17449099,DYLAN LAWN PROPERTIES LIMITED,2026-09-09,active,ltd,68209,"20 Hadfield Place, New Waltham, Grimsby, DN36 4BF, England"
17449279,ORPHENTIK HOLDINGS LTD,2026-09-09,active,ltd,64209,"128 City Road, London, EC1V 2NX, United Kingdom"
17449254,GULLY STUDIO LIMITED,2026-09-09,active,ltd,59112,"1st Floor Spitalfields House, Stirling Way, Borehamwood, Hertfordshire, WD6 2FX, England"
17449258,RASCALS MANCHESTER LIMITED,2026-09-09,active,ltd,96020,"173 Baltic Quay Mill Road, Gateshead, Tyne And Wear, NE8 3QZ, England"
17449257,ALETHIX LTD,2026-09-09,active,ltd,86900,"9 Brockwell Centre, Northumbrian Road, Cramlington, NE23 1XZ, United Kingdom"
17449253,ESWC LIMITED,2026-09-09,active,ltd,62020,"1 Cae Ffynnon, Brackla, Bridgend, CF31 2HG, Wales"
17449261,PORTOBELLO DELI LIMITED,2026-09-09,active,ltd,56103,"99 Portobello Street, Hull, East Yorkshire, HU9 3NP, United Kingdom"
17449270,ESTE SMILE LTD,2026-09-09,active,ltd,86220,"11 Portland Road, Birmingham, West Midlands, B16 9HN, United Kingdom"
17449245,KNEAD AND BREW LIMITED,2026-09-09,active,ltd,56101,"Colinton House, Leicester Road, Bedworth, Warwckshire, CV12 8AB, United Kingdom"
17449246,YOUTH MOTION HUB CIC,2026-09-09,active,private-limited-guarant-nsc,85590;88990,"5 Pen-Y-Cefn, Thornhill, Cardiff, CF14 9AB, Wales"
17449259,YETDAN EMPIRE LTD,2026-09-09,active,ltd,47910;52243;59112;73120,"4 Kingsware Road, Stoke-On-Trent, ST6 2FD, United Kingdom"
17449264,URBAN TAPS LTD,2026-09-09,active,ltd,56302,"307 Cyncoed Road, Cardiff, CF23 6PB, Wales"
17449416,WOOD GREEN SPACE LTD,2026-09-09,active,ltd,68209;68320,"32 Willoughby Road, London, Greater London, N8 0JG, England"
17449418,APEX DIGITAL MARKETING SERVICES LTD,2026-09-09,active,ltd,73110,"7 Wharton Gardens, Winsford, CW7 3AZ, United Kingdom"
17449415,ELECKTECH SOLUTIONS LTD,2026-09-09,active,ltd,47910,"Office 1682, 85 Dunstall Hill, Wolverhampton, WV6 0SR, United Kingdom"
17449414,MITHU TRADERS LTD,2026-09-09,active,ltd,52290,"57 Cambridge Street, Coventry, CV1 5HU, England"
17449411,GALF MOTORS LTD,2026-09-09,active,ltd,45400,"Railway Arch 13 Almond Road, London, SE16 3LR, United Kingdom"
17449412,AVELLON GROUP LTD,2026-09-09,active,ltd,47910,"29 Jack Cornwell Street, London, E12 5NN, United Kingdom"
SC902109,GANNARCHITECTURE LTD,2026-09-09,active,ltd,71111,"15 Farm Road, Dunfermline, KY12 8LD, United Kingdom"
17449429,WEI & CO.PROPERTY LTD,2026-09-09,active,ltd,68209,"71-75 Shelton Street, Covent Garden, London, WC2H 9JQ, United Kingdom"
SC902110,TAYCREST LTD,2026-09-09,active,ltd,47110,"123 Nethergate, Dundee, DD1 4DW, Scotland"
17449420,INFOTECH ANALYTICA LIMITED,2026-09-09,active,ltd,47910;62020;96090,"42 Shirley Gardens, Barking, IG11 9UZ, England"
17449653,CROWNWOOD GROVE (MANAGEMENT COMPANY) LIMITED,2026-09-09,active,private-limited-guarant-nsc,98000,"1 Park Road, Hampton Wick, Kingston Upon Thames, KT1 4AS, United Kingdom"
17449654,RV ASSET DEVELOPMENT LTD,2026-09-09,active,ltd,74201,"31 Majendie Road, London, SE18 7QB, United Kingdom"
17449661,MKS WINDOWS LIMITED,2026-09-09,active,ltd,43320;43342,"10 Havencrest Drive, Leicester, Leicestershire, LE52AG, England"
17449668,IFACE3D LTD,2026-09-09,active,ltd,47910,"82a James Carter Road, Mildenhall, IP28 7DE, United Kingdom"
SC902118,YOUFUZHIZHOU LTD,2026-09-09,active,ltd,56103,"6 Union Road, Grangemouth, FK3 8AB, Scotland"
17449642,BALANCO FREEHOLDS LTD,2026-09-09,active,ltd,68209,"Unit 4 York House, Langston Road, Loughton, IG10 3TQ, England"
17449629,AYZAK RECYCLING LTD,2026-09-09,active,ltd,38110,"Unit 6 Hockneys Industrial Estate, Bradford, BD8 9HQ, United Kingdom"
17449624,WE DRINK SUPPLIES LTD,2026-09-09,active,ltd,46390;47290;56290,"115 London Road, Morden, SM4 5HP, England"
17449637,SKYPRO SERVICES LTD,2026-09-09,active,ltd,43290;68320;82990,"18 Doman Road, Camberley, GU15 3DF, England"
17449619,5-11 HOBSON WAY LIMITED,2026-09-09,active,ltd,68209,"157 Bulford Road, Durrington, Salisbury, SP4 8HA, England"
17449616,ELODA LTD,2026-09-09,active,ltd,74909,"66 Paul Street, London, England, EC2A 4NA, United Kingdom"
17449638,NRG SOLARGUARD LIMITED,2026-09-09,active,ltd,43999,"23 Amherst Road, Hastings, TN34 1TT, England"
17449645,J BISHOP LIMITED,2026-09-09,active,ltd,74100,"15 Ennerdale Grove, Farnham, GU9 0RX, England"
17449656,24/7 APEX MOBILE TYRES LTD,2026-09-09,active,ltd,45320,"165 The Broadway, 165, Highland House The Broadway, London, SW191NE, United Kingdom"
17449818,NINTH RABBIT ENTERTAINMENT LTD,2026-09-09,active,ltd,59111;59113,"124 City Road, London, EC1V 2NX, United Kingdom"
17449831,CALMAR PROPERTIES LTD,2026-09-09,active,ltd,68209,"3 West End, Loughborough, LE12 5DW, United Kingdom"
17449826,QHFX LTD,2026-09-09,active,ltd,70229,"67 Osborne Close, Basingstoke, RG21 5TS, England"
17449829,OAKS CARE SERVICES LTD,2026-09-09,active,ltd,87300,"Suite Ra01 195-197 Wood Street, London, E17 3NU, United Kingdom"
17449813,1 AV PRO HIRE LTD,2026-09-09,active,ltd,77291,"66 Paul Street, London, England, EC2A 4NA, United Kingdom"
17449820,PRIMWAY LTD,2026-09-09,active,ltd,62012;62020;70229;73110,"71-75 Shelton Street, Covent Garden, London, WC2H 9JQ, United Kingdom"
17449817,ENNABAOUI LTD,2026-09-09,active,ltd,47910,"Office 20907 182-184 High Street North, East Ham, London, E6 2JA, United Kingdom"
SC902129,SAHA GLOBAL LIMITED,2026-09-09,active,ltd,45111;45112;45190,"3c Abbey Road, Stirling, FK8 1LH, Scotland"
17450062,MCR TEXTILE LTD,2026-09-09,active,ltd,47910,"3 Bradstone Road, Manchester, M8 8WA, England"
17450061,HUNTERS FOOD LTD,2026-09-09,active,ltd,56290,"254a Sturry Road, Canterbury, CT1 1DT, United Kingdom"
17450048,THE NAKED SAUCE CO LTD,2026-09-09,active,ltd,46170;46320;46330;46380,"38 Richardson Crescent, Waltham Cross, Hertfordshire, EN7 6WZ, United Kingdom"
17450066,STICKLAND FREEHOLD LTD,2026-09-09,active,ltd,68209,"4th Floor 14 Museum Place, Cardiff, CF10 3BH, Wales"
SC902133,SPARKLE FM SOFTWARE LTD,2026-09-09,active,ltd,62012,"Saffery Torridon House, Beechwood Park, Inverness, IV2 3BW, United Kingdom"
17450053,DIZKOV LTD,2026-09-09,active,ltd,68100,"118d Bethune Road, London, N16 5DU, United Kingdom"
17450050,MAVERICKS ENTERTAINMENT LTD,2026-09-09,active,ltd,90010;90020,"10 Croft Lane, Edenbridge, TN8 5BA, England"
17450051,FRONTLINE FASHION GROUP LTD,2026-09-09,active,ltd,47710;47721,"128 City Road, London, EC1V 2NX, United Kingdom"
17450042,LCJ CALLOUTS LTD,2026-09-09,active,ltd,81210,"8 Rosewood Close, Stockbridge Village, Liverpool, L28 5RU, England"
17436656,MIRAI ENTERTAINMENT GROUP LIMITED,2026-09-03,active,ltd,64209;70100;70229;93290,"66 Paul Street, London, EC2A 4NA, England"
17450320,CERTIO SOFTWARE LTD,2026-09-09,active,ltd,62012,"565 Green Lanes, London, N8 0RL, England"
17450317,CANTIO LIMITED,2026-09-09,active,ltd,62011;62012,"173 Monarch Road, St. Neots, PE19 8JP, United Kingdom"
17450338,GOLD INVESTMENTS 2 LTD,2026-09-09,active,ltd,68209,"103 High Street, Waltham Cross, Hertfordshire, EN8 7AN, United Kingdom"
17450328,GARDEN OF HAYATI LTD,2026-09-09,active,ltd,62090,"63 Barclay Road, London, E17 9JH, England"
17450329,LUNA SEN-SCAPES LTD,2026-09-09,active,ltd,41202;43120;43220;43999,"2 Hawthorne Close, Wirral, CH62 9AS, United Kingdom"
17450319,CLAYTON GREEN CAFE LTD,2026-09-09,active,ltd,56102;56103,"4-6 Green End, Bradford, BD14 6BB, United Kingdom"
17450487,UNITED INTERNATIONAL LTD,2026-09-09,active,ltd,46330;46360;46380;46390,"62 Camden Road, London, NW1 9DR, England"
17450483,VELMORIQUE GROUP LTD,2026-09-09,active,ltd,62020;62090,"Flat 06 58 Greek Street, London, W1D 3DY, United Kingdom"
17450486,H INTERNATIONAL LTD,2026-09-09,active,ltd,68209,"66 Paul Street, London, EC2A 4NA, England"
17450484,PEE K ENERGY LTD,2026-09-09,active,ltd,72190,"142 Gregory Boulevard, Nottingham, NG7 5JE, United Kingdom"
17450498,ELEARNING AI LTD,2026-09-09,active,ltd,58290;85600,"Palmeira Avenue Mansions, 19 Church Road, Hove, East Sussex, BN3 2FA, United Kingdom"
17450489,CATENA DIGITAL STUDIO LTD,2026-09-09,active,ltd,58290,"304, 304 Derby Road, Bootle, L208LN, United Kingdom"
17450497,ABEE & CO LIMITED,2026-09-09,active,ltd,64305;68209;96090,"208 Roundhay Road, Leeds, LS8 5AA, England"
17450493,JLCOMMISSIONING SERVICES LIMITED,2026-09-09,active,ltd,71129,"21 Martindale Way, Redcar, TS10 4NL, England"
17450482,MFVA DISTRIBUTIONS LTD,2026-09-09,active,ltd,47910,"41 Sandhill Road, Northampton, NN5 5LH, United Kingdom"
17450531,MILLI CAPITAL PROPERTIES LTD,2026-09-09,active,ltd,68100;68209,"124 City Road, London, EC1V 2NX, United Kingdom"
17450536,ROSE AVENUE STEAMED CHICKEN LIMITED,2026-09-09,active,ltd,56103,"Wycholme Worcester Road, Wychbold, Droitwich, WR9 0DF, England"
17450534,BASHMA HOMES LTD,2026-09-09,active,ltd,68100;68201,"10 Blackthorne Road, Smethwick, B67 6PX, England"
17450537,P.R.ESSEX LIMITED,2026-09-09,active,ltd,93130,"4 Capricorn Centre, Cranes Farm Road, Basildon, Essex, SS14 3JJ, England"
17450535,SANDOR TUROCZI ADVISORY LTD,2026-09-09,active,ltd,66220;82990,"6 Beech Road, Bishops Green, Newbury, RG20 4AD, England"
SC902148,MEMS GEAR LTD,2026-09-09,active,ltd,47910,"36 Spey Walk, Motherwell, ML1 4ST, United Kingdom"
17450543,KEEP ACTIVE FITNESS LIMITED,2026-09-09,active,ltd,93130,"C/O Cooper Accounting Limited Heritage Exchange, 1st Floor, Unit 1a & B, South Lane, Elland, West Yorkshire, HX5 0HG, England"
17450544,BURTON EVENTS ASSETS & HIRE LTD,2026-09-09,active,ltd,70229;77110;77390;90020,"1 Navigation Yard, Chelmsford, CM2 6HZ, England"
17450540,BARBER KIING LTD,2026-09-09,active,ltd,96020,"354 Ovenden Road, Halifax, HX3 5TJ, England"
17450538,NIKI82 LIMITED,2026-09-09,active,ltd,53202;96090,"15a Monkdown, Downswood, Maidstone, ME15 8SP, England"
17450539,THE BLUE SILO DOUGH COMPANY LTD,2026-09-09,active,ltd,56101,"Holly Lodge Annexe Acrise, Folkestone, CT18 8LW, United Kingdom"
17450548,EM AND CO COLLECTIVE LIMITED,2026-09-09,active,ltd,70229,"Coastwise House, 17 Liverpool Road, Worthing, West Sussex, BN11 1SU, United Kingdom"
17450547,TAN LINES TANNING LIMITED,2026-09-09,active,ltd,96020,"23 West View, Chirk, Wrexham, LL14 5HL, Wales"
17450553,VELOCITY CAR GROUP LTD,2026-09-09,active,ltd,45112,"2 Willow Drive, Nelson, BB9 0NB, England"
17450811,WORLDORA LTD,2026-09-09,active,ltd,47910,"195 Wood Street, London, E17 3NU, England"
17450817,SPHINX MARKETING LIMITED,2026-09-09,active,ltd,73110,"Siu Offices, 4 - 6 Greatorex Street, London, E1 5NF, United Kingdom"
17450818,C&C DP LTD,2026-09-09,active,ltd,70221,"2a Old Kent Road, Paddock Wood, Tonbridge, TN12 6JD, England"
17450815,IMPWAY CONNECTIONS LIMITED,2026-09-09,active,ltd,42210,"8 Deerfield Road, March, PE15 9AH, England"
17450845,CHRONA AI LTD,2026-09-09,active,ltd,62012,"71 Rogers Road, London, SW17 0EB, United Kingdom"
17450839,SEBERA LTD,2026-09-09,active,ltd,56103,"167 Ladbroke Grove, London, W10 6HJ, England"
17450838,ETON MOTOR GROUP LTD,2026-09-09,active,ltd,45112,"19 Carlton Road, Slough, SL2 5PX, United Kingdom"
17450849,ASHBURN STONE LTD,2026-09-09,active,ltd,62020,"Old Fire Station Enterprise Centre, Salt Lane, Salisbury, SP1 1DU, England"
17450831,AK.MEET.YOUR.NEEDS (AK.MYN) LTD,2026-09-09,active,ltd,43390;49410;80100;85590,"121 Queens Road, Croydon, CR0 2PT, England"
17450848,SEMERIA LTD,2026-09-09,active,ltd,49390;49410;52103;81210,"143 Star Road, Peterborough, PE1 5HG, England"
SC901260,SUNDAY RAIN LTD,2026-09-02,active,ltd,90030,"3 Yarrow Court, Cambuslang, Glasgow, G72 7YE, Scotland"
17450909,FULFILMENT LTD,2026-09-10,active,ltd,82990,"167-169 Great Portland Street, 5th Floor, London, W1W 5PF, England"
17450913,FUTURE MOBILITY PARTNERS GLOBAL LIMITED,2026-09-10,active,ltd,70229,"124-128 City Road, London, EC1V 2NX, England"
17450904,DREAMOWNERSCLUB LTD,2026-09-10,active,ltd,47910;59111;82301,"66 St. Johns Road, Birmingham, B11 3SQ, United Kingdom"
17450906,CHRISMA MEDICAL GROUP LTD,2026-09-10,active,ltd,86900,"15 Merryhill Road, Bracknell, RG42 2DN, England"
17450905,RAINBOW-GOGO LTD,2026-09-10,active,ltd,47910,"462 Abbey Road, Belvedere, DA17 5DL, England"
17450910,TAQI & CO. LIMITED,2026-09-10,active,ltd,47910,"191 Tallants Road, Coventry, CV6 7FQ, England"
17451035,SARIM WARRAICH LTD,2026-09-10,active,ltd,47910,"22 Wood Lane, Slough, SL1 9EA, England"
17451036,FARBROOK DEVELOPMENT LTD,2026-09-10,active,ltd,70229;71129,"39 The Metro Centre, Tolpits Lane, Watford, Hertfordshire, WD18 9SB, England"
17451026,SPEEDFX GLOBAL MARKETS LTD,2026-09-10,active,ltd,63120;73110,"128 City Road, London, EC1V 2NX, United Kingdom"
17451028,FAIRFIX ROOFING LTD,2026-09-10,active,ltd,43910,"195 Wood Street, London, E17 3NU, England"
17451025,UNAVELTE LIMITED,2026-09-10,active,ltd,47429,"22 Garden Terrace, Crigglestone, Wakefield, WF4 3HJ, United Kingdom"
17451027,FARM LAND INVEST LTD,2026-09-10,active,ltd,68100,"Unit 8 Bracken Industrial Estate, Ilford, Greater London, IG6 3HX, United Kingdom"
17451033,RM AVIATION CONSULTANCY LTD,2026-09-10,active,ltd,70229;82990,"2 Kings Court, Harwood Road, Horsham, RH13 5UR, United Kingdom"
17451037,AZUR 3D LTD,2026-09-10,active,ltd,62012;74100,"61 Bridge Street, Kington, HR5 3DJ, United Kingdom"
17451157,AMIRAPU HOLDINGS LIMITED,2026-09-10,active,ltd,64209,"Office 2, Tweed House, Park Lane, Swanley, BR8 8DT, England"
17451142,THE LIVE EXPERTS LIMITED,2026-09-10,active,ltd,47990,"12 Torre Green, Leeds, LS9 7RL, England"
17451139,HUNAN PARACE LIMITED,2026-09-10,active,ltd,47820,"41 Longhoughton Avenue, Ebbsfleet Valley, Swanscombe, DA10 1FU, England"
17451144,TIDESHIFT MARITIME CONSULTING LTD,2026-09-10,active,ltd,84220,"34 Parkstone Avenue, Southsea, PO4 0QZ, United Kingdom"
17451171,JJ ECOM SCALE LIMITED,2026-09-10,active,ltd,47910,"45 Albemarle Street, London, W1S 4JL, England"
17451176,HOUNDSWOOD GATE LIMITED,2026-09-10,active,private-limited-guarant-nsc,98000,"45 Penscroft Gardens, Borehamwood, WD6 2QZ, England"
17451174,3.33AM LIMITED,2026-09-10,active,ltd,47910;72110;72190,"71-75 Shelton Street, Covent Garden, London, WC2H 9JQ, United Kingdom"
17451179,500 CLUB HOLDINGS LIMITED,2026-09-10,active,ltd,64205;74909,"Apartment 805 Jacquard Point 5 Tapestry Way, London, E1 2FQ, England"
17451305,RELAY ENERGY LIMITED,2026-09-10,active,ltd,35140;77320,"Stonegarth West End, Ampleforth, York, YO62 4DY, England"
17451308,NORTHVALE MST LTD,2026-09-10,active,ltd,47910,"Flat 7 Datchet House, Virginia Road, London, E2 7ND, England"
17451293,CWH ELECTRICAL LTD,2026-09-10,active,ltd,43210,"7a Fearnhead Close, Bolton, BL4 8BX, United Kingdom"
17451294,PREMIER HEATING SOLUTIONS CUMBRIA LIMITED,2026-09-10,active,ltd,43220,"18a Roper Street, Workington, CA14 3BU, United Kingdom"
17451494,ELLIS PROPERTY & HOLDINGS LTD,2026-09-10,active,ltd,41100,"Cwtrwm, Llanfachraeth, Holyhead, LL65 4YB, Wales"
17451490,AI REACTOR LIMITED,2026-09-10,active,ltd,62020;62090;70229;73110,"66 Paul Street, London, EC2A 4NA, United Kingdom"
17451495,ALDAYF LTD,2026-09-10,active,ltd,56102;70229,"Flat 40a Neath Rd, Swansea, SA1 2ES, United Kingdom"
17451485,BEAR BIDCO LIMITED,2026-09-10,active,ltd,68100,"Level 25, One Canada Square, London, E14 5AA, England"
17451484,AVENDRIS TECHNOLOGIES LIMITED,2026-09-10,active,ltd,62020,"5 Brayford Square, London, E1 0SG, United Kingdom"
SC902222,THE CLEANING EDIT LTD,2026-09-10,active,ltd,81210,"20 Burnett Avenue, Dumfries, DG2 9NQ, United Kingdom"
SC902231,FAIROVI LTD,2026-09-10,active,ltd,47910,"144 Braidfauld Street, Glasgow, G32 8PJ, Scotland"
17451524,GRD TECHNOLOGIES LTD,2026-09-10,active,ltd,62012;62020;70229,"Bartle House, 9 Oxford Court, Manchester, M2 3WQ, England"
17451527,HESTAN HOLDINGS LIMITED,2026-09-10,active,ltd,68100;68209,"Honeysuckle House Lower Heath Farm Lower Heath, Prees, Whitchurch, SY13 2BQ, United Kingdom"
17451530,QRSTRAINING LTD,2026-09-10,active,ltd,71122;74909;85590;86900,"Flat 9, 15, Silverwood Court Milton Road, Bournemouth, BH8 8FF, United Kingdom"
17451531,WESTBRIDGE.OA LIMITED,2026-09-10,active,ltd,47990,"Office 20965 182-184 High Street North, East Ham, London, E6 2JA, United Kingdom"
17451522,SOUTHWEST HOUSE NOMINEES LTD,2026-09-10,active,ltd,64304,"Southwest House, 11a Regent Street, London, SW1Y 4LR, United Kingdom"
17451528,TKCOMM LTD,2026-09-10,active,ltd,47990,"Woodlands Freshwater East Road, Lamphey, Pembroke, SA71 5JX, Wales"
17451526,PAYTON HOUSE LTD,2026-09-10,active,ltd,68209,"13 Rossall Road, Thornton-Cleveleys, FY5 1AP, United Kingdom"
SC902229,ARCHIVE247CLOTHING LIMITED,2026-09-10,active,ltd,46420,"Grand Oaks North Doll, Moss Road, Falkirk, FK2 8RX, Scotland"
17451523,CFO BUZZ LTD,2026-09-10,active,ltd,69201;70221,"Albany House, 14 Shute End, Wokingham, RG40 1BJ, England"
17451717,LAKSHMI INTERIORS LTD,2026-09-10,active,ltd,47910,"Unit 10, Enterprise Court, Amy Johnson Way, Blackpool, FY4 2RW, United Kingdom"
17451724,XINGYUN6688 LTD,2026-09-10,active,ltd,56103,"242 Deane Church Lane, Bolton, BL3 4EW, England"
17451725,SELO PROPERTY LTD,2026-09-10,active,ltd,68209;68320;82990,"1 Brook Road, Brentwood, CM14 4PT, England"
17451713,PATCH APPAREL LTD,2026-09-10,active,ltd,14190;46420;47710;47910,"240 Worple Road, London, SW20 8RH, England"
17451869,RENEE ASHLEIGH INVESTMENTS LIMITED,2026-09-10,active,ltd,82990,"71-75 Shelton Street, Covent Garden, London, WC2H 9JQ, United Kingdom"
17451866,MI SPORTS EQUIPMENT LTD,2026-09-10,active,ltd,46180,"14 Sycamore Close, Blackburn, BB1 9TD, United Kingdom"
17451868,MYDE TECH LTD,2026-09-10,active,ltd,45310;46150;46190;95210,"Unit A 82 James Carter Road, Mildenhall,, Bury St Edmunds,, IP28 7DE, United Kingdom"
17451872,ASHMAAN NW LIMITED,2026-09-10,active,ltd,56101,"28-30 Wilbraham Road Wilbraham Road, Fallowfield, Manchester, M14 7DW, United Kingdom"
17451870,GROWTH AVENUE LTD,2026-09-10,active,ltd,73110,"35 Craven Terrace, London, W2 3EL, England"
17451915,ITEC HUB LIMITED,2026-09-10,active,ltd,62012;62020;62090;63120,"71-75 Shelton Street, Covent Garden, London, WC2H 9JQ, United Kingdom"
17451911,HELEVATE LTD,2026-09-10,active,ltd,90020,"Office 30 Greenbox Westonhall Road, Stoke Prior, Bromsgrove, B60 4AL, England"
17451914,AYSE E-COMMERCE LTD,2026-09-10,active,ltd,47910,"71-75 Shelton Street, Covent Garden, London, WC2H 9JQ, United Kingdom"
17451912,FREE ASSOC LIVE UK LIMITED,2026-09-10,active,ltd,64209,"124 Finchley Road, London, NW3 5JS, England"
17451969,OTHMAN OMAR OTHMAN ALKARIM COMPANY LTD,2026-09-10,active,ltd,46900,"2nd Floor College House, 17 King Edwards Road, Ruislip, London, HA4 7AE, United Kingdom"
17451964,KHUSHI DIGITAL SOLUTIONS LIMITED,2026-09-10,active,ltd,62012;62020;62090;70229,"128 City Road, London, EC1V 2NX, United Kingdom"
SC902278,NXTHALL LTD,2026-09-10,active,ltd,62012;63120,"48 West George Street, Glasgow, Glasgow City, G2 1BP, United Kingdom"
17452027,KATHU ESTATE LIMITED,2026-09-10,active,ltd,65120,"3 Castlegate, Grantham, Lincolnshire, NG31 6SF, England"
17452028,BUTTONS & BOWS (FERNDOWN) LIMITED,2026-09-10,active,ltd,47789,"392 Christchurch Road, Ferndown, BH22 8SW, United Kingdom"
17452099,POWER3D TRADING LTD,2026-09-10,active,ltd,47910,"41 Deepdene Vale, Dorking, RH4 1NJ, United Kingdom"
17452172,MMTH LIMITED,2026-09-11,active,ltd,68100,"Unit 8 The Old Dairy Farm, Main Street, Upper Stowe, Northamptonshire, NN7 4SH, England"
17452159,WS ESTATES SOUTH EAST LIMITED,2026-09-11,active,ltd,41202,"Swm Offices Headcorn Road, Biddenden, Ashford, TN27 8JY, England"
17452166,EVOKEAGENCY LTD,2026-09-11,active,ltd,63120,"Caravan 10 Plot 1, 10, Sunset Park Homes Whitfield Road, Brackley, NN13 5TD, United Kingdom"
17452161,TOM KELLY PROPERTY LTD,2026-09-11,active,ltd,68209,"2 Leman Street, London, E1W 9US, United Kingdom"
17452163,SHARAY TECH LTD,2026-09-11,active,ltd,58290;62012;62020;63110,"128 City Road, London, EC1V 2NX, United Kingdom"
17452285,NAOMI HOLDINGS LTD,2026-09-11,active,ltd,68100,"C/O 32 Castlewood Road, London, N16 6DW, England"
17452273,NORTHVALE BUSINESS SUPPORT LTD,2026-09-11,active,ltd,82990,"3 Webbs Cottages, Stratford Road, Chipping Campden, GL55 6SW, United Kingdom"
17452272,EPONA VERIFIED LTD,2026-09-11,active,ltd,62020,"Catchdale Moss House Farm, Catchdale Moss Lane, St. Helens, WA10 5QJ, England"
17452279,EVERGREEN SOLAR LTD,2026-09-11,active,ltd,99999,"162-168 High Street, Rayleigh, Essex, SS6 7BS, England"
17452276,ABBY NASTY CAKE LIMITED,2026-09-11,active,ltd,47240,"7 Greenhill Avenue, Farnworth, Bolton, BL4 9ND, England"
17452274,ORBIT MERCHANTS LTD,2026-09-11,active,ltd,47190;47410;47710;47910,"61 Bridge Street, Kington, HR5 3DJ, United Kingdom"
17452434,WEAR MOUWE LIMITED,2026-09-11,active,ltd,47910;85510,"124 City Road, London, EC1V 2NX, England"
17452476,PROJEKT DESIGN LTD,2026-09-11,active,ltd,58290;62012;62020,"128 City Road, London, EC1V 2NX, United Kingdom"
17452475,OUSHK CLINICAL LTD,2026-09-11,active,ltd,47730;86900,"Unit 5a Hadfield House, Gordon Street, Stockport, SK4 1RS, England"
17452635,CROWN SWEETS LIMITED,2026-09-11,active,ltd,46390,"120 Church Street, Preston, PR1 3BT, England"
17452617,JAFR EXPRESS LIMITED,2026-09-11,active,ltd,52241;52242;52243,"106 St. Thomas Road, Derby, DE23 8SW, England"
17452637,MBU PROPERTY LTD,2026-09-11,active,ltd,68100;68201;68209;68320,"94 Saunton Road, Hornchurch, RM12 4HB, England"
17452615,SLIPWAY SERVICES LTD,2026-09-11,active,ltd,49410,"66 Paul Street, London, EC2A 4NA, England"
17452609,INTELLIGENTSOFT LTD,2026-09-11,active,ltd,62012;62020,"27 Arnesby Avenue, Sale, M33 2NJ, England"
17452614,KEW WORKS HOLDINGS LTD,2026-09-11,active,ltd,64209,"292 Nelson Road, Twickenham, TW2 7BW, England"
17452656,CART & CRUNCH LTD,2026-09-11,active,ltd,56102;56103;56210,"403 Cutter Court Tide Street, Barking, IG11 7XB, England"
17452636,UK STAGE WORKS LTD,2026-09-11,active,ltd,90020,"11 Coed Gethin, Caerphilly, CF83 2AE, Wales"
17452642,PIZZA INN ROTHLEY LIMITED,2026-09-11,active,ltd,56103,"6 Woodgate, Rothley, Leicester, LE7 7LJ, England"
17452648,WALKER AND CO PROPERTY LTD,2026-09-11,active,ltd,41100;68100;68209,"3 Rowland Avenue, Mapperley, Nottingham, NG3 6BZ, England"
17452679,LITTLE ANGELS AT KGV LTD,2026-09-11,active,ltd,85100,"82 Brayfield Road, Littleover, Derby, DE23 6GT, England"
17452675,SEHAHL LTD,2026-09-11,active,ltd,85200,"195 Wood Street, London, E17 3NU, United Kingdom"
17452606,M&J PROPERTY RENOVATION LTD,2026-09-11,active,ltd,68209,"The Old Bakery 3a King Street, Delph, Saddleworth, Lancashire, OL3 5DL, United Kingdom"
NI743671,COMMERCIAL SOURCE LTD,2026-09-11,active,ltd,45190,"22 Lord Moira Park, Ballynahinch, BT24 8TF, Northern Ireland"
SC902301,STUDIO333PILATES LTD,2026-09-11,active,ltd,93130,"47 Leven Road, Lundin Links, Leven, KY8 6AJ, Scotland"
17452583,UNIVERS SYSTEMS LIMITED,2026-09-11,active,ltd,62090,"Flat 35 Erin Court, 94 Walm Lane, London, NW2 4QA, England"
NI743675,WARREN PROPERTIES IRELAND LIMITED,2026-09-11,active,ltd,41202,"3 Burren Hill, Warrenpoint, Newry, BT34 3RF, Northern Ireland"
17452574,CRAFTING COMMUNICATION LTD,2026-09-11,active,ltd,86900,"5 Dove Road, Pickering, YO18 7UD, England"
SC902295,BALLA TECH LTD,2026-09-11,active,ltd,61900;62012;62090;63120,"5 South Charlotte Street, Edinburgh, EH2 4AN, United Kingdom"
17452618,N W HOWE & SON LTD,2026-09-11,active,ltd,43390,"Wilnor Chalk Hill, Great Cressingham, Thetford, Norfolk, IP25 6NP, United Kingdom"
17452644,MAHDI MART LTD,2026-09-11,active,ltd,47910;47990;70229,"53 Cleavers Avenue, Milton Keynes, MK14 7BT, England"
17452651,KHANS CORPORATION LTD,2026-09-11,active,ltd,14190;46420;47910,"19a Broomfield Road, Romford, RM6 6JT, United Kingdom"
17452670,PATIENT GOOSE LIMITED,2026-09-11,active,ltd,70229,"Lavershot Cottage, London Road, Windlesham, GU20 6LF, England"
17452580,ABAYA COLLECTIVE LTD,2026-09-11,active,ltd,47710;47910,"34 Victoria Street, Billinghay, Lincoln, LN4 4HQ, England"
17453033,HIMALAYAN TAVERN LTD,2026-09-11,active,ltd,47190,"149 Spon Lane, West Bromwich, Birmingham, West Midlands, B70 6AS, England"
17453040,TAI2WEALTH LTD,2026-09-11,active,ltd,46410,"28 Kilmarnock Grove, Heywood, OL10 3FW, United Kingdom"
OE035301,CC BIRKIN LODGE JERSEY LIMITED,2026-09-11,registered,registered-overseas-entity,,"44 Esplanade, St Helier, JE4 9WG, Jersey"
17453030,SENCIX LTD,2026-09-11,active,ltd,62012;62020;62090,"167 - 169 Great Portland Street, 5th Floor, London, W1W 5PF, England"
17453037,ARK SANCTUARY LTD,2026-09-11,active,ltd,87900,"Grove House Third Floor, 55 Lowlands Road, Harrow, HA1 3AW, England"
17453041,DYLIS MEDIA LTD,2026-09-11,active,ltd,73110,"4 Newmans Row, Lincoln Road, High Wycombe, HP12 3RE, United Kingdom"
17453247,GYM COUNTY LTD,2026-09-11,active,ltd,47820,"10 Western Road, Romford, RM1 3JT, United Kingdom"
17453255,SPARKLINGINNIE LTD,2026-09-11,active,ltd,86210;86900,"C/O Aacsl Accountants Limited, 1st Floor North Westgate House, Harlow,Essex, CM20 1YS, United Kingdom"
17453214,SIMKIN ASSOCIATES LIMITED,2026-09-11,active,ltd,74901,"69 Chestnut Road, Loggerheads, Market Drayton, TF9 4RA, England"
17453219,SALINA TRANSPORTATION LIMITED,2026-09-11,active,ltd,49320,"198 Caledonian Road, London, N1 0SQ, United Kingdom"
17453216,PF DEVELOPMENTS LTD,2026-09-11,active,ltd,41100,"8 St. Georges Road, Addlestone, KT15 2AY, England"
17453222,PIZZA DEALER LTD,2026-09-11,active,ltd,56103,"41 Duesbery Street, Hull, HU5 3QE, England"
SC902365,MLC ORBITL LTD,2026-09-11,active,ltd,70229,"Regent House, Blackness Road, Linlithgow, West Lothian, EH49 7HU, United Kingdom"
17453209,LIGHTBOWNE STORES LIMITED,2026-09-11,active,ltd,47110;53100,"190-192 Lightbowne Road, Moston, Manchester, M40 5EE, England"
17453204,MOA TRADING GROUP LTD,2026-09-11,active,ltd,47910,"37 Wordsworth Way, Dartford, DA1 5NY, United Kingdom"
17453220,HIGH ROCK RADIOLOGY LTD,2026-09-11,active,ltd,75000,"2 Laurel House 1 Station Road, Worle, Weston-Super-Mare, North Somerset, BS22 6AR, United Kingdom"
17453248,E.F MAINTENANCE LTD,2026-09-11,active,ltd,43210,"92 C/O Brooke And Co Accounting, 92 Woodcroft, Harlow, Essex, CM18 6YA, United Kingdom"
17453225,JAMES HOLBOROW CREATIVE LTD,2026-09-11,active,ltd,74100,"18 Oxenford Street, London, SE15 4DE, England"
17453226,CORPHAUS LTD,2026-09-11,active,ltd,62012;63120;68310,"77 Sunny Gardens Road, London, NW4 1SJ, England"
17453231,B HUTCHINSON LTD,2026-09-11,active,ltd,52290,"122 West Lane, Middlesbrough, TS5 4EJ, United Kingdom"
17453246,CLAPTON RIVIERA LTD,2026-09-11,active,ltd,46190;70229,"124 City Rd,, London, EC1V 2NX, United Kingdom"
17453251,PREMIUM SPRAYING LTD,2026-09-11,active,ltd,43341,"46 Eltham Road, West Bridgford, Nottingham, NG2 5JN, England"
17453237,ADAAM LTD,2026-09-11,active,ltd,52290,"29, 29 Westfield Lane, Bradford, BD19 6DB, United Kingdom"
17453238,MOCA DELIVERS LTD,2026-09-11,active,ltd,49410,"116 Albert Road, Birmingham, B21 9JU, England"
17453240,PORT PROPERTY DEVELOPMENT LTD,2026-09-11,active,ltd,41100,"38 Eccleston Avenue, Ellesmere Port, CH66 3LT, United Kingdom"
17453538,SIVAPALAN MORGAN LIMITED,2026-09-11,active,ltd,69201,"168 City Road, Cardiff, CF24 3JE, Wales"
17453548,LOCAL TRADE PVT LTD,2026-09-11,active,ltd,47110,"Flat 74, 6 Chandlers Avenue, London, SE10 0GE, United Kingdom"
17453547,FLEVAN LTD,2026-09-11,active,ltd,64999;68209;69201;82990,"20 Wenlock Road, London, N1 7GU, England"
17453554,EJK ADVISORY LTD,2026-09-11,active,ltd,70229,"10 Welsh Road, Balsall Common, Coventry, CV7 7QZ, England"
17453539,ASSOCIATION OF SURGEONS IN PRIMARY CARE CIC,2026-09-11,active,private-limited-guarant-nsc,86210,"4 Mitchell Court, Rugby, CV23 0UY, England"
17453528,SOFIA’S HOME ESSENTIALS LTD,2026-09-11,active,ltd,47620,"Flat 4, B Block, Vauxhall Bridge Road, London, SW1V 1TB, United Kingdom"
17453525,BROMBOROUGH GOLF CLUB LIMITED,2026-09-11,active,private-limited-guarant-nsc,93110,"Bromborough Golf Club, Raby Hall Road, Birkenhead, Wirral, CH63 0NW, United Kingdom"
17453541,PERI PIT LIMITED,2026-09-11,active,ltd,56103,"912 Chester Road, Stretford, Manchester, M32 0PA, England"
17453542,GOODNIVA LTD,2026-09-11,active,ltd,59112;62012;63120;74202,"Co-Bam House, Pleasant Street, Stoke-On-Trent, ST6 3DL, England"
17453529,ISTANBUL CHARGRILL LIMITED,2026-09-11,active,ltd,56102;56103,"290 Manchester Road East, Little Hulton, Manchester, M38 9WQ, England"
17453526,BILAL’S WORLD LTD,2026-09-11,active,ltd,47910,"17 Collin Street, Warrington, WA5 1TG, United Kingdom"
SC902373,LINLITHGOW CATERING & EVENT LTD,2026-09-11,active,ltd,56210,"12 Lambert Crescent, Stirling, FK8 1XZ, Scotland"
17453703,G&B INVESTMENT HOLDINGS LTD,2026-09-11,active,ltd,64209,"Homme Farm, Hom Green, Ross-On-Wye, Herefordshire, HR9 7TF, United Kingdom"
17453705,BLYTON HOUSE (BEACONSFIELD) MANAGEMENT COMPANY LIMITED,2026-09-11,active,private-limited-guarant-nsc,98000;99999,"Fisher House, 84 Fisherton Street, Salisbury, Wiltshire, SP2 7QY, England"
17453709,CORE SPV 2 LTD,2026-09-11,active,ltd,41100;41202;68209,"13 Denton Village, Peterborough, PE7 3SD, England"
17453702,ZARACH APPAREL LIMITED,2026-09-11,active,ltd,14110,"38 Pullman Close, Ramsgate, CT12 6BT, England"
17453729,BEZ GROUP LTD,2026-09-11,active,ltd,70229;73110,"71-75 Shelton Street, Covent Garden, London, WC2H 9JQ, United Kingdom"
17453732,POURFINDER LTD,2026-09-11,active,ltd,62012;63120,"71-75 Shelton Street, Covent Garden, London, WC2H 9JQ, United Kingdom"
17453713,SS OFFSHORE SERVICES LIMITED,2026-09-11,active,ltd,43999,"43 Nunnington Close, Ingleby Barwick, Stockton-On-Tees, TS17 0TZ, England"
17453711,KTM DEVELOPMENTS LTD,2026-09-11,active,ltd,41202,"1 Tenterfield Terrace, Todmorden, OL14 5TQ, England"
17453716,SOTERIA CONSULTANCY LTD,2026-09-11,active,ltd,88990,"52 Staining Road, Blackpool, FY3 0AG, United Kingdom"
17453720,MGV AUTO PARTS LIMITED,2026-09-11,active,ltd,45320,"Sunny Bank, 12 Albion Road, Chesterfield, S40 1LJ, United Kingdom"
17453941,ISLAND GIRL LTD,2026-09-11,active,ltd,47910,"59 Kingsfield Drive, Enfield, EN3 6UA, England"
SC902403,BRIARWOOD INTERNATIONAL LTD,2026-09-11,active,ltd,47760,"48 West George Street, 2nd Floor, Suite 2, Glasgow, G2 1BP, Scotland"
17453958,ROTISERIA HOLDINGS LIMITED,2026-09-11,active,ltd,56101,"31 Rathbone Place, London, W1T 1JH, England"
17453953,BURSTALLS SOLICITORS LIMITED,2026-09-11,active,ltd,69102,"26 South St. Marys Gate, Grimsby, DN31 1LW, England"
17453960,LAUDATUS LTD,2026-09-11,active,ltd,47910;62012,"71-75 Shelton Street, Covent Garden, London, WC2H 9JQ, United Kingdom"
17453955,COUNTY DESIGNS HOLDINGS LTD,2026-09-11,active,ltd,64209,"4 Simmons Green, Hayling Island, Hampshire, PO11 9PP, United Kingdom"
17453959,SMARTGRID D M ENERGY LIMITED,2026-09-11,active,ltd,43210,"63 Crabtree Avenue, Wembley, HA0 1LW, England"
17453956,MARS ENG. LTD,2026-09-11,active,ltd,33120;71129,"1 Heathview Cottage, Hamble Lane, Southampton, SO31 8BR, United Kingdom"
17453952,LILIAS OLIVIA AHMEIRA LTD,2026-09-11,active,ltd,99999,"Scrapton Farm Scrapton Lane, Wadeford, Chard, Somerset, TA20 3AT, England"
17453947,STABLE PROPERTY MANAGEMENT LTD,2026-09-11,active,ltd,68100,"19 Crossgate Peth, Durham, DH1 4PZ, England"
17453966,MONSTER REPACKS LTD,2026-09-11,active,ltd,47910,"22 Redruth Close, Plymouth, PL5 4PD, United Kingdom"
17453949,SOMERSET CREATIONS LTD,2026-09-11,active,ltd,31020,"30 Church Road, Trull, Taunton, TA3 7LG, England"
17453951,TR INVESTMENT PROPERTIES LTD,2026-09-11,active,ltd,68100,"29 Shaftesbury Lane, Coulsdon, CR5 3FS, England"
17453946,PUUF LTD,2026-09-11,active,ltd,47910,"60 Bedford Road, Hessle, HU13 9DQ, United Kingdom"
17453962,CAGRI TECHNIC LIMITED,2026-09-11,active,ltd,80200,"2 Stainton Road, Enfield, EN3 5JS, England"
17453964,PURPOSE BLUEPRINT LTD,2026-09-11,active,ltd,85590,"128 City Road, London, EC1V 2NX, United Kingdom"
17454250,GALLAGHER COLLECTIVE LTD,2026-09-11,active,ltd,96090,"Suite 5 Idb House, 70 Savile Street East, Sheffield, South Yorkshire, S4 7UQ, United Kingdom"
17454258,MLBRICKS LIMITED,2026-09-11,active,ltd,62012;72190,"6 Kings Road, London, E6 1DY, England"
17454255,SWITHENBNK GROUNDWORKS & CONSTRUCTION LTD,2026-09-11,active,ltd,42990,"14 Southbrook Terrace, Bradford, BD7 1AD, England"
17454234,LUMINMEDICA LTD,2026-09-11,active,ltd,74909,"26 Claygate Road, Cambridge, CB1 9JZ, England"
17454233,HIDDEN SYSTEMS TECHNOLOGIES LIMITED,2026-09-11,active,ltd,62012,"23 Rosary Gardens, London, SW7 4NJ, England"
17454236,EUTOPIA GROUP LTD,2026-09-11,active,ltd,63120;73110;93199,"Mentor House, Ainsworth Street, Blackburn, BB1 6AY, England"
17454265,KT ROOFING CONTRACTORS LTD,2026-09-11,active,ltd,43910,"78 Golders Green Road, London, NW11 8LN, England"
17454269,ASSUREVALE LTD,2026-09-11,active,ltd,41202;43290,"23 Meadow Gardens, Oakley, Basingstoke, RG23 7RE, England"
17454270,VERTOX LAB LTD,2026-09-11,active,ltd,62012;62020;62090;63110,"82a James Carter Road, Mildenhall, Bury St. Edmunds, IP28 7DE, England"
17454274,SEVEN UK LOGISTICS LTD,2026-09-11,active,ltd,49410,"2 Avery Road, Smethwick, Sandwell, West Midlands, B66 2LR, England"
17454249,ASR WEST YORKSHIRE LIMITED,2026-09-11,active,ltd,64209,"The Crescent Dental & Implant Centre Asr Finance Office, The Crescent, Selby, YO8 4PE, United Kingdom"
17454254,BLUE WHALE PROPERTY INVESTMENT LTD,2026-09-11,active,ltd,68100;68209;68320,"6 Sheridan Way, Wokingham, RG41 3AP, England"
17454257,NORFOLK HONEY BEES LTD,2026-09-11,active,ltd,01490;47290;47910,"124-128 City Road, London, EC1V 2NX, England"
17454272,FLYNN RAIL SERVICES LTD,2026-09-11,active,ltd,42120;43999,"20 Wenlock Road, London, N1 7GU, England"
17454721,ALLEGRO CAPITAL MANAGEMENT LIMITED,2026-09-11,active,ltd,64209,"10 Beech Court Wokingham Road, Hurst, Reading, Berkshire, RG10 0RQ, England"
17454699,GUSTUL STORE LTD,2026-09-11,active,ltd,47190,"206a Lea Road, Wolverhampton, WV3 0LE, England"
17454701,PRIME PLOT LIMITED,2026-09-11,active,ltd,68209,"102 High Road, Chigwell, Essex, IG7 6PJ, United Kingdom"
17454707,STAIRCASE RADIO LTD,2026-09-11,active,ltd,63120,"6 The Street, Crudwell, SN16 9ES, United Kingdom"
17454719,ATTIYA PROPERTIES LIMITED,2026-09-11,active,ltd,68100,"Unit 18a Bourne Court, Southend Road, Woodford Green, IG8 8HD, England"
17454722,OPTICS & AI LTD,2026-09-11,active,ltd,86900,"66 Paul Street, London, England, EC2A 4NA, United Kingdom"
17454720,EMAAN HAIR EXTENSIONS LTD,2026-09-11,active,ltd,47910,"128 City Road, London, EC1V 2NX, United Kingdom"
17454709,GAUTIER STUDIO LTD,2026-09-11,active,ltd,68320;74100,"45 Albemarle Street, London, W1S 4JL, England"
17454772,ALTERIQUE LIMITED,2026-09-11,active,ltd,81299,"29 Queens Road, London, E17 8PY, England"
17454778,ONARA LTD,2026-09-11,active,ltd,47910,"71 Kimberley Road, Smethwick, B66 2DA, United Kingdom"
17454968,R&L CONSTRUCTION AND BUILDING LTD,2026-09-12,active,ltd,41202,"28 Freemans Road, Nottingham, NG4 3BN, United Kingdom"
17454967,KULWINDERSINGH LTD,2026-09-12,active,ltd,49410,"18 Charlotte Close, Oldbury, B69 2LZ, United Kingdom"
17454973,HANGARJETS LTD,2026-09-12,active,ltd,47990,"60 Gresham Road, Hounslow, TW3 4BU, England"
17455200,SPENSON ELLIS PROPERTIES LTD,2026-09-12,active,ltd,41202;68100;68209,"Peace & Plenty Station Road, Harvington, Evesham, WR11 8NJ, England"
17455202,NHARI ESTATES LTD,2026-09-12,active,ltd,68100;68209,"17 Rosecroft Drive, Langstone, Newport, NP18 2LQ, Wales"
17455203,T ROWE HOLDINGS LIMITED,2026-09-12,active,ltd,64209,"First Floor Flat, 48 Gloucester Terrace, London, W2 3HH, United Kingdom"
17455210,JYTR LTD,2026-09-12,active,ltd,47910,"7 Burnfort Road, Newport, NP20 3GU, Wales"
17455201,DENT CARE EXETER LTD,2026-09-12,active,ltd,45200,"47 Holwill Close, Alphington, Exeter, EX2 0AJ, England"
17455204,SSK SIGNATURE PROPERTIES LTD,2026-09-12,active,ltd,68209,"3 Alexander Close, Kidlington, OX5 2FG, England"
17455212,HIGHAM ENGINEERING LTD,2026-09-12,active,ltd,71129,"8 Cartmel Avenue, Wigan, WN1 2HD, England"
SC902443,DOJE PROPERTY LIMITED,2026-09-12,active,ltd,55209;68209,"52 Spey Court, Stirling, FK7 7QZ, Scotland"
17455219,AFROLINK BEAUTYHUB LTD,2026-09-12,active,ltd,62012;96020,"3 Wheatley Road, Norwich, NR2 3UQ, United Kingdom"
17443232,HSR PERFORMANCE LTD,2026-09-07,active,ltd,45112,"2 Viking Road, Southall, UB1 2AT, England"
17455217,HINOKI GLOBAL LTD,2026-09-12,active,ltd,70229,"11 Wareham Close, Hounslow, TW3 3PX, England"
17455218,AL FAWZ LTD,2026-09-12,active,ltd,85520,"150 Lambeth Street, Blackburn, BB1 1SN, England"
17455318,LEVADA LETTINGS LTD,2026-09-13,active,ltd,68310;68320,"217 Perry Road, Nottingham, NG5 1GN, United Kingdom"
17455309,STUDIO ALTER LTD,2026-09-13,active,ltd,71111,"30 Churchill Place, London, E14 5RE, United Kingdom"
17455335,CHICKERELL STORES LIMITED,2026-09-13,active,ltd,47110,"26 Cullis House 1 Accolade Avenue, Southall, UB1 1FH, England"
17455336,TRUCKAURA LTD,2026-09-13,active,ltd,47910;52290,"46 Hughes Street, Bolton, BL1 3HF, England"
17455324,H TRANSPORT SOLUTIONS LTD,2026-09-13,active,ltd,49320;49390,"4 Salem Hill, Sunderland, SR2 8HD, England"
17437935,RUMOUR LEASE CO LIMITED,2026-09-04,active,ltd,56101,"42 Glenthorne Road, London, W6 0LS, England"
17437934,AWILLIAMS CONSULTANCY LIMITED,2026-09-04,active,ltd,82990,"10 East Downs Road, Cheadle, SK8 5ES, United Kingdom"
17437939,"DAN NADIN PLUMBING, HEATING & ELECTRICAL LIMITED",2026-09-04,active,ltd,43210;43220,"30 Brodsworth Way, Rossington, Doncaster, DN11 0FD, England"
17437898,UNHRD LTD,2026-09-04,active,ltd,47820,"31d Holton Road, Y Barri, CF63 4HA, United Kingdom"
17437941,DERMIS DESSERT LTD,2026-09-04,active,ltd,47750;47910,"71-75 Shelton Street, Covent Garden, London, WC2H 9JQ, United Kingdom"
17437945,FRIENDS OF BILL FILM LTD,2026-09-04,active,ltd,59111,"Flat 201 4 Hawthorne Crescent, London, SE10 9GN, England"
17437925,GCO CONSULTANCY LTD,2026-09-04,active,ltd,69202,"128 City Road, London, EC1V 2NX, United Kingdom"
17438045,SERENEPARTNERSHIPS LTD,2026-09-04,active,ltd,70229,"66 Paul Street, London, England, EC2A 4NA, United Kingdom"
17438048,XIANGZHEN INTERNATIONAL LTD,2026-09-04,active,ltd,47910,"Flat 19 The Q Building, 110 The Grove, London, E15 1NR, England"
17438050,SEA & SKY CREATIVE RETREAT LTD,2026-09-04,active,ltd,90030,"35 Beach Road, Selsey.     Chichester, PO20 0LT, United Kingdom"
17438040,FELTEFAST LTD,2026-09-04,active,ltd,68209,"20 Wenlock Road, London, N1 7GU, England"
17438059,MINERVA GROUP HOLDCO LIMITED,2026-09-04,active,ltd,70100,"A6 Kingfisher House Kingsway, Team Valley Trading Estate, Gateshead, NE11 0JQ, United Kingdom"
17438070,CLEANCOLD ENVIRONMENT LIMITED,2026-09-04,active,ltd,43290,"26 Moorland Crescent, Whiston, Rotherham, S60 4AW, England"
17438067,MTB DELIVERY & CONSULTING LIMITED,2026-09-04,active,ltd,70229,"Apollo House Hallam Way, Whitehills Business Park, Blackpool, FY4 5FS, England"
17438053,DBN COMMERCIAL LTD,2026-09-04,active,ltd,74902,"Birch Tree House Red Lane, Appleton, Warrington, WA4 5AB, England"
17438055,THE PHANTOM COMMUNITY CIC,2026-09-04,active,private-limited-guarant-nsc,82990;85590;88990;94990,"41a Southwold Drive, Nottingham, NG8 1PA, England"
17438115,FARSIDE ACCOUNTING LTD,2026-09-04,active,ltd,69201;69203,"7 Beechwood Avenue, Thornton Heath, CR7 7DY, England"
17438124,NAYAB GALAXY LIMITED,2026-09-04,active,ltd,47910,"Office 7513 58 Peregrine Road, Hainault, Ilford, Essex, IG6 3SZ, United Kingdom"
17438127,KIGBA LTD,2026-09-04,active,ltd,59112;62090;74100;74202,"Piccadilly Business Centre Unit C Aldow Enterprise Park, Blackett Street, Manchester, Greater Manchester, M12 6AE, United Kingdom"
17438132,APEX EDS ENGINEERING LTD,2026-09-04,active,ltd,47300,"19 Woodham Lane, New Haw, Addlestone, KT15 3LZ, England"
17438137,GROCERMART LIMITED,2026-09-04,active,ltd,47110,"18 Sunningdale, Norwich, NR4 6AQ, England"
17438138,NPB BUILD LTD,2026-09-04,active,ltd,41202,"The Tynings, Chapel Allerton, Axbridge, BS26 2PD, England"
17438105,RBBRCO2 LTD,2026-09-04,active,ltd,59120,"Europa House - Office 13, 18 Wadsworth Road (Front), Perivale, Greenford, UB6 7JD, United Kingdom"
17438109,CREST MARKETPLACE LIMITED,2026-09-04,active,ltd,47910,"2 Norman Road, Thornton Heath, CR7 7ED, England"
17438120,VARELLO GROUP LTD,2026-09-04,active,ltd,56101;56103;56210,"307 Sherrard Road, London, E12 6UG, England"
17438117,PARKFIELDS FREEHOLD LTD,2026-09-04,active,ltd,68209,"1 The Crescent, Southall, UB1 1BE, England"
17438139,FUTURE INVENTIONS CIC,2026-09-04,active,private-limited-guarant-nsc,85520;85590,"66 Paul Street, London, EC2A 4NA, England"
17438140,IHUCHI GROUP LTD,2026-09-04,active,ltd,62012;62020;62090;63120,"20a St. James Road, Sutton, SM1 2TP, England"
17438112,ROCKET SOLUTIONS TECHNOLOGIES LTD,2026-09-04,active,ltd,46190;47910,"128 City Road, London, EC1V 2NX, United Kingdom"
17438141,CONNECTION PLATFORMS LIMITED,2026-09-04,active,ltd,62012,"283 Green Lanes, London, N13 4XS, England"
17438567,GEO.L.WHITE LIMITED,2026-09-04,active,ltd,64209;68209,"Lindum Mill Ashby Road, Shepshed, Loughborough, Leicestershire, LE12 9BS, England"
NI743508,ORMEAU PARKVIEW LTD,2026-09-04,active,ltd,41100;68209,"Suite 2b Cadogan House, 322 Lisburn Road, Belfast, Co. Antrim, BT9 6GH, United Kingdom"
17438585,LA ROMA PIZZA & CATERERS LTD,2026-09-04,active,ltd,56102,"11/21 Clayton Road, Hayes, UB3 1AX, United Kingdom"
17438587,FAAV INNOVATION LIMITED,2026-09-04,active,ltd,62012;62020;62090;63110,"71-75 Shelton Street, Covent Garden, London, WC2H 9JQ, United Kingdom"
17438594,LICH GAMES ONLINE LIMITED,2026-09-04,active,ltd,47650,"36 Norwich Road, Watton, Thetford, IP25 6DB, England"
17438597,THYME & TALES LTD,2026-09-04,active,ltd,47190,"Woodstock The Street, Walberton, Arundel, BN18 0PQ, England"
17438582,MIX FORCE FM LTD,2026-09-04,active,ltd,81210;81299,"147 College Road, Moseley, Birmingham, B13 9LJ, England"
SC901596,HS WORKWEAR LTD,2026-09-04,active,ltd,47910,"31 Jarnac Court, Dalkeith, EH22 1HU, United Kingdom"
17438598,ALPHA HEALTHCARE PROVIDER LTD,2026-09-04,active,ltd,87200;87900,"390 East Park Road, Leicester, LE5 5HH, United Kingdom"
17438596,MR G'Z BIRMINGHAM LIMITED,2026-09-04,active,ltd,56102,"66-68 Lozells Road, Birmingham, B19 2TD, England"
17438574,SWISTREPAIRS LTD,2026-09-04,active,ltd,95110,"31 Hawthorn Road, Rochdale, OL11 5JQ, United Kingdom"
17438888,CLAYSTONE ENERGY LTD,2026-09-04,active,ltd,43210,"Bottom Cottage, Owslebury Bottom, Winchester, SO21 1LY, England"
17438889,ARIBA SPICE HOUSE LTD,2026-09-04,active,ltd,56210,"252-262 Romford Road, Forest Gate, London, E7 9HZ, England"
17438901,LEAFAGRI LIMITED,2026-09-04,active,ltd,28302,"Fairfields Barnsley Road, Brierley, Barnsley, S72 9LH, England"
17438873,FOREST GATE RICE LTD,2026-09-04,active,ltd,56102;56103;56290,"74 Woodgrange Road, London, E7 0EN, United Kingdom"
17438875,SPICE@YARD LTD,2026-09-04,active,ltd,56290,"93 Brierley Road, Barnsley, S72 7DT, United Kingdom"
17438900,BRAMBLE TO BLOSSOM LTD,2026-09-04,active,ltd,47760;85590,"10 Zion Hill, Midsomer Norton, Radstock, BA3 4DZ, England"
17438872,STORIES BE BOLD LTD,2026-09-04,active,ltd,90010,"66 Paul Street, London, England, EC2A 4NA, United Kingdom"
17438890,OUTREACH SPIDER LTD,2026-09-04,active,ltd,62020,"Office 1741 85 Dunstall Hill, Wolverhampton, WV60SR, United Kingdom"
17439024,ISAE GROUP (PROPERTY) LIMITED,2026-09-04,active,ltd,68100;68209;68320,"402-403 Stourport Road, Kidderminster, DY11 7BG, England"
17439025,SERENITY HOUSE SECURITY LIMITED,2026-09-04,active,ltd,47910;80200,"Charlton House, Dour Street, Dover, Kent, CT16 1BL, England"
17439023,DRAKEWOOD EXPLORATION LIMITED,2026-09-04,active,ltd,08990,"St Marys Court, The Broadway, Amersham, Buckinghamshire, HP7 0UT, United Kingdom"
17438993,SEGUNMIC PRIVATE COMPAY LIMITED,2026-09-04,active,ltd,42120;47820,"48b Templeman Road, London, W7 1AT, England"
17438989,TRAWLER HOUSE SWANSEA LTD,2026-09-04,active,ltd,68100;68209;68320;70229,"75 Westow Hill, London, Lambeth, SE19 1TX, England"
17439006,WENDRON STOVES LTD,2026-09-04,active,ltd,99999,"Lakeside Offices The Old Cattle Market, Coronation Park, Helston, TR13 0SR, United Kingdom"
17439013,BRAT LTD,2026-09-04,active,ltd,80100;96090,"40 Hurst Road, Twyford, Reading, RG10 0AL, England"
17439014,HOME COUNTIES FARM VETS LTD,2026-09-04,active,ltd,75000,"Middle Farm, Langley Lodge Lane, Kings Langley, WD4 8QW, England"
17438984,BELLMORE PARTNERS LIMITED,2026-09-04,active,ltd,70229;82990;85590,"105 High Street, Brentwood, CM14 4RR, England"
17438983,SHOPICKS LTD,2026-09-04,active,ltd,47910,"30 Swaine Street, Nelson, BB9 7AW, United Kingdom"
17438998,GOOD MOOD FITNESS LTD,2026-09-04,active,ltd,47710;56102;93130,"5 Hartington Park, Bristol, BS6 7ES, England"
17438999,VIEWAGENT LTD,2026-09-04,active,ltd,47910,"Office 1742 85 Dunstall Hill, Wolverhampton, WV60SR, United Kingdom"
17439012,MUHAMMAD EGAMBERDIEV LTD,2026-09-04,active,ltd,47640;47820;47890;47910,"71-75 Shelton Street, Covent Garden, London, WC2H 9JQ, United Kingdom"
17439011,TAJ GROUP OF COMPANY LTD,2026-09-04,active,ltd,46900;47910;70229;73110,"182-184 High Street North, London, E6 2JA, England"
17439536,WARENCE LIMITED,2026-09-04,active,ltd,46180,"Flat 2 Summersell House, Benton's Rise, London, SE27 9TY, United Kingdom"
17439533,MCL CONCRETE LTD,2026-09-04,active,ltd,43999,"40 Waterloo Road, Wolverhampton, West Midlands, WV1 4BL, England"
17439534,MARSHAL’S GROUP LTD,2026-09-04,active,ltd,52290,"10 Fenby Close, Bradford, BD4 8QZ, United Kingdom"
17439546,WARMVALE BATH LTD,2026-09-04,active,ltd,46730;46740;47540;47910,"Unit 82a James Carter Road, Mildenhall, Bury St. Edmunds, IP28 7DE, England"
17439545,MARKETEXA SOLUTIONS LTD,2026-09-04,active,ltd,82990,"Unit A1687 4-6 Greatorex Street, London, E1 5NF, United Kingdom"
17439555,HOUSE OF CHESCA LTD,2026-09-04,active,ltd,43310;43330;43390;74100,"11 Lea End, Lea, Ross-On-Wye, HR9 7WZ, United Kingdom"
17439530,ATHBHAILE LTD,2026-09-04,active,ltd,86210,"10 Pontifex Wharf Apartments, 36 Stoney Street, London, SE1 9LB, England"
17439544,A&M ENTERPRISE LTD,2026-09-04,active,ltd,47910,"64 Bawdsey Avenue, Ilford, IG2 7TJ, United Kingdom"
17439542,THE PECULIAR KIND LTD,2026-09-04,active,ltd,70210,"62 Derrydown Road, Birmingham, B42 1RT, England"
17439641,THMH PROPERTIES LIMITED,2026-09-04,active,ltd,68100;68209;68320,"59 Union Street, Dunstable, Bedfordshire, LU6 1EX, United Kingdom"
17439642,DALE STREET HAND CAR WASH LTD,2026-09-04,active,ltd,45320,"282 Harehills Lane, Leeds, LS9 7BD, England"
17439645,TALLUX LTD,2026-09-04,active,ltd,47710;47910;74100,"6 Sharland Close, Thornton Heath, CR7 6AN, England"
17439650,AR BUILDING UK GROUP LTD,2026-09-04,active,ltd,41202;43390,"30 Ladybrook Avenue, Timperley, Altrincham, WA15 6DT, England"
17439651,SMALL CAR CO SURREY LIMITED,2026-09-04,active,ltd,45112,"49 Harris Street, Darlington, DL1 4HZ, England"
17439640,LIZ SEARL CONSULTING LIMITED,2026-09-04,active,ltd,69102,"14 Searle Crescent, Chelmsford, Essex, CM1 7FP, United Kingdom"
17439637,NUR HALAL EXPRESS LTD,2026-09-04,active,ltd,47290,"62 Narborough Road, Leicester, LE3 0BR, England"
17439647,CHAUHAN SONS LIMITED,2026-09-04,active,ltd,41202,"172 Birmingham Road, Oldbury, B69 4EH, United Kingdom"
17439746,DEAN SEDDON LTD,2026-09-04,active,ltd,70229,"333-340 Faraday Mill Trade Park, Cattewater Road, Plymouth, Devon, PL4 0SF, England"
OE035278,PLATINUM INVESTMENT COMPANY INC.,2026-09-04,registered,registered-overseas-entity,,"Suite 202, Second Floor,, Eden Plaza,, Eden Island,, Mahé, Seychelles"
17439740,AN UK PROPERTIES LTD,2026-09-04,active,ltd,68100,"29 Newnham Close, Northolt, UB5 4LH, England"
17439731,MIAAS HOLDING LIMITED,2026-09-04,active,ltd,64209,"50 Woodgate, Leicester, LE3 5GF, England"
17439736,UNNIQUE STRATEGIC SOLUTIONS LTD,2026-09-04,active,ltd,09100;52290;70229,"116 Maidstone Road, Chatham, ME4 6DQ, England"
17439742,RAWBIZ LIMITED,2026-09-04,active,ltd,46900,"128 City Road, London, EC1V 2NX, United Kingdom"
17439834,THE CHERIE TREE LTD,2026-09-04,active,ltd,56302,"Flat 5 Rochford Lofts, Pollards Close, Rochford, SS4 1GB, England"
17439841,GUMDROP ENTERTAINMENT PTE LTD,2026-09-04,active,ltd,73110;73200,"71-75 Shelton Street, Covent Garden, London, WC2H 9JQ, United Kingdom"
17439393,PERIOVANTA LTD,2026-09-04,active,ltd,86230,"Flat 2 Redrup House, John Williams Close, London, SE14 5XE, England"
17439830,BLOCK MANAGEMENT SUPPORT SERVICES LTD,2026-09-04,active,ltd,66220;70229,"21 Fish Street, Exeter, EX2 7TR, England"
17439845,SOURCED EVENTS LTD,2026-09-04,active,ltd,79909;82301;82302,"81 Milestone Drive, Stourbridge, DY9 0LH, United Kingdom"
17440005,IRISCLEANINGCOMPANY LIMITED,2026-09-04,active,ltd,81210,"37 Wendell Road, London, W12 9RS, England"
17440004,VELLMONT GROUP LTD,2026-09-04,active,ltd,56210,"30 High Street, Lye, Stourbridge, DY9 8LF, England"
17440006,JP SELECT LTD,2026-09-04,active,ltd,47910;47990,"76 College Piece, Reading, RG7 3XH, England"
17439999,PAINT! YORKSHIRE LTD,2026-09-04,active,ltd,93290,"52 Ripon Road, Harrogate, HG3 2DF, United Kingdom"
17439998,COSMIC CREATURES LTD,2026-09-04,active,ltd,47890,"14 Dinas Lane, Liverpool, L36 2NP, United Kingdom"
17440003,MILES AHEAD DRIVING LTD,2026-09-04,active,ltd,85530,"57 Main Road, Marsh Lane, Sheffield, S21 5RH, England"
SC901653,PAISLEY ELECTRICIAN LTD,2026-09-04,active,ltd,43210,"12 Seedhill Road, Bm15 Mile End Mill, Abbey Mill Business Centre, Paisley, PA1 1JS, United Kingdom"
17440105,MKTG LTD,2026-09-04,active,ltd,62012;62020;70229;73110,"Apartment 6, Hanley House, Hanley Street, Nottingham, NG1 5GD, United Kingdom"
17440097,HAMMAD CONSULTANCY SERVICES LTD,2026-09-04,active,ltd,62030,"54 Hall Close Avenue, Rotherham, S60 4AH, United Kingdom"
17440101,BQ FURNITURE LTD,2026-09-04,active,ltd,31030;38320;46470;47910,"42 Epworth Road, Isleworth, TW7 5BN, England"
17440109,ANEEQ FOOD LTD,2026-09-04,active,ltd,56103,"8 Hanover Street, Keighley, BD21 3QJ, England"
17440125,WOLLASTON CURRY HOUSE LIMITED,2026-09-04,active,ltd,56101,"2f High Street, Wollaston, Stourbridge, DY8 4NH, England"
17440113,KAPSAL LIMITED,2026-09-04,active,ltd,46450;47910;49410,"60 Pepys Court 20 Love Lane, London, SE18 6GZ, England"
17440124,QUAD H SQUAD LTD,2026-09-04,active,ltd,47910,"10 Dunderdale Avenue, Nelson, BB9 0AR, United Kingdom"
17440277,YORKSHIRE HALAL FOOD FESTIVAL CIC,2026-09-05,active,private-limited-guarant-nsc,82301,"99-109 Leeds Road, Bradford, BD1 5BL, United Kingdom"
17440258,FIVE BROTHERS TRADERS LIMITED,2026-09-05,active,ltd,47910,"216 Manchester Road, Huddersfield, HD1 3JF, England"
17440259,SF MANAGEMENT SOLUTIONS LIMITED,2026-09-05,active,ltd,70229,"4 Capricorn Centre, Cranes Farm Road, Basildon, Essex, SS14 3JJ, England"
17440285,BALERION ENGINEERING LIMITED,2026-09-05,active,ltd,71122,"C/O Nra Accountancy, Arrow Mill, Queensway, Rochdale, Lancashire, OL11 2YW, England"
17440282,TANYA DHAWAN LIMITED,2026-09-05,active,ltd,66190,"123 Harlech Gardens, Hounslow, TW5 9PT, England"
17440266,NELSON HOLDCO LIMITED,2026-09-05,active,ltd,68100,"Unit B Lostock Office Park Lynstock Way, Lostock, Bolton, BL6 4SG, England"
17440291,LUKULI DISTRIBUTION PARTNERS LTD,2026-09-05,active,ltd,46310;46370;70229,"4 Snow Hill, London, EC1A 2DJ, England"
17440292,MELLOR AVIATION ENGINEERING LTD,2026-09-05,active,ltd,33160,"185 High Road, Nottingham, NG9 5BA, United Kingdom"
17440301,VDY PROPERTY LTD,2026-09-05,active,ltd,68100;68209,"Suite Ra01, 195-197 Wood Street, London, E17 3NU, United Kingdom"
17440303,GATEKEEP GROUP LIMITED,2026-09-05,active,ltd,47910,"69 Junction Road, Bolton, BL3 4LZ, United Kingdom"
17440271,KELVANTIS PHARMA LIMITED,2026-09-05,active,ltd,46460,"Unit 2 Zephyr House Calleva Park, Aldermaston, Reading, RG7 8JN, England"
17440311,ONI DETAILING LTD,2026-09-05,active,ltd,81222,"66 Paul Street, London, England, EC2A 4NA, United Kingdom"
17440298,JAHMEER PROPERTIES LTD,2026-09-05,active,ltd,68100;68209,"73 Park Lane, Croydon, CR0 1JG, England"
17440572,RBPROPCO2 LTD,2026-09-05,active,ltd,59120,"Europa House - Office 13, 18 Wadsworth Road (Front), Perivale, Greenford, UB6 7JD, United Kingdom"
17440571,SKVIERSKY HERITAGE LTD,2026-09-05,active,private-limited-guarant-nsc,82990,"Office 620 Initial Business Centre, Wilson Business Park, Manchester, M40 8WN, United Kingdom"
17440566,RUMMIO LTD,2026-09-05,active,ltd,62012;62090;63110;63120,"4 Roseberry Mews, Stanley, DH9 6SX, United Kingdom"
17440589,GLOBAL IDEAL TRADE LIMITED,2026-09-05,active,ltd,47710;47789;47910,"235a Lakey Lane, Birmingham, B28 8QT, England"
17440582,XENVIS LTD,2026-09-05,active,ltd,47910,"Office 1948 60 Tottenham Court Road, London, W1T 2EW, United Kingdom"
17440549,RBOPCO2 LTD,2026-09-05,active,ltd,59120,"Europa House - Office 13, 18 Wadsworth Road (Front), Perivale, Greenford, UB6 7JD, United Kingdom"
17440546,AREBELLA RETREAT LIMITED,2026-09-05,active,ltd,79901,"193 Brondesbury Park, London, NW2 5JN, United Kingdom"
17440554,IDIELLO LTD,2026-09-05,active,ltd,47910;47990,"Office 1750 85 Dunstall Hill, Wolverhampton, WV60SR, United Kingdom"
17440563,TJ CORRAY LTD,2026-09-05,active,ltd,47910,"93a Parrys Lane, Bristol, Uk, Bristol, BS9 1AN, United Kingdom"
17440576,SHILOH AI LTD,2026-09-05,active,ltd,62090,"38 Charlecote Avenue, Leicester, LE3 2SH, England"
17440675,ARRZAN LTD,2026-09-05,active,ltd,46499;47910,"208a Luton Road, Chatham, ME4 5BS, United Kingdom"
17440667,KUIVAREL TRADE LTD,2026-09-05,active,ltd,47910,"Unit407 Second Floor Capital House, 61 Amhurst Road, London, E8 1LL, United Kingdom"
17440649,RJ ENTERPRISE SOLUTIONS LTD,2026-09-05,active,ltd,62020,"7 Greenfield Crescent, Wallingford, OX10 0PA, England"
17440670,BYTK LTD,2026-09-05,active,ltd,46499;47910,"18 Cressbrook Drive, Great Cambourne, Cambridge, CB23 6BF, England"
17440674,UNITED WHOLESALE LTD,2026-09-05,active,ltd,46341,"Unit 2 Clayton Road, Hayes, UB3 1BB, England"
17440883,COBMOTORS LTD,2026-09-05,active,ltd,45200,"21 Moss Path, Galleywood, Chelmsford, CM2 8YG, England"
17440884,ESSENCE MOVE LTD,2026-09-05,active,ltd,47910,"71-75 Shelton Street, Covent Garden, London, WC2H 9JQ, United Kingdom"
17440888,BASE PROPERTY GROUP LTD,2026-09-05,active,ltd,68100;68209;68310;68320,"38, Collingwood Buildings Collingwood Street, Newcastle Upon Tyne, NE1 1JF, United Kingdom"
17440402,VERIBRED LIMITED,2026-09-05,active,ltd,63120,"Suite A 82 James Carter Road, Mildenhall, Bury St. Edmunds, IP28 7DE, England"
17440906,SET TEMPO LTD,2026-09-05,active,ltd,85510,"The Royal Oak, Wogan Terrace, Saundersfoot, SA69 9HA, United Kingdom"
17440912,PAITRE LIMITED,2026-09-05,active,ltd,56210,"Courtley West, 1 Clarke Hall Farm, Aberford Road, Wakefield, West Yorkshire, WF1 4AL, United Kingdom"
17440901,LUMO CHANGE LIMITED,2026-09-05,active,ltd,99999,"The Barn, 8 Oakley Hay Lodge, Corby, Northants, NN18 9AS, England"
17440897,FAST CLEANING EXPERTS LTD,2026-09-05,active,ltd,17220,"11 Lonsdale Road, Nottingham, NG7 3DU, United Kingdom"
17440915,ISTANFOOD LIMITED,2026-09-05,active,ltd,56103,"87 Richmond Road, Gillingham, ME7 1LS, England"
17441042,STAY SMOOTH LIMITED,2026-09-05,active,ltd,68100;68209,"456 Heysham Road, Heysham, Morecambe, LA3 2BN, England"
17441046,B & Q PROPERTY LTD,2026-09-05,active,ltd,68100;68320,"154 Lower High Street, Stourbridge, DY8 1TS, England"
17441047,POLOGIFT LIMITED,2026-09-05,active,ltd,47910,"Director's Office No.336, Unit 7 Wilsons Business Park, Manchester, M40 8WN, United Kingdom"
17437902,JAIDEN ESTATES LIMITED,2026-09-04,active,ltd,68209,"1110 Elliott Court Coventry Business Park, Herald Avenue, Coventry, West Midlands, CV5 6UB, United Kingdom"
17441007,RESTORA GROUP LTD,2026-09-05,active,ltd,64209,"113 Hopewell Drive, Chatham, ME5 7NP, England"
17441008,ENCE MANAGEMENT LTD,2026-09-05,active,ltd,68320,"1-3 The Cottages Chapel Lane, Bootle, L30 7PD, United Kingdom"
17441041,ANGRISH PRIVATE OFFICE LTD,2026-09-05,active,ltd,64209,"367 Welford Road, Leicester, LE2 6BJ, England"
17441040,ANS RECRUITMENT LTD,2026-09-05,active,ltd,78109,"16 Fearnley Street, Watford, WD18 0RD, England"
17441038,NEXINT LTD,2026-09-05,active,ltd,47910,"22 Kay Street, Brierfield, Nelson, BB9 5DN, England"
17441037,POPKUT BARBER LTD,2026-09-05,active,ltd,96020,"16 Hight Street, Buckinghamshire, Iver, SL0 9NG, England"
17441036,BED N MATTRESS LTD,2026-09-05,active,ltd,47599,"247-249 London Road, Sheffield, S2 4NF, United Kingdom"
17441023,HOLLOWAY PIZZA LIMITED,2026-09-05,active,ltd,10890;56103,"54a Benwell Road, London, N7 7BA, England"
17441021,NEXUS INDUSTRIAL SUPPLY LTD,2026-09-05,active,ltd,46520;46690;46900,"Ground Floor, Radley House, Richardshaw Road, Leeds, LS28 6LE, United Kingdom"
17441028,DARWICH PHARMACEUTICALS LTD,2026-09-05,active,ltd,74909,"10 Lockwood House, Lockwood Park, Huddersfield, HD4 6EN, United Kingdom"
17441014,KHALIL KETTANEH LIMITED,2026-09-05,active,ltd,47910,"71-75 Shelton Street, Covent Garden, London, WC2H 9JQ, United Kingdom"
17441010,NYPEFLAKE LTD,2026-09-05,active,ltd,47190;47990,"71-75 Shelton Street, Covent Garden, London, WC2H 9JQ, United Kingdom"
17441350,AR LAN Y MOR ABERAERON LTD,2026-09-05,active,ltd,55209,"71-75 Shelton Street, Covent Garden, London, WC2H 9JQ, United Kingdom"
17441347,KYHD HEALTH LTD,2026-09-05,active,ltd,47910;86900,"126 New Walk, 2nd Floor (Gtp), Leicester, LE1 7JA, England"
17441330,SMALL TALK COMPANIONS LIMITED,2026-09-05,active,ltd,88100,"5 Cavendish Avenue, Erith, DA8 1EP, England"
17441328,COMMUNITYOS LIMITED,2026-09-05,active,ltd,82990,"Suite L Sapphire House, Sapphire Business Park, Roundtree Way, Norwich, Norfolk, NR7 8SQ, United Kingdom"
17441317,ARLOESI ACADEMY LTD,2026-09-05,active,ltd,70229;85590,"50 St. Marys Road, Hemel Hempstead, HP2 5HL, England"
17441315,CRESMORE LTD,2026-09-05,active,ltd,68209;68320,"128 City Road, London, EC1V 2NX, United Kingdom"
17441318,THE RESIN & BLOCK PAVING CO. LIMITED,2026-09-05,active,ltd,43999,"Biz Hub Business Centre C/O Bentley Accountancy Limited, Coxwold Way, Billingham, TS23 4EA, United Kingdom"
17441321,ANCESTREE HERITAGE TREES LTD,2026-09-05,active,ltd,01300;02100;02400;46220,"46 Foundry Lane, Wigan, WN3 6BZ, United Kingdom"
17441336,ACTUALIZED LTD,2026-09-05,active,ltd,70229,"66 Paul Street, London, England, EC2A 4NA, United Kingdom"
17441335,NJAM LIMITED,2026-09-05,active,ltd,62020,"22 Ashby Place, Harrogate, North Yorkshire, HG3 1GH, United Kingdom"
17441337,PRIMROSE AND PROPER LTD,2026-09-05,active,ltd,81210,"20 Wenlock Road, London, N1 7GU, England"
17441324,OMDE HOLDINGS LTD,2026-09-05,active,ltd,68209,"18 Cefn Road, Cardiff, CF14 3HS, Wales"
17441325,SHALOTTE LTD,2026-09-05,active,ltd,62012,"71-75 Shelton Street, Covent Garden, London, WC2H 9JQ, United Kingdom"
17441327,ARCHER PROTECTION SERVICES LTD,2026-09-05,active,ltd,82990,"53 Lawrence Avenue, London, NW7 4NL, United Kingdom"
17441343,WESTON CONCRETE INSTALLATIONS LTD,2026-09-05,active,ltd,43330,"Suite 4 Second Floor Honeycomb, 7 - 15 Edmund Street, Liverpool, Merseyside, L3 9NG, United Kingdom"
17441346,JERRETT AVIATION LIMITED,2026-09-05,active,ltd,71129,"1 Worsley Court, High Street, Worsley, Manchester, M28 3NJ, United Kingdom"
17441345,LUYA'S KITCHEN LTD,2026-09-05,active,ltd,56103,"22 Powell Street, Old Trafford, Manchester, M16 7QR, United Kingdom"
17441351,PARTRAX LTD,2026-09-05,active,ltd,45310;45320;52290,"Unit 18 Listerhills Science Park, Bradford, BD7 1HR, United Kingdom"
17441578,KAUDEX LTD,2026-09-05,active,ltd,62012,"8 Monkhams Drive, Woodford Green, IG8 0LQ, England"
17441573,SOFA 2 SPOTLIGHT LIMITED,2026-09-05,active,ltd,56302,"Sedgemoor Cottage, Chilton Polden Hill, Bridgwater, TA7 9AH, England"
17441579,ANCIENT TOURS & VENTURE SERVICES (UK) LIMITED,2026-09-05,active,ltd,47710;79120;93210,"14a Ravenswood Road, London, SW12 9PJ, England"
17441577,PRIMEORA COMMERCE LTD,2026-09-05,active,ltd,47910,"642 Wells Road, Bristol, BS14 9HS, England"
17441570,FIXED FIRST LTD,2026-09-05,active,ltd,41202,"10 Farm Lane, Purley, CR8 3PU, England"
SC901669,POCKET BAZAAR LTD,2026-09-05,active,ltd,46900;47910;47990,"3 Hillside, Dunbeg, Oban, PA37 1QL, Scotland"
17441670,RUNWAY DEV WA4 LTD,2026-09-05,active,ltd,41100,"Park House, Wilmington Street, Leeds, LS7 2BP, England"
17441673,DAVENCO LTD,2026-09-05,active,ltd,45310,"8 Caistor Drive, Bracebridge Heath, Lincoln, LN4 2TA, England"
17441675,VOLTAIRE COMMERCE LTD,2026-09-05,active,ltd,47910,"7 Hughlings Close, York, YO26 8FL, United Kingdom"
17441668,RUSTY CAPITAL LTD,2026-09-05,active,ltd,64991,"99 Eastbourne Mews, London, W2 6LQ, England"
17441783,LOGIXFLOW LTD,2026-09-06,active,ltd,58290,"66 Paul Street, London, England, EC2A 4NA, United Kingdom"
17441836,TAFAZ VANGUARD GROUP LIMITED,2026-09-06,active,ltd,68209,"31 Field View, Thurmaston, Leicester, LE4 8NX, England"
17441829,AM INTERIOR CONSTRUCTION LTD,2026-09-06,active,ltd,41201,"19 The Mile End, London, E17 5QE, England"
17441832,HAMAAZS LTD,2026-09-06,active,ltd,43999,"63a Commercial Road, Swindon, SN1 5NX, United Kingdom"
17441965,THE QUIET HARBOUR SPACE LTD,2026-09-06,active,ltd,86900,"57 Gainsborough Road, Felixstowe, IP11 7HS, England"
17441957,SET CARPENTRY LTD,2026-09-06,active,ltd,43290,"Flat 2 38 Foxley Lane, Purley, CR8 3EE, England"
17441959,WOODS SWEETS LTD,2026-09-06,active,ltd,47240,"25 Railway View, Darlington, DL1 4LX, England"
17442054,THINK OUTSIDE PROPERTY ADVISORY LTD,2026-09-06,active,ltd,68320;70229,"14 Oakleigh Avenue, Nottingham, NG3 6GA, England"
17442055,BALNEO LTD,2026-09-06,active,ltd,47910,"23 Lewis Road, Mitcham, CR4 3DF, England"
17442057,GEDM ROOFING SERVICES LTD,2026-09-06,active,ltd,16230;43910,"12 Lenham Way, Pitsea, Basildon, SS13 2NT, England"
17442053,ESSEX MECHANICAL INSTALLATIONS LTD,2026-09-06,active,ltd,43220,"4 Badgers Keep, Burnham-On-Crouch, CM0 8UD, England"
17442062,BAGEL SOCIAL LTD,2026-09-06,active,ltd,56103,"49 South End, Croydon, CR0 1BF, United Kingdom"
17442060,HIZAM LTD,2026-09-06,active,ltd,53201,"278 Olton Boulevard West, Birmingham, B11 3HE, England"
17442232,SIP STATION MILDENHALL LIMITED,2026-09-07,active,ltd,47250,"Unit 321 Bedford Heights Bizspace, Brickhill Drive, Bedford, MK41 7PH, United Kingdom"
17442229,GOLDEN AFFILIATE LTD,2026-09-07,active,ltd,62012;73110;82990,"167-169 Great Portland Street, London, W1W 5PF, England"
17442239,VOLANTEUS HOLDINGS LIMITED,2026-09-07,active,ltd,51102,"2nd Floor Explorer 2 Fleming Way, Crawley, RH10 9EA, United Kingdom"
17442216,RANSCO PROPERTY LIMITED,2026-09-07,active,ltd,68209,"203 West Street, Fareham, Hampshire, PO16 0EN, England"
17442233,VENDRI LTD,2026-09-07,active,ltd,47990,"71-75 Shelton Street, Covent Garden, London, WC2H 9JQ, United Kingdom"
17442223,RUNBUDDY APP LTD,2026-09-07,active,ltd,62012;63120;73110,"128 City Road, London, EC1V 2NX, United Kingdom"
17442235,4SURV LTD,2026-09-07,active,ltd,58290;62012;62020;62090,"128 City Road, London, EC1V 2NX, United Kingdom"
17442219,SOFTECH LTD,2026-09-07,active,ltd,62012;62020;62090,"128 City Road, London, EC1V 2NX, United Kingdom"
17442251,"KM PHOENIX POND, GARDEN & GENERAL MAINTENANCE LTD",2026-09-07,active,ltd,81300,"24 Appledore Rd, Cardiff, South Glam, CF14 3HU, Wales"
17442265,NAGS HEAD LITTLE HADHAM LTD,2026-09-07,active,ltd,56101,"Nags Head, The Ford, Litlle Hadham, SG11 2AX, United Kingdom"
17442244,M3TA CONSULTING LTD,2026-09-07,active,ltd,43290,"C/O Vaghela & Co. Services, 10 Clarks Courtyard, 145 Granville Street, Birmingham, B1 1SB, United Kingdom"
17442248,VVR (LUDLOW) LTD,2026-09-07,active,ltd,45200,"64 Corve Street, Ludlow, SY8 1DU, United Kingdom"
17442258,LJJCOMPOSITI LTD,2026-09-07,active,ltd,29320,"3 Anderson Court, Newnham Road, Cambridge, CB3 9EZ, United Kingdom"
17442267,CODEXALL LTD,2026-09-07,active,ltd,62012,"71-75 Shelton Street, Covent Garden, London, WC2H 9JQ, United Kingdom"
17442272,MARIA LTD LTD,2026-09-07,active,ltd,46360,"57 Merton Road, Bootle, L20 7AP, United Kingdom"
17442406,R.B.BUILDERS AND MANAGMENT LTD,2026-09-07,active,ltd,41201;41202,"18a King Street, Chatham, ME4 4LX, England"
17442401,WEMMA-RIGGING LTD,2026-09-07,active,ltd,41202,"71 Gilkes Street, Middlesbrough, TS1 5EH, United Kingdom"
17442400,MICHHE LIMITED,2026-09-07,active,ltd,64922,"The Broadgate Tower 20th Floor, 20 Primrose Street, London, EC2A 2EW, England"
17442530,MOVI REMOVAL LTD,2026-09-07,active,ltd,49420;52103,"658 Hyde Road, Manchester, M18 7EE, England"
17442527,ABSOLUTE SAFETY SOLUTIONS LTD,2026-09-07,active,ltd,74901,"8 Dalton Terrace, Chopwell, Newcastle Upon Tyne, NE17 7EF, United Kingdom"
17442531,ZK ESTATES LTD,2026-09-07,active,ltd,68209,"82a James Carter Road, Mildenhall, Bury St. Edmunds, IP28 7DE, England"
17442514,ALPYNE LIMITED,2026-09-07,active,ltd,64209;70229,"26 Bell Street, Sawbridgeworth, CM21 9AN, England"
17442515,DRIFT WINE LTD,2026-09-07,active,ltd,46342;47250,"167-169 Great Portland Street, London, W1W 5PF, England"
17442516,MARVIS HMO LTD,2026-09-07,active,ltd,68201,"Flat 3, 184 Charlton Road, Bristol, BS15 1LY, United Kingdom"
17442519,SKYHIGHDRIVE LTD,2026-09-07,active,ltd,86900,"81a London Park, Mirfield, WF14 0LW, England"
17442522,ABIDE STAYS LTD,2026-09-07,active,ltd,55209;68320,"6 Shaw Close, London, SE28 8DE, England"
17442525,PIRUZ TRADE LTD,2026-09-07,active,ltd,47910,"Office 21142 182-184 High Street North, East Ham, London, E6 2JA, United Kingdom"
SC901708,KESTREL APPLIED INTELLIGENCE LTD,2026-09-07,active,ltd,62012;62020,"242 Seatown, Cullen, Buckie, AB56 4SN, Scotland"
17442521,PACIFIC LAB UK LTD,2026-09-07,active,ltd,46420;47910,"First Floor, 2 Hampton Court Road, Birmingham, B17 9AE, England"
17442537,ADZ CLOTHES LIMITED,2026-09-07,active,ltd,46420;47820,"8 Hampton Street, Birmingham, B19 3LN, England"
17442810,KITANESQUE LTD,2026-09-07,active,ltd,47910,"Annexe Moat Farm Pershore Road, Earls Croome, Worcester, WR8 9DH, England"
17442815,KURAL TRANSPORT LIMITED,2026-09-07,active,ltd,49410,"24 Rhodesia Court Bawtry Road, Doncaster, DN4 7AQ, England"
17442821,ANANDAMAYA NOIR LTD,2026-09-07,active,ltd,96090,"27-29 Bold Street, Liverpool, L1 4DN, England"
17442834,ROLYAT CONSULTING LIMITED,2026-09-07,active,ltd,70229,"8 Strath Terrace, London, SW11 1RF, England"
17442831,MUSA CORPORATION LIMITED,2026-09-07,active,ltd,47630,"37 Hatcher Crescent, Colchester, CO2 8JL, England"
17442832,KMM HYDRAULICS LTD,2026-09-07,active,ltd,46190;70229,"38 Mapperley Drive, Northampton, NN3 9UF, England"
17442840,MW AERO LTD,2026-09-07,active,ltd,33160;46690;71122,"17 Ashley Road, Clevedon, BS21 7UX, England"
17442824,META PEPTIDES LTD,2026-09-07,active,private-limited-guarant-nsc,93130,"3b Cornmarket, Thame, OX9 3DX, England"
17442829,HEDGEHUNT LTD,2026-09-07,active,ltd,78109,"7 Battle Street, Gravesend, DA12 3DB, United Kingdom"
17442813,SPRINGHEAD PROPERTIES LIMITED,2026-09-07,active,ltd,41100;41202;68100,"8 Chilvers Way, Northfleet, Gravesend, DA11 8GE, England"
NI743533,EAST ESSENCE ONLINE LTD,2026-09-07,active,ltd,47910,"4 Quay Street, Ardglass, Downpatrick, BT30 7SA, Northern Ireland"
17442830,LOCKJUICE LTD,2026-09-07,active,ltd,46900,"Little Sands, Fore Street, Sidbury, EX10 0SD, United Kingdom"
17442953,ANAJON DEVELOPMENTS LTD,2026-09-07,active,ltd,84110,"Bramhall House 14 Ack Lane East, Bramhall, Stockport, SK7 2BY, England"
SC901733,MARBLE HOUSE FILMS LTD,2026-09-07,active,ltd,59111,"3/2 Newhaven Place, Edinburgh, EH6 4TW, Scotland"
17442960,OSKA ENTERPRISES LIMITED,2026-09-07,active,ltd,56302,"The Stag, 35 Little Park Gardens, Enfield, Middlesex, EN2 6PH, England"
17442956,WHITBURN KIDS CLUB LTD,2026-09-07,active,ltd,88910,"50 Oakfields, Burnopfield, Newcastle Upon Tyne, NE16 6PQ, United Kingdom"
OC461538,RANDITRADERS LLP,2026-09-04,active,llp,,"9 Poppy Walk, Hatfield, Hertfordshire, AL10 9FP, United Kingdom"
17442971,PARCEL WORKS DEVELOPMENT LIMITED,2026-09-07,active,ltd,41100,"151c Chadwick Road, London, SE15 4PY, England"
17442957,SLATE ACCOUNTANCY LIMITED,2026-09-07,active,ltd,69201;69202;69203,"124 City Road, London, EC1V 2NX, United Kingdom"
17442972,R D GOUGH BLOODSTOCK LTD,2026-09-07,active,ltd,01430;01490;93191,"44 Hertford Close, Bicester, OX26 4UY, England"
17443129,MAHM PROPERTIES LTD,2026-09-07,active,ltd,68100;68209,"71-75 Shelton Street, Covent Garden, London, WC2H 9JQ, United Kingdom"
17443111,DUHAA LTD,2026-09-07,active,ltd,47910,"35 Abbeyfields Drive, Coventry, CV6 4RD, England"
17443113,GRAND DEPOT LTD,2026-09-07,active,ltd,47110;47190,"24a King Street, Hereford, HR4 9BX, United Kingdom"
17443108,AGENTIC MSP LTD,2026-09-07,active,ltd,62012;62020;62090,"Suite10 Capital House, 61 Amhurst Road, London, E8 1LL, United Kingdom"
17443109,HAYER ASSETS LIMITED,2026-09-07,active,ltd,68209,"5 Acton Grove, Bilston, WV14 0UU, England"
17443101,ENVIROMETRICS INTELLIGENCE LTD,2026-09-07,active,ltd,61300;62012;62020;63110,"Flat 24 8 Sylvan Hill, Crystal Palace, London, SE192QF, United Kingdom"
17443097,CAR AUCTIONS SALE LIMITED,2026-09-07,active,ltd,45112,"40 Shelbourne Road, London, N17 9YH, England"
17443099,M30 ENDURO SUPPLIES LTD,2026-09-07,active,ltd,45400,"415-417 Liverpool Road, Manchester, Lancashire, M30 7HB, United Kingdom"
17443103,PRECISION MRI PARTNERS LTD LTD,2026-09-07,active,ltd,86102,"561 Lordship Lane, London, N22 5DN, United Kingdom"
17443120,ELVIA RETAIL UK LTD,2026-09-07,active,ltd,47910,"3a Brunswick Park, London, SE5 7RH, United Kingdom"
17443100,BRSTLCOLLECTIBLES LTD,2026-09-07,active,ltd,47910,"66 Paul Street, London, England, EC2A 4NA, United Kingdom"
17443094,AUTONOMOUS MOBILITY UK LTD,2026-09-07,active,ltd,49320;52290;62090,"19 The Byeway, Hastings, TN34 2AY, England"
17443459,PINABO LTD,2026-09-07,active,ltd,62012;70229,"18a Park Drive, Bognor Regis, PO22 7RD, England"
17443461,PROPERTY TRUTH LTD,2026-09-07,active,ltd,68310,"West Clayton Business Centre, Berry Lane, Chorleywood, Hertfordshire, WD3 5EX, United Kingdom"
17443440,THE DERMA HUBB LEEDS LTD,2026-09-07,active,ltd,96020,"24 Carlton Close, Leeds, LS7 1HJ, United Kingdom"
17443443,PADEL RETAIL AND DISTRIBUTION LTD,2026-09-07,active,ltd,46180,"66, 66 Paul Street, London, England, EC2A 4NA, United Kingdom"
17443444,MK SECURITY GROUP LTD,2026-09-07,active,ltd,80100,"Suite Ra01 195-197 Wood Street, London, E17 3NU, United Kingdom"
17443438,ALAN 1 BARBER LIMITED,2026-09-07,active,ltd,96020,"168 Station Road, Ossett, WF5 0JQ, England"
17443455,M A BOXING AND FITNESS LTD,2026-09-07,active,ltd,93199,"3 Beechcroft Avenue, Newcastle Upon Tyne, NE3 4SL, United Kingdom"
17443450,SCO3839 LIMITED,2026-09-07,active,ltd,46740,"3 Newburn Road, Newcastle Upon Tyne, NE15 8LX, United Kingdom"
17443447,HORIN HEALTH LTD,2026-09-07,active,ltd,86220,"167-169 Great Portland Street, 5th Floor, London, W1W 5PF, United Kingdom"
17443448,WESTMINSTER HE CONSULTING LTD,2026-09-07,active,ltd,70229,"19 Carnarvon Road, London, E10 6DW, United Kingdom"
17443595,WHITE APARTMENT SERVICES LTD,2026-09-07,active,ltd,68320;81299,"Latitude Ground Floor, 5 Nelson Street, Bradford, BD1 5AX, United Kingdom"
17443600,MIA FOOD WIRRAL LTD,2026-09-07,active,ltd,56103,"267 Hoylake Road, Wirral, CH46 0SL, United Kingdom"
17443587,ROPEWALK BMA LTD,2026-09-07,active,ltd,86230,"17 Green Lanes, London, N16 9BS, England"
17439401,CWMNI DAL RLW CYF,2026-09-04,active,ltd,64203,"32 Y Maes, Caernarfon, Gwynedd, LL55 2NN, Wales"
NI743552,T & H GROUP LTD,2026-09-07,active,ltd,56210,"5 Moss View, Waringstown, Craigavon, BT66 7PA, Northern Ireland"
17443570,A&S PROJECTS ST LTD,2026-09-07,active,ltd,41201;43330;43390;43999,"46 Florence Road, London, N4 4DP, England"
17443572,ENT MANCHESTER LTD,2026-09-07,active,ltd,86210;86220,"Mazars, 1 St. Peters Square, Manchester, M2 3DE, United Kingdom"
17443569,AUTOTRICIAN LTD,2026-09-07,active,ltd,45200,"9 Hazel Grove, Wickersley, Rotherham, S66 2LL, England"
17443565,OFD CONSULTING LTD,2026-09-07,active,ltd,62020,"2 The Green Vicarage Lane, East Farleigh, Maidstone, ME15 0HF, England"
17443566,H & P INVESTMENT HOLDINGS LTD,2026-09-07,active,ltd,64304,"14 South Way, Croydon, CR0 8RP, England"
17443583,ANARRES LTD,2026-09-07,active,ltd,70229,"30 Springfield Road, Weymouth, DT3 5RN, United Kingdom"
17443576,REQIUM LTD,2026-09-07,active,ltd,58290,"66 Paul Street, London, England, EC2A 4NA, United Kingdom"
17443579,CHAMBEROS LTD,2026-09-07,active,ltd,47910,"1 Kings Lynn Close, Manchester, M20 6WD, United Kingdom"
17443577,BISOU MANAGEMENT LIMITED,2026-09-07,active,ltd,56301,"9 Swallow Street, London, E6 5JX, England"
17443784,MOTHER NURTURE CIC,2026-09-07,active,private-limited-guarant-nsc,85590;88990,"235 Stockport Road, Ashton-Under-Lyne, OL7 0NT, England"
17443785,ELSIE B NORWICH LTD,2026-09-07,active,ltd,47789,"97 Lord Nelson Drive, Norwich, NR5 0UF, United Kingdom"
17443790,PHOENIX MUSIC THERAPY CIC,2026-09-07,active,private-limited-guarant-nsc,86900,"35-37 Ludgate Hill, Office 7, London, EC4M 7JN, United Kingdom"
17443792,TIWANA SALES LTD,2026-09-07,active,ltd,47910,"81 Broad Lane South, Wolverhampton, WV11 3RX, United Kingdom"
SC901817,LORVINTRA LIMITED,2026-09-07,active,ltd,46180,"61 Horatius Street Motherwell, Lanarkshire, ML1 3RS, United Kingdom"
SC901822,SMART MOVE SCOTLAND LTD,2026-09-07,active,ltd,49410,"100 Ravenswood Rise, Livingston, West Lothian, EH54 6PG, Scotland"
SC901816,DESCOX LTD,2026-09-07,active,ltd,47910,"31 Berneray Court, Inverness, IV2 3BF, United Kingdom"
17444018,ZEVURA LTD,2026-09-07,active,ltd,46900;47910,"71-75 Shelton Street, Covent Garden, London, WC2H 9JQ, United Kingdom"
SC901834,ANDREW & SKELTON PROPERTY GROUP LTD,2026-09-07,active,ltd,55100;55209;68209,"4d Auchingramont Road, Hamilton, ML3 6JT, Scotland"
17443998,WSN-CARLISLE LIMITED,2026-09-07,active,ltd,64304,"22a Ives Street, London, SW3 2ND, United Kingdom"
17444005,DCISION CONSULT LIMITED,2026-09-07,active,ltd,63990,"81 Bellemonte Road, Frodsham, WA6 6BE, England"
17444000,WSN-SUNDERLAND LIMITED,2026-09-07,active,ltd,64304,"22a Ives Street, London, SW3 2ND, United Kingdom"
17443997,MISTERS BARBERS LTD,2026-09-07,active,ltd,96020,"86 Upper Wickham Lane, Welling, DA16 3HQ, United Kingdom"
17444062,DSM HEALTHCARE LTD,2026-09-07,active,ltd,86230,"131 Worcester Lane, Stourbridge, DY9 0SJ, England"
17444057,SQUILLARI HOSPITALITY LIMITED,2026-09-07,active,ltd,56101,"87 Stainland Road, Halifax, HX4 8BD, United Kingdom"
17444092,MCC PROPERTY GROUP LIMITED,2026-09-07,active,ltd,98000,"641 Manchester Road, Denton, Manchester, M34 2NA, England"
17444087,YORKSHIRE AGILE CONSULTANCY LTD,2026-09-07,active,ltd,62012;72190,"86 Wykebeck Mount, Leeds, LS9 0HW, United Kingdom"
17444090,RTBG LIMITED,2026-09-07,active,ltd,90010,"68-80 Hanbury Street, London, E1 5JL, England"
17444089,ADIUVAT LTD,2026-09-07,active,ltd,73110;96090,"71-75 Shelton Street, Covent Garden, London, WC2H 9JQ, United Kingdom"
17444079,AESTELIO LTD,2026-09-07,active,ltd,73110,"71-75 Shelton Street, Covent Garden, London, WC2H 9JQ, United Kingdom"
17444077,DOLMEN MART LTD,2026-09-07,active,ltd,47910;47990,"71-75 Shelton Street, Covent Garden, London, WC2H 9JQ, United Kingdom"
17444084,YORK MOBILE LTD,2026-09-07,active,ltd,95290,"11 Piccadilly, York, YO1 9PB, United Kingdom"
17444068,KAELUYO LTD,2026-09-07,active,ltd,47910,"Unit 383 48 Waterside Heights, 16 Booth Road, London, E16 2GP, United Kingdom"
17444080,ASTERIA THERAPY LTD,2026-09-07,active,ltd,86900,"71-75 Shelton Street, Covent Garden, London, WC2H 9JQ, United Kingdom"
17444102,VIRTU-ALLIES LTD,2026-09-07,active,ltd,82110,"120 Hutcliffe Wood Road, Sheffield, S8 0FA, United Kingdom"
17444094,TODAY FOREVER (CARDIFF) LIMITED,2026-09-07,active,ltd,96040,"C/O Duncan & Toplis Limited, Enterprise Way, Pinchbeck, Spalding, PE11 3YR, United Kingdom"
17444082,GOIZHA TRAVEL LTD,2026-09-07,active,ltd,79110,"Room No.10, 64c Roseville Road, Leeds, LS8 5DR, England"
SC901840,HOUSE OF SUNCATCHER LTD,2026-09-07,active,ltd,47910,"31 Duddingston Park South, Edinburgh, EH15 3NZ, Scotland"
17444083,NOVARA SUPPORT LTD,2026-09-07,active,ltd,55900;68209;87900;88990,"69 Bexley High Street, Bexley, DA5 1AA, England"
17444065,IMPRINT REAL ESTATE LIMITED,2026-09-07,active,ltd,68209,"167 Turners Hill, Cheshunt, Waltham Cross, EN8 9BH, England"
17444417,ARIANA VASILE LTD,2026-09-07,active,ltd,01130,"123 Fagley Road, Bradford, BD2 3JH, England"
17444430,GODISHALAS LIMITED,2026-09-07,active,ltd,62020,"91 Brooks Road, Cambridge, CB1 3HP, England"
17444423,CORNERSTONE CONSULTING SERVICES LIMITED,2026-09-07,active,ltd,74909,"18 Windrush Grove, Edgbaston, West Midlands, B15 2DL, England"
17444410,HERTS EXTENSIONS AND RENOVATIONS LTD,2026-09-07,active,ltd,16230,"20 Wenlock Road, London, N1 7GU, England"
17444414,AVENIDA DEVELOPMENTS LTD,2026-09-07,active,ltd,41100,"40 Academy Place, Isleworth, TW7 5FD, England"
17444413,KHADIJAH DELIVERY LTD,2026-09-07,active,ltd,52243,"10 Grove Road, Wakefield, WF1 1UW, United Kingdom"
17444425,RL PROPERTY SERVICES LONDON LTD,2026-09-07,active,ltd,41202;43341;43390;81210,"Flat 12 Hazel House, Maitland Park Road, London, NW3 2HB, England"
17444428,PD SECURITY SOLUTIONS LTD,2026-09-07,active,ltd,80100,"8 Oakley Green, Bishop Auckland, DL14 9JD, United Kingdom"
17444571,EPC TODAY LTD,2026-09-07,active,ltd,74909,"5 Cranleigh Close, Warrington, WA4 6SD, United Kingdom"
17444570,CASTERA PROJECTS LTD,2026-09-07,active,ltd,41202,"10 Meadow Street Avonmouth, Bristol, BS11 9AR, United Kingdom"
17444572,TTEP GB TRADING LTD,2026-09-07,active,ltd,35140;35230,"Byron House, 7 - 9 St James's Street, London, SW1A 1EE, United Kingdom"
17444578,HAIR GARAGE LTD,2026-09-07,active,ltd,96020,"106a Alexandra Park Road, London, N10 2AE, United Kingdom"
17444575,WOODS & CO LONDON LIMITED,2026-09-07,active,ltd,47910,"1 Kings Avenue, Winchmore Hill, London, N21 3NA, United Kingdom"
17444563,MIRACLES IN METAL LTD,2026-09-07,active,ltd,45200,"51 Salisbury Road, Cosham, Portsmouth, PO6 2PL, England"
17444566,RED ROSE PROPERTY INVESTMENTS & MANAGEMENT LIMITED,2026-09-07,active,ltd,41100;68209,"93-101 Greenfield Road, London, E1 1EJ, England"
17444588,ELTHORNE PROPERTY MANAGEMENT LTD,2026-09-07,active,ltd,68100;68209,"1 Parsloes Avenue, Dagenham, RM9 5PA, England"
17444567,WESTLOCK PROPERTY SOLUTIONS LIMITED,2026-09-07,active,ltd,68209,"375 Harehills Lane, Leeds, LS9 6AP, England"
17432616,SOLD BY UA LTD,2026-09-02,active,ltd,47910,"Suite A, 82 James Carter Road, Mildenhall, IP28 7DE, England"
17444653,L.A.R.P INTELLIGENCE LTD,2026-09-07,active,ltd,66190,"71-75 Shelton Street, Covent Garden, London, WC2H 9JQ, United Kingdom"
17444660,KAKCA LTD,2026-09-07,active,ltd,68209,"259 Wallasey Village, Wallasey, Merseyside, CH45 3LR, United Kingdom"
17444657,CSLBPRO NEWGEN LIMITED,2026-09-07,active,ltd,45200;45320;62090;63990,"Suite 11194 5 Brayford Square, London, E1 0SG, United Kingdom"
17444661,OZDI COMMERCE LTD,2026-09-07,active,ltd,47910,"71-75 Shelton Street, Covent Garden, London, WC2H 9JQ, United Kingdom"
17444651,SHED BRANDS LTD,2026-09-07,active,ltd,74100,"85 Great Titchfield Street, London, W1W 6RJ, England"
17444654,HAVEN COMFORT BEDDING LTD,2026-09-07,active,ltd,47599;47910,"Office#680 39 Ludgate Hill, London, EC4M 7JN, United Kingdom"
SC901869,C.M.C EVENTS AND TRINKETS LTD,2026-09-07,active,ltd,47190;47910;96090,"Beattock Manor Lodge Park, Beattock Manor Lodge Park, Moffat, DG10 9QB, Scotland"
17444665,TCM CLINIC LTD,2026-09-07,active,ltd,64991;86900,"15 Newton Way, London, N18 1JB, England"
17444828,FIELD CONDITION LTD,2026-09-07,active,ltd,41100,"5 Trinity Road, London, N2 8JJ, England"
17444823,POSH WASH LAUNDRY SERVICES LIMITED,2026-09-07,active,ltd,96010,"352 Cheriton Road, Folkestone, CT19 4DS, United Kingdom"
17444831,GREY HERON PROPERTIES LIMITED,2026-09-07,active,ltd,68320,"8 Wren Walk, Eynesbury, St. Neots, PE19 2GE, England"
17444827,TANDM INITIATIVE LTD,2026-09-07,active,ltd,73110,"Izabella House 24-26 Regent Place, Office 1, Birmingham, West Midlands, B1 3NJ, United Kingdom"
17444826,S & P BUILDERS LONDON LTD,2026-09-07,active,ltd,41202,"19 Adelphi Crescent, Hayes, UB4 8LZ, England"
17444830,MK LOCAL LTD,2026-09-07,active,ltd,47110,"57 Cape Hill, Smethwick, B66 4SF, England"
17444901,CONSTRUCTION INDUSTRY SKILLS ACADEMY LIMITED,2026-09-07,active,ltd,85590;96090,"2nd Floor College House, 17 King Edwards Road,, Ruislip,, London,, HA4 7AE, United Kingdom"
17444902,LARKHILL INVESTMENTS LIMITED,2026-09-07,active,ltd,68209,"Midland House, 2 Poole Road, Bournemouth, BH2 5QY, United Kingdom"
17444893,PARRY PARTNERSHIP LTD,2026-09-07,active,ltd,56302,"74 Cae Bold, Caernarfon, LL55 1EF, Wales"
17444894,ADAPTLY AI PVT LTD,2026-09-07,active,ltd,58290,"124 City Road, London, EC1V 2NX, United Kingdom"
17444898,SYF SUPPLY LTD,2026-09-07,active,ltd,46499,"136 Ashbrook Road, London, N19 3DJ, England"
17445042,DL TRADES LTD,2026-09-07,active,ltd,47890;47910,"167-169 Great Portland Street, London, W1W 5PF, England"
17445043,MISE EN PLACE GOODS LTD,2026-09-07,active,ltd,46420;47910,"Grosvenor House, 45 The Downs, Altrincham, WA14 2QG, England"
17445031,ARBORIS ESTATES LTD,2026-09-07,active,ltd,68100;68209,"7 Flockton Close, Bradford, BD4 7LQ, England"
17445134,ICETEC SURFACE SOLUTIONS LTD,2026-09-08,active,ltd,81229,"89 Bradford Road, Bradford, BD14 6HH, United Kingdom"
17445135,BEYOND THE HORIZON TRAVEL LTD,2026-09-08,active,ltd,79110,"11 Belvedere Road, Batley, WF17 7NH, England"
17445266,MARGO HOLDINGS LIMITED,2026-09-08,active,ltd,47910;63120;64209;82990,"Flat 9 1-2 Wilton Terrace, London, SW1X 8RR, England"
17445270,LULU IMPERIAL GROUP LTD,2026-09-08,active,ltd,41100;41201;41202;43120,"71-75 Shelton Street, Covent Garden, London, WC2H 9JQ, United Kingdom"
17445269,ELVARODE LTD,2026-09-08,active,ltd,46160;46420;47710;47910,"71-75 Shelton Street, Covent Garden, London, WC2H 9JQ, United Kingdom"
17445267,HJT MEDICAL SUPPLIES LTD,2026-09-08,active,ltd,46460,"First Floor Flat, 11 Edenbridge Road, London, E9 7DR, United Kingdom"
17445271,FOXGLOVES & URBAN LIMITED,2026-09-08,active,ltd,59200;62020;70229,"School House School Lane, Chittering, Cambridge, CB25 9PW, England"
17445258,SAVI PROPERTY DEVELOPMENTS LIMITED,2026-09-08,active,ltd,68209,"2 Bushel Close, Gravesend, DA11 7GQ, United Kingdom"
17445259,TAM NAMECO LIMITED,2026-09-08,active,ltd,85590,"34 Anyards Road, Cobham, KT11 2LA, England"
17445285,OXFORD RIVER CRUISES TRUSTEES LIMITED,2026-09-08,active,private-limited-guarant-nsc,74990,"The Folly Restaurant, Folly Bridge, Oxford, OX1 4JU, England"
17445273,TASTE MAX PIZZA LIMITED,2026-09-08,active,ltd,56103,"54 Surrey Street, Croydon, CR0 1RJ, England"
17445278,ABUNDANCE DIGITAL TECHNOLOGY LTD.,2026-09-08,active,ltd,46900;47910;62012;62020,"001resco-Work09 Ground And 1st Floor, Kings Court, 33 King St, Blackburn, Lancashire, BB2 2DH, United Kingdom"
17445281,EUZD LTD,2026-09-08,active,ltd,46520,"C/O Evans Weir The Victoria, 25 St Pancras, Chichester, West Sussex, PO19 7LT, England"
17445290,MARKETSLENS LTD,2026-09-08,active,ltd,62012,"4-6 Siu Offices Greatorex Street, London, E1 5NF, England"
17445559,UNMARKED MEDIA LIMITED,2026-09-08,active,ltd,73110;73120;74909,"Unit 29 Highcroft Industrial Estate Enterprise Road, Horndean, Waterlooville, PO8 0BT, United Kingdom"
NI743585,MOIRA MEDICAL AESTHETICS LTD,2026-09-08,active,ltd,96020,"55 Harlow Green, Moira, Craigavon, BT67 0XH, Northern Ireland"
SC901897,PERFECT CATCH GLASGOW LTD,2026-09-08,active,ltd,56103,"7 Rockbank Place, Clydebank, G81 5NZ, Scotland"
17445557,SKELE LTD,2026-09-08,active,ltd,71111,"7 The Broadway, Wembley, HA9 8JT, England"
17445558,WYCHWOOD LAND & DEVELOPMENT LTD,2026-09-08,active,ltd,96090,"The Bristol Office, 2nd Floor 5 High Street, Westbury On Trym, Bristol, BS9 3BY, England"
17445553,NOOR AL-SIRAJIA PROPERTY COMPANY LTD,2026-09-08,active,ltd,64209;68209,"378 Leeds Road, Bradford, BD3 9QX, England"
SC901901,COCHRANE ADVISORY LTD,2026-09-08,active,ltd,70229,"15 Henderson Street, Edinburgh, EH6 6BT, Scotland"
17445556,RICHANTIE LTD,2026-09-08,active,ltd,88990,"82 Old Lane, Manchester, M11 1DE, United Kingdom"
17445630,PRIMSHOW LTD,2026-09-08,active,ltd,62012,"124-128 City Road, London, EC1V 2NX, England"
17445633,HUSK AT HOLT LTD,2026-09-08,active,ltd,56102;56103,"37 Bull Street, Holt, NR25 6HP, England"
17445629,REHANAH TEJANI INTERIORS LTD,2026-09-08,active,ltd,74100,"66 Paul Street, London, England, EC2A 4NA, United Kingdom"
17445625,CORPORATE WELLNESS LIMITED,2026-09-08,active,ltd,93130,"59a Grenfell Road, Icon Gym, Maidenhead, Berkshire, SL6 1ES, United Kingdom"
17445628,ALLIANCE COLLECTION LTD,2026-09-08,active,ltd,68100;68209;68320,"128 City Road, London, EC1V 2NX, United Kingdom"
17445605,RACQUETTIER LTD,2026-09-08,active,ltd,58290,"Unit 4 Trident Business Park, Holman Way, Nuneaton, CV11 4PN, England"
17445612,GRE INVESTCO LIMITED,2026-09-08,active,ltd,64209,"C/O Weightmans Llp No.1 Spinningfields, Hardman Square, Manchester, M3 3EB, United Kingdom"
17445853,RADIANCE LAB LTD,2026-09-08,active,ltd,32990,"Flat 6 James House, 18 High Street, London, W5 5DB, England"
17445855,EXCEDAR SPARROW BIDCO LIMITED,2026-09-08,active,ltd,64209,"128 City Road, London, EC1V 2NX, United Kingdom"
17445850,5D CARE PARTNERS LIMITED,2026-09-08,active,ltd,64209,"128 City Road, London, EC1V 2NX, United Kingdom"
17445844,TOURNAMATE LTD,2026-09-08,active,ltd,62090,"17 Vicarage Road, London, N17 0BH, England"
OC461559,MDJD FAMILY LEGAL LLP,2026-09-08,active,llp,,"71-75 Shelton Street, Covent Garden, London, WC2H 9JQ, United Kingdom"
17445858,SAVANNAHJAMES LIMITED,2026-09-08,active,ltd,47190,"36 Updown Hill, Windlesham, GU20 6DX, England"
17445848,DAYS OF YORE LTD,2026-09-08,active,ltd,62012,"Flat 46 Papermill Wharf, 50 Narrow Street, London, E14 8BZ, England"
SC901947,CONNOR DICKSON MECHANICAL FITTING LTD,2026-09-08,active,ltd,43290,"25 Gibbon Crescent, East Kilbride, Glasgow, G74 3HU, Scotland"
17446048,OAKLEY ROOFING LTD,2026-09-08,active,ltd,43910,"Springfield Nursery, Pick Hill, Waltham Abbey, EN9 3LE, United Kingdom"
SC901948,STUDIO COOKE LTD,2026-09-08,active,ltd,41100;47910;71111,"17 Jedburgh Avenue, Rutherglen, Glasgow, G73 3EN, Scotland"
17446042,THEDETAILLAB LTD,2026-09-08,active,ltd,45200;81299,"44 Saracen Street, London, E14 6HW, United Kingdom"
17446041,PNS KENTON LTD,2026-09-08,active,ltd,47290;68209;68320,"202-204 Kenton Road, Harrow, HA3 8BX, England"
17446047,AI BIRMINGHAM HUB LTD,2026-09-08,active,ltd,85600,"Phoenix Wharf, Bolton Street, Birmingham, West Midlands, B9 4HH, United Kingdom"
17446056,CURRY NITES LIMITED,2026-09-08,active,ltd,56103,"2 Bagnall Road, Nottingham, NG6 0JX, England"
17446195,HOWARD & WREN INTERIORS LTD,2026-09-08,active,ltd,74100,"38 Warwick Road, Bishop's Stortford, CM23 5NW, England"
17446193,EJ TABLE LTD,2026-09-08,active,ltd,56103,"39a Alexandra Road, Worthing, BN11 2DU, England"
17446191,GOWER HOST CO LTD,2026-09-08,active,ltd,68320,"20 Brookvale Road, West Cross, Swansea, SA3 5EX, Wales"
17446196,JADESTONE SOLUTIONS LIMITED,2026-09-08,active,ltd,62020,"29 Queens Road, London, SW14 8PH, England"
17446199,POWERED BY ATOM LIMITED,2026-09-08,active,ltd,58290;62012,"Picadilly Business Centre, Blackett Street, Manchester, M12 6AE, United Kingdom"
17446209,UK CONSTRUCTION & CIVILS LTD,2026-09-08,active,ltd,42990,"Unit 9 Llay Industrial Estate, Llay, Wrexham, LL12 0PX, Wales"
17446208,GDS DESIGN SERVICES LIMITED,2026-09-08,active,ltd,71121;71122;71129,"Flat 1 39 Baddow Road, Chelmsford, CM2 0DA, England"
17446213,CRE8IVE SYSTEMS LTD,2026-09-08,active,ltd,62012;62020,"Flat 4, Kingfisher House, 10 Hoffmanns Way, Chelmsford, CM1 1FR, England"
17446203,JJ CRAFTSMAN LTD,2026-09-08,active,ltd,81100,"89 Woodhouse Avenue, Perivale, Greenford, UB6 8LQ, England"
SC901956,DOCHERTY SMILES HOLDINGS LIMITED,2026-09-08,active,ltd,64209,"3 Scarhill Street, Coatbridge, North Lanarkshire, ML5 5BD, Scotland"
17446201,BRAR DEVELOPMENTS LTD,2026-09-08,active,ltd,41202;43390,"4 Egglestone Close, Kempston, Bedford, MK42 8QE, England"
SC901971,ACFB LTD,2026-09-08,active,ltd,64922,"321 Paisley Road West, Glasgow, G51 1LU, Scotland"
17446438,ZAVIRA LIMITED,2026-09-08,active,ltd,47710,"100 Main Road, Sheffield, S9 5HN, England"
17446426,ZIN DINING LTD,2026-09-08,active,ltd,56101,"500 White Hart Lane, London, N17 7NA, England"
17446405,IMPERIAL DYNAMICS LTD,2026-09-08,active,ltd,62012,"261 Bolton Road, Bury, BL8 2NZ, England"
17446446,YL PROPERTY HOLDINGS LTD,2026-09-08,active,ltd,68100;68209,"99 Dimsdale Drive, Enfield, EN1 1HD, England"
NI743604,THE GREEK STOP LIMITED,2026-09-08,active,ltd,56102,"442 Woodstock Road, Belfast, BT6 9DR, Northern Ireland"
17446415,RED MAMBA AI LTD,2026-09-08,active,ltd,62012,"261 Bolton Road, Bury, BL8 2NZ, England"
17446677,MIVAX GLOBAL HOLDINGS LIMITED,2026-09-08,active,ltd,47910;62012;62020;70229,"Unit 7 Monsall Road, Manchester, M40 8WN, England"
17446683,TRAVELSUN GLOBAL LTD,2026-09-08,active,ltd,47910;55209;79110;79120,"272 Haworth Road, Bradford, BD9 6NS, England"
17446687,GOTRAVELS GLOBAL LTD,2026-09-08,active,ltd,79110,"Office 1770 85 Dunstall Hill, Wolverhampton, WV60SR, United Kingdom"
17446693,ELTHAM  SUN RISE LTD,2026-09-08,active,ltd,68209,"128 City Road, London, EC1V 2NX, United Kingdom"
17446676,THE LANDSCAPING STANDARD LIMITED,2026-09-08,active,ltd,96090,"38 Eton Wick Road, Eton Wick, Windsor, SL4 6JL, England"
17446678,CROWTHER CARE LTD,2026-09-08,active,ltd,86220,"Woodhouse Barn, Ring Road, Leeds, LS17 8NN, United Kingdom"
17446664,GRANDE RETREAT LIMITED,2026-09-08,active,ltd,68209;68320,"74 Albert Carr Gardens, London, SW16 3HF, United Kingdom"
17446671,BIG RIVER LOGISTICS LIMITED,2026-09-08,active,ltd,49410;52103;78200,"1 Northside, Birtley, Chester Le Street, DH3 1RD, England"

17428271,"","2026-09-01","active","ltd","99999",""
17428270,"","2026-09-01","active","ltd","99999",""
17428269,"","2026-09-01","active","ltd","99999",""
17428275,"","2026-09-01","active","ltd","99999",""
17428299,"","2026-09-01","active","ltd","99999",""
17428298,"","2026-09-01","active","ltd","99999",""
17428360,"","2026-09-01","active","ltd","99999",""
17428362,"","2026-09-01","active","ltd","99999",""
17428363,"","2026-09-01","active","ltd","99999",""
17428478,"","2026-09-01","active","ltd","99999",""
17428479,"","2026-09-01","active","ltd","99999",""
17428481,"","2026-09-01","active","ltd","99999",""
17428480,"","2026-09-01","active","ltd","99999",""
17428562,"","2026-09-01","active","ltd","99999",""
17428571,"","2026-09-01","active","ltd","99999",""
17428573,"","2026-09-01","active","ltd","99999",""
17428560,"","2026-09-01","active","ltd","99999",""
17428716,"","2026-09-01","active","ltd","99999",""
17428717,"","2026-09-01","active","ltd","99999",""
17428718,"","2026-09-01","active","ltd","99999",""
17428715,"","2026-09-01","active","ltd","99999",""
17428722,"","2026-09-01","active","ltd","99999",""
17428788,"","2026-09-01","active","ltd","99999",""
17428791,"","2026-09-01","active","ltd","99999",""
SC900918,"","2026-09-01","active","ltd","99999",""
17428877,"","2026-09-01","active","ltd","99999",""
17428885,"","2026-09-01","active","ltd","99999",""
17428901,"","2026-09-01","active","ltd","99999",""
17428902,"","2026-09-01","active","ltd","99999",""
17428904,"","2026-09-01","active","ltd","99999",""
17428908,"","2026-09-01","active","ltd","99999",""
17428906,"","2026-09-01","active","ltd","99999",""
17429021,"","2026-09-01","active","ltd","99999",""
SC900926,"","2026-09-01","active","ltd","99999",""
17429167,"","2026-09-01","active","ltd","99999",""
17429170,"","2026-09-01","active","ltd","99999",""
17429171,"","2026-09-01","active","ltd","99999",""
17429295,"","2026-09-01","active","ltd","99999",""
17429293,"","2026-09-01","active","ltd","99999",""
17429294,"","2026-09-01","active","ltd","99999",""
17429304,"","2026-09-01","active","ltd","99999",""
17429297,"","2026-09-01","active","ltd","99999",""
17429310,"","2026-09-01","active","ltd","99999",""
17429307,"","2026-09-01","active","ltd","99999",""
17429289,"","2026-09-01","active","ltd","99999",""
17429291,"","2026-09-01","active","ltd","99999",""
17429435,"","2026-09-01","active","ltd","99999",""
17429449,"","2026-09-01","active","ltd","99999",""
17429428,"","2026-09-01","active","ltd","99999",""
17429447,"","2026-09-01","active","ltd","99999",""
17429442,"","2026-09-01","active","ltd","99999",""
17429433,"","2026-09-01","active","ltd","99999",""
17429437,"","2026-09-01","active","ltd","99999",""
17429796,"","2026-09-01","active","ltd","99999",""
17429794,"","2026-09-01","active","ltd","99999",""
17429790,"","2026-09-01","active","ltd","99999",""
17429793,"","2026-09-01","active","ltd","99999",""
17429791,"","2026-09-01","active","ltd","99999",""
17429824,"","2026-09-01","active","ltd","99999",""
17429810,"","2026-09-01","active","ltd","99999",""
SC901045,"","2026-09-01","active","ltd","99999",""
17430160,"","2026-09-01","active","ltd","99999",""
17430157,"","2026-09-01","active","ltd","99999",""
17430165,"","2026-09-01","active","ltd","99999",""
17430172,"","2026-09-01","active","ltd","99999",""
17430342,"","2026-09-01","active","ltd","99999",""
17430345,"","2026-09-01","active","ltd","99999",""
17430358,"","2026-09-01","active","ltd","99999",""
17430357,"","2026-09-01","active","ltd","99999",""
17430354,"","2026-09-01","active","ltd","99999",""
17430337,"","2026-09-01","active","ltd","99999",""
17430338,"","2026-09-01","active","ltd","99999",""
17430339,"","2026-09-01","active","ltd","99999",""
17430350,"","2026-09-01","active","ltd","99999",""
SC901057,"","2026-09-01","active","ltd","99999",""
17430455,"","2026-09-01","active","ltd","99999",""
17430466,"","2026-09-01","active","ltd","99999",""
SC901056,"","2026-09-01","active","ltd","99999",""
17430463,"","2026-09-01","active","ltd","99999",""
17430465,"","2026-09-01","active","ltd","99999",""
17430450,"","2026-09-01","active","ltd","99999",""
17430457,"","2026-09-01","active","ltd","99999",""
17430763,"","2026-09-01","active","ltd","99999",""
17430761,"","2026-09-01","active","ltd","99999",""
17430766,"","2026-09-01","active","ltd","99999",""
17430772,"","2026-09-01","active","ltd","99999",""
17430769,"","2026-09-01","active","ltd","99999",""
17430767,"","2026-09-01","active","ltd","99999",""
17430742,"","2026-09-01","active","ltd","99999",""
17430755,"","2026-09-01","active","ltd","99999",""
SC901077,"","2026-09-01","active","ltd","99999",""
17430732,"","2026-09-01","active","ltd","99999",""
17430727,"","2026-09-01","active","ltd","99999",""
17430733,"","2026-09-01","active","ltd","99999",""
17431087,"","2026-09-01","active","ltd","99999",""
17431091,"","2026-09-01","active","ltd","99999",""
17431095,"","2026-09-01","active","ltd","99999",""
17431101,"","2026-09-01","active","ltd","99999",""
17431102,"","2026-09-01","active","ltd","99999",""
17431100,"","2026-09-01","active","ltd","99999",""
17431078,"","2026-09-01","active","ltd","99999",""
17431085,"","2026-09-01","active","ltd","99999",""
17431308,"","2026-09-01","active","ltd","99999",""
17431319,"","2026-09-01","active","ltd","99999",""
SC901105,"","2026-09-01","active","ltd","99999",""
SC901106,"","2026-09-01","active","ltd","99999",""
17431315,"","2026-09-01","active","ltd","99999",""
17431304,"","2026-09-01","active","ltd","99999",""
SC901107,"","2026-09-01","active","ltd","99999",""
17431316,"","2026-09-01","active","ltd","99999",""
17431552,"","2026-09-01","active","ltd","99999",""
17431558,"","2026-09-01","active","ltd","99999",""
17431556,"","2026-09-01","active","ltd","99999",""
17431576,"","2026-09-01","active","ltd","99999",""
17431546,"","2026-09-01","active","ltd","99999",""
17431549,"","2026-09-01","active","ltd","99999",""
17431551,"","2026-09-01","active","ltd","99999",""
17431578,"","2026-09-01","active","ltd","99999",""
17431967,"","2026-09-01","active","ltd","99999",""
17431978,"","2026-09-01","active","ltd","99999",""
17431969,"","2026-09-01","active","ltd","99999",""
17431968,"","2026-09-01","active","ltd","99999",""
17431973,"","2026-09-01","active","ltd","99999",""
17431961,"","2026-09-01","active","ltd","99999",""
17431966,"","2026-09-01","active","ltd","99999",""
17432095,"","2026-09-01","active","ltd","99999",""
17432131,"","2026-09-01","active","ltd","99999",""
17432134,"","2026-09-01","active","ltd","99999",""
17432133,"","2026-09-01","active","ltd","99999",""
17432135,"","2026-09-01","active","ltd","99999",""
17432169,"","2026-09-01","active","ltd","99999",""
17432173,"","2026-09-01","active","ltd","99999",""
SC901166,"","2026-09-01","active","ltd","99999",""
17432176,"","2026-09-01","active","ltd","99999",""
17432285,"","2026-09-01","active","ltd","99999",""
17432290,"","2026-09-01","active","ltd","99999",""
17432415,"","2026-09-01","active","ltd","99999",""
17432422,"","2026-09-01","active","ltd","99999",""
17432421,"","2026-09-01","active","ltd","99999",""
17432401,"","2026-09-01","active","ltd","99999",""
17432403,"","2026-09-01","active","ltd","99999",""
17432417,"","2026-09-01","active","ltd","99999",""
17432411,"","2026-09-01","active","ltd","99999",""
17432405,"","2026-09-01","active","ltd","99999",""
17432621,"","2026-09-01","active","ltd","99999",""
17432622,"","2026-09-01","active","ltd","99999",""
17432620,"","2026-09-01","active","ltd","99999",""
17432832,"","2026-09-01","active","ltd","99999",""
17432830,"","2026-09-01","active","ltd","99999",""
17432831,"","2026-09-01","active","ltd","99999",""
17432952,"","2026-09-01","active","ltd","99999",""
17432951,"","2026-09-01","active","ltd","99999",""
17432954,"","2026-09-01","active","ltd","99999",""
17432964,"","2026-09-01","active","ltd","99999",""
SC901217,"","2026-09-01","active","ltd","99999",""
17432966,"","2026-09-01","active","ltd","99999",""
17432940,"","2026-09-01","active","ltd","99999",""
17432944,"","2026-09-01","active","ltd","99999",""
17432958,"","2026-09-01","active","ltd","99999",""
17432957,"","2026-09-01","active","ltd","99999",""
17432955,"","2026-09-01","active","ltd","99999",""
17432959,"","2026-09-01","active","ltd","99999",""
17432949,"","2026-09-01","active","ltd","99999",""
17432943,"","2026-09-01","active","ltd","99999",""
17432946,"","2026-09-01","active","ltd","99999",""
SC901238,"","2026-09-01","active","ltd","99999",""
17433134,"","2026-09-01","active","ltd","99999",""
17433260,"","2026-09-01","active","ltd","99999",""
17433258,"","2026-09-01","active","ltd","99999",""
17433262,"","2026-09-01","active","ltd","99999",""
17433241,"","2026-09-01","active","ltd","99999",""
17433238,"","2026-09-01","active","ltd","99999",""
17433235,"","2026-09-01","active","ltd","99999",""
17433232,"","2026-09-01","active","ltd","99999",""
17433236,"","2026-09-01","active","ltd","99999",""
17433246,"","2026-09-01","active","ltd","99999",""
17433392,"","2026-09-01","active","ltd","99999",""
17433387,"","2026-09-01","active","ltd","99999",""
17433390,"","2026-09-01","active","ltd","99999",""
SC901252,"","2026-09-01","active","ltd","99999",""
SC901253,"","2026-09-01","active","ltd","99999",""
17433384,"","2026-09-01","active","ltd","99999",""
17433379,"","2026-09-01","active","ltd","99999",""
17433357,"","2026-09-01","active","ltd","99999",""
17433355,"","2026-09-01","active","ltd","99999",""
17433353,"","2026-09-01","active","ltd","99999",""
17433365,"","2026-09-01","active","ltd","99999",""
17433363,"","2026-09-01","active","ltd","99999",""
17433366,"","2026-09-01","active","ltd","99999",""
17433369,"","2026-09-01","active","ltd","99999",""
17433349,"","2026-09-01","active","ltd","99999",""
17433345,"","2026-09-01","active","ltd","99999",""
17433972,"","2026-09-01","active","ltd","99999",""
17433954,"","2026-09-01","active","ltd","99999",""
17433970,"","2026-09-01","active","ltd","99999",""
17433968,"","2026-09-01","active","ltd","99999",""
17433944,"","2026-09-01","active","ltd","99999",""
17433957,"","2026-09-01","active","ltd","99999",""
17434162,"","2026-09-01","active","ltd","99999",""
17434157,"","2026-09-01","active","ltd","99999",""
17434166,"","2026-09-01","active","ltd","99999",""
17434170,"","2026-09-01","active","ltd","99999",""
17434155,"","2026-09-01","active","ltd","99999",""
17434153,"","2026-09-01","active","ltd","99999",""
17434150,"","2026-09-01","active","ltd","99999",""
17434147,"","2026-09-01","active","ltd","99999",""
17434154,"","2026-09-01","active","ltd","99999",""
17434131,"","2026-09-01","active","ltd","99999",""
NI743453,"","2026-09-01","active","ltd","99999",""
17434420,"","2026-09-01","active","ltd","99999",""
17434416,"","2026-09-01","active","ltd","99999",""
17434417,"","2026-09-01","active","ltd","99999",""
SC901329,"","2026-09-01","active","ltd","99999",""
SC901330,"","2026-09-01","active","ltd","99999",""
17434530,"","2026-09-01","active","ltd","99999",""
17434529,"","2026-09-01","active","ltd","99999",""
SC901341,"","2026-09-01","active","ltd","99999",""
17434526,"","2026-09-01","active","ltd","99999",""
17434542,"","2026-09-01","active","ltd","99999",""
17434540,"","2026-09-01","active","ltd","99999",""
17434524,"","2026-09-01","active","ltd","99999",""
17434690,"","2026-09-01","active","ltd","99999",""
17434689,"","2026-09-01","active","ltd","99999",""
17434688,"","2026-09-01","active","ltd","99999",""
17434696,"","2026-09-01","active","ltd","99999",""
17434695,"","2026-09-01","active","ltd","99999",""
17434692,"","2026-09-01","active","ltd","99999",""
17434699,"","2026-09-01","active","ltd","99999",""
17434759,"","2026-09-01","active","ltd","99999",""
17434768,"","2026-09-01","active","ltd","99999",""
17434755,"","2026-09-01","active","ltd","99999",""
17434764,"","2026-09-01","active","ltd","99999",""
17434758,"","2026-09-01","active","ltd","99999",""
17434762,"","2026-09-01","active","ltd","99999",""
17434939,"","2026-09-01","active","ltd","99999",""
17434945,"","2026-09-01","active","ltd","99999",""
17434940,"","2026-09-01","active","ltd","99999",""
17434952,"","2026-09-01","active","ltd","99999",""
17434950,"","2026-09-01","active","ltd","99999",""
17434947,"","2026-09-01","active","ltd","99999",""
17435028,"","2026-09-01","active","ltd","99999",""
17435597,"","2026-09-01","active","ltd","99999",""
17435598,"","2026-09-01","active","ltd","99999",""
NI743473,"","2026-09-01","active","ltd","99999",""
17435592,"","2026-09-01","active","ltd","99999",""
17435782,"","2026-09-01","active","ltd","99999",""
17435779,"","2026-09-01","active","ltd","99999",""
17435785,"","2026-09-01","active","ltd","99999",""
17435788,"","2026-09-01","active","ltd","99999",""
17435790,"","2026-09-01","active","ltd","99999",""
17435796,"","2026-09-01","active","ltd","99999",""
SC901413,"","2026-09-01","active","ltd","99999",""
17435988,"","2026-09-01","active","ltd","99999",""
17435992,"","2026-09-01","active","ltd","99999",""
17436185,"","2026-09-01","active","ltd","99999",""
17436180,"","2026-09-01","active","ltd","99999",""
17436187,"","2026-09-01","active","ltd","99999",""
17436232,"","2026-09-01","active","ltd","99999",""
17436225,"","2026-09-01","active","ltd","99999",""
17436224,"","2026-09-01","active","ltd","99999",""
17436230,"","2026-09-01","active","ltd","99999",""
17436233,"","2026-09-01","active","ltd","99999",""
SC901459,"","2026-09-01","active","ltd","99999",""
17436362,"","2026-09-01","active","ltd","99999",""
17436364,"","2026-09-01","active","ltd","99999",""
17436366,"","2026-09-01","active","ltd","99999",""
17436370,"","2026-09-01","active","ltd","99999",""
17436357,"","2026-09-01","active","ltd","99999",""
17436573,"","2026-09-01","active","ltd","99999",""
17436571,"","2026-09-01","active","ltd","99999",""
17436564,"","2026-09-01","active","ltd","99999",""
17436570,"","2026-09-01","active","ltd","99999",""
17436589,"","2026-09-01","active","ltd","99999",""
17436590,"","2026-09-01","active","ltd","99999",""
17436586,"","2026-09-01","active","ltd","99999",""
17436579,"","2026-09-01","active","ltd","99999",""
17436572,"","2026-09-01","active","ltd","99999",""
17436578,"","2026-09-01","active","ltd","99999",""
17436582,"","2026-09-01","active","ltd","99999",""
17436584,"","2026-09-01","active","ltd","99999",""
17436857,"","2026-09-01","active","ltd","99999",""
17436835,"","2026-09-01","active","ltd","99999",""
17436834,"","2026-09-01","active","ltd","99999",""
17436846,"","2026-09-01","active","ltd","99999",""
17436852,"","2026-09-01","active","ltd","99999",""
17436837,"","2026-09-01","active","ltd","99999",""
SC901517,"","2026-09-01","active","ltd","99999",""
17436940,"","2026-09-01","active","ltd","99999",""
17436937,"","2026-09-01","active","ltd","99999",""
17436946,"","2026-09-01","active","ltd","99999",""
17436947,"","2026-09-01","active","ltd","99999",""
17437053,"","2026-09-01","active","ltd","99999",""
17437059,"","2026-09-01","active","ltd","99999",""
17437058,"","2026-09-01","active","ltd","99999",""
17437054,"","2026-09-01","active","ltd","99999",""
17437060,"","2026-09-01","active","ltd","99999",""
17437056,"","2026-09-01","active","ltd","99999",""
17437052,"","2026-09-01","active","ltd","99999",""
17437245,"","2026-09-01","active","ltd","99999",""
SC901541,"","2026-09-01","active","ltd","99999",""
17437411,"","2026-09-01","active","ltd","99999",""
17437412,"","2026-09-01","active","ltd","99999",""
17437414,"","2026-09-01","active","ltd","99999",""
17437417,"","2026-09-01","active","ltd","99999",""
17437418,"","2026-09-01","active","ltd","99999",""
17437426,"","2026-09-01","active","ltd","99999",""
17437410,"","2026-09-01","active","ltd","99999",""
17437421,"","2026-09-01","active","ltd","99999",""
17428249,"","2026-09-01","active","ltd","99999",""
17428250,"","2026-09-01","active","ltd","99999",""
17428242,"","2026-09-01","active","ltd","99999",""
17428287,"","2026-09-01","active","ltd","99999",""
17428285,"","2026-09-01","active","ltd","99999",""
17428294,"","2026-09-01","active","ltd","99999",""
17428293,"","2026-09-01","active","ltd","99999",""
17428291,"","2026-09-01","active","ltd","99999",""
17428428,"","2026-09-01","active","ltd","99999",""
17428427,"","2026-09-01","active","ltd","99999",""
17428453,"","2026-09-01","active","ltd","99999",""
17428456,"","2026-09-01","active","ltd","99999",""
17428458,"","2026-09-01","active","ltd","99999",""
17428538,"","2026-09-01","active","ltd","99999",""
17428539,"","2026-09-01","active","ltd","99999",""
17428544,"","2026-09-01","active","ltd","99999",""
17428535,"","2026-09-01","active","ltd","99999",""
17428536,"","2026-09-01","active","ltd","99999",""
17428541,"","2026-09-01","active","ltd","99999",""
SC900880,"","2026-09-01","active","ltd","99999",""
17428659,"","2026-09-01","active","ltd","99999",""
17428660,"","2026-09-01","active","ltd","99999",""
17428742,"","2026-09-01","active","ltd","99999",""
17428747,"","2026-09-01","active","ltd","99999",""
17428741,"","2026-09-01","active","ltd","99999",""
17428740,"","2026-09-01","active","ltd","99999",""
17428828,"","2026-09-01","active","ltd","99999",""
17428821,"","2026-09-01","active","ltd","99999",""
17428826,"","2026-09-01","active","ltd","99999",""
17428961,"","2026-09-01","active","ltd","99999",""
17428955,"","2026-09-01","active","ltd","99999",""
17429045,"","2026-09-01","active","ltd","99999",""
17429047,"","2026-09-01","active","ltd","99999",""
17429046,"","2026-09-01","active","ltd","99999",""
NI743383,"","2026-09-01","active","ltd","99999",""
17429055,"","2026-09-01","active","ltd","99999",""
17429051,"","2026-09-01","active","ltd","99999",""
17429132,"","2026-09-01","active","ltd","99999",""
17429130,"","2026-09-01","active","ltd","99999",""
17429127,"","2026-09-01","active","ltd","99999",""
17429144,"","2026-09-01","active","ltd","99999",""
17429275,"","2026-09-01","active","ltd","99999",""
17429274,"","2026-09-01","active","ltd","99999",""
17429282,"","2026-09-01","active","ltd","99999",""
17429383,"","2026-09-01","active","ltd","99999",""
17429394,"","2026-09-01","active","ltd","99999",""
17429395,"","2026-09-01","active","ltd","99999",""
17429386,"","2026-09-01","active","ltd","99999",""
17429374,"","2026-09-01","active","ltd","99999",""
17429739,"","2026-09-01","active","ltd","99999",""
17429738,"","2026-09-01","active","ltd","99999",""
17429741,"","2026-09-01","active","ltd","99999",""
17429750,"","2026-09-01","active","ltd","99999",""
17429754,"","2026-09-01","active","ltd","99999",""
SC900987,"","2026-09-01","active","ltd","99999",""
17429721,"","2026-09-01","active","ltd","99999",""
SC900990,"","2026-09-01","active","ltd","99999",""
17429752,"","2026-09-01","active","ltd","99999",""
17429734,"","2026-09-01","active","ltd","99999",""
17429715,"","2026-09-01","active","ltd","99999",""
17430078,"","2026-09-01","active","ltd","99999",""
17430087,"","2026-09-01","active","ltd","99999",""
17430095,"","2026-09-01","active","ltd","99999",""
17430084,"","2026-09-01","active","ltd","99999",""
17430091,"","2026-09-01","active","ltd","99999",""
17430081,"","2026-09-01","active","ltd","99999",""
17430103,"","2026-09-01","active","ltd","99999",""
17430076,"","2026-09-01","active","ltd","99999",""
17430443,"","2026-09-01","active","ltd","99999",""
17430434,"","2026-09-01","active","ltd","99999",""
17430439,"","2026-09-01","active","ltd","99999",""
17430430,"","2026-09-01","active","ltd","99999",""
17430693,"","2026-09-01","active","ltd","99999",""
17430692,"","2026-09-01","active","ltd","99999",""
17430700,"","2026-09-01","active","ltd","99999",""
17430709,"","2026-09-01","active","ltd","99999",""
17430705,"","2026-09-01","active","ltd","99999",""
17430711,"","2026-09-01","active","ltd","99999",""
17430712,"","2026-09-01","active","ltd","99999",""
17430710,"","2026-09-01","active","ltd","99999",""
17430714,"","2026-09-01","active","ltd","99999",""
SC901076,"","2026-09-01","active","ltd","99999",""
17430691,"","2026-09-01","active","ltd","99999",""
17430864,"","2026-09-01","active","ltd","99999",""
17430865,"","2026-09-01","active","ltd","99999",""
17430873,"","2026-09-01","active","ltd","99999",""
SC901085,"","2026-09-01","active","ltd","99999",""
17430882,"","2026-09-01","active","ltd","99999",""
17430878,"","2026-09-01","active","ltd","99999",""
SC901097,"","2026-09-01","active","ltd","99999",""
17431239,"","2026-09-01","active","ltd","99999",""
17431240,"","2026-09-01","active","ltd","99999",""
17431245,"","2026-09-01","active","ltd","99999",""
17431250,"","2026-09-01","active","ltd","99999",""
17431426,"","2026-09-01","active","ltd","99999",""
SC901122,"","2026-09-01","active","ltd","99999",""
17431422,"","2026-09-01","active","ltd","99999",""
SC901119,"","2026-09-01","active","ltd","99999",""
SC901127,"","2026-09-01","active","ltd","99999",""
17431699,"","2026-09-01","active","ltd","99999",""
17431694,"","2026-09-01","active","ltd","99999",""
NI743400,"","2026-09-01","active","ltd","99999",""
17431702,"","2026-09-01","active","ltd","99999",""
17431695,"","2026-09-01","active","ltd","99999",""
17431682,"","2026-09-01","active","ltd","99999",""
17431685,"","2026-09-01","active","ltd","99999",""
17431683,"","2026-09-01","active","ltd","99999",""
17431678,"","2026-09-01","active","ltd","99999",""
17431679,"","2026-09-01","active","ltd","99999",""
17431703,"","2026-09-01","active","ltd","99999",""
17431999,"","2026-09-01","active","ltd","99999",""
17432001,"","2026-09-01","active","ltd","99999",""
17432002,"","2026-09-01","active","ltd","99999",""
17432006,"","2026-09-01","active","ltd","99999",""
17432016,"","2026-09-01","active","ltd","99999",""
17432013,"","2026-09-01","active","ltd","99999",""
17432009,"","2026-09-01","active","ltd","99999",""
17432011,"","2026-09-01","active","ltd","99999",""
17432008,"","2026-09-01","active","ltd","99999",""
17432004,"","2026-09-01","active","ltd","99999",""
17432050,"","2026-09-01","active","ltd","99999",""
17432045,"","2026-09-01","active","ltd","99999",""
17432040,"","2026-09-01","active","ltd","99999",""
17432042,"","2026-09-01","active","ltd","99999",""
17432180,"","2026-09-01","active","ltd","99999",""
17432186,"","2026-09-01","active","ltd","99999",""
17432184,"","2026-09-01","active","ltd","99999",""
17432198,"","2026-09-01","active","ltd","99999",""
17432181,"","2026-09-01","active","ltd","99999",""
17432189,"","2026-09-01","active","ltd","99999",""
17432177,"","2026-09-01","active","ltd","99999",""
17432248,"","2026-09-01","active","ltd","99999",""
17432246,"","2026-09-01","active","ltd","99999",""
17432247,"","2026-09-01","active","ltd","99999",""
17432245,"","2026-09-01","active","ltd","99999",""
17432241,"","2026-09-01","active","ltd","99999",""
17432236,"","2026-09-01","active","ltd","99999",""
17432237,"","2026-09-01","active","ltd","99999",""
17432243,"","2026-09-01","active","ltd","99999",""
17432239,"","2026-09-01","active","ltd","99999",""
17432337,"","2026-09-01","active","ltd","99999",""
17432342,"","2026-09-01","active","ltd","99999",""
17432333,"","2026-09-01","active","ltd","99999",""
17432341,"","2026-09-01","active","ltd","99999",""
17432327,"","2026-09-01","active","ltd","99999",""
17432339,"","2026-09-01","active","ltd","99999",""
17432466,"","2026-09-01","active","ltd","99999",""
17432452,"","2026-09-01","active","ltd","99999",""
17432453,"","2026-09-01","active","ltd","99999",""
17432458,"","2026-09-01","active","ltd","99999",""
17432461,"","2026-09-01","active","ltd","99999",""
17432464,"","2026-09-01","active","ltd","99999",""
17432457,"","2026-09-01","active","ltd","99999",""
17432468,"","2026-09-01","active","ltd","99999",""
17432591,"","2026-09-01","active","ltd","99999",""
17432593,"","2026-09-01","active","ltd","99999",""
17432598,"","2026-09-01","active","ltd","99999",""
17432595,"","2026-09-01","active","ltd","99999",""
17432611,"","2026-09-01","active","ltd","99999",""
17432608,"","2026-09-01","active","ltd","99999",""
17432606,"","2026-09-01","active","ltd","99999",""
17432597,"","2026-09-01","active","ltd","99999",""
17432603,"","2026-09-01","active","ltd","99999",""
17432748,"","2026-09-01","active","ltd","99999",""
17432749,"","2026-09-01","active","ltd","99999",""
17432727,"","2026-09-01","active","ltd","99999",""
17432724,"","2026-09-01","active","ltd","99999",""
17432728,"","2026-09-01","active","ltd","99999",""
17432741,"","2026-09-01","active","ltd","99999",""
17432723,"","2026-09-01","active","ltd","99999",""
17432743,"","2026-09-01","active","ltd","99999",""
17432916,"","2026-09-01","active","ltd","99999",""
17432933,"","2026-09-01","active","ltd","99999",""
17432925,"","2026-09-01","active","ltd","99999",""
17432926,"","2026-09-01","active","ltd","99999",""
17432929,"","2026-09-01","active","ltd","99999",""
17432914,"","2026-09-01","active","ltd","99999",""
17432932,"","2026-09-01","active","ltd","99999",""
17433158,"","2026-09-01","active","ltd","99999",""
17433154,"","2026-09-01","active","ltd","99999",""
17433163,"","2026-09-01","active","ltd","99999",""
17433164,"","2026-09-01","active","ltd","99999",""
17433144,"","2026-09-01","active","ltd","99999",""
17433167,"","2026-09-01","active","ltd","99999",""
17433171,"","2026-09-01","active","ltd","99999",""
17433168,"","2026-09-01","active","ltd","99999",""
17433147,"","2026-09-01","active","ltd","99999",""
17433517,"","2026-09-01","active","ltd","99999",""
17433527,"","2026-09-01","active","ltd","99999",""
17433511,"","2026-09-01","active","ltd","99999",""
17433515,"","2026-09-01","active","ltd","99999",""
17433510,"","2026-09-01","active","ltd","99999",""
17433525,"","2026-09-01","active","ltd","99999",""
17433526,"","2026-09-01","active","ltd","99999",""
17433634,"","2026-09-01","active","ltd","99999",""
17433636,"","2026-09-01","active","ltd","99999",""
17433653,"","2026-09-01","active","ltd","99999",""
17433648,"","2026-09-01","active","ltd","99999",""
SC901266,"","2026-09-01","active","ltd","99999",""
17433641,"","2026-09-01","active","ltd","99999",""
17433627,"","2026-09-01","active","ltd","99999",""
17433638,"","2026-09-01","active","ltd","99999",""
17433743,"","2026-09-01","active","ltd","99999",""
SC901274,"","2026-09-01","active","ltd","99999",""
17433755,"","2026-09-01","active","ltd","99999",""
17433758,"","2026-09-01","active","ltd","99999",""
17433759,"","2026-09-01","active","ltd","99999",""
17433748,"","2026-09-01","active","ltd","99999",""
17433754,"","2026-09-01","active","ltd","99999",""
17433753,"","2026-09-01","active","ltd","99999",""
17433751,"","2026-09-01","active","ltd","99999",""
17434029,"","2026-09-01","active","ltd","99999",""
17434030,"","2026-09-01","active","ltd","99999",""
17434042,"","2026-09-01","active","ltd","99999",""
NI743431,"","2026-09-01","active","ltd","99999",""
17434036,"","2026-09-01","active","ltd","99999",""
17434044,"","2026-09-01","active","ltd","99999",""
17434037,"","2026-09-01","active","ltd","99999",""
17434020,"","2026-09-01","active","ltd","99999",""
17434028,"","2026-09-01","active","ltd","99999",""
17434032,"","2026-09-01","active","ltd","99999",""
17434027,"","2026-09-01","active","ltd","99999",""
NI743442,"","2026-09-01","active","ltd","99999",""
17434276,"","2026-09-01","active","ltd","99999",""
17434393,"","2026-09-01","active","ltd","99999",""
17434552,"","2026-09-01","active","ltd","99999",""
17434557,"","2026-09-01","active","ltd","99999",""
17434568,"","2026-09-01","active","ltd","99999",""
17434541,"","2026-09-01","active","ltd","99999",""
17434546,"","2026-09-01","active","ltd","99999",""
17434562,"","2026-09-01","active","ltd","99999",""
NI743465,"","2026-09-01","active","ltd","99999",""
17434572,"","2026-09-01","active","ltd","99999",""
17434718,"","2026-09-01","active","ltd","99999",""
17434726,"","2026-09-01","active","ltd","99999",""
17434725,"","2026-09-01","active","ltd","99999",""
17434724,"","2026-09-01","active","ltd","99999",""
17434748,"","2026-09-01","active","ltd","99999",""
17434809,"","2026-09-01","active","ltd","99999",""
17434806,"","2026-09-01","active","ltd","99999",""
17434805,"","2026-09-01","active","ltd","99999",""
SC901349,"","2026-09-01","active","ltd","99999",""
17434901,"","2026-09-01","active","ltd","99999",""
17434903,"","2026-09-01","active","ltd","99999",""
17434902,"","2026-09-01","active","ltd","99999",""
17435143,"","2026-09-01","active","ltd","99999",""
17435142,"","2026-09-01","active","ltd","99999",""
17435137,"","2026-09-01","active","ltd","99999",""
17435134,"","2026-09-01","active","ltd","99999",""
17435141,"","2026-09-01","active","ltd","99999",""
17435132,"","2026-09-01","active","ltd","99999",""
17435130,"","2026-09-01","active","ltd","99999",""
17435343,"","2026-09-01","active","ltd","99999",""
17435342,"","2026-09-01","active","ltd","99999",""
17435345,"","2026-09-01","active","ltd","99999",""
17435328,"","2026-09-01","active","ltd","99999",""
17435350,"","2026-09-01","active","ltd","99999",""
17435322,"","2026-09-01","active","ltd","99999",""
17435336,"","2026-09-01","active","ltd","99999",""
17435321,"","2026-09-01","active","ltd","99999",""
17435320,"","2026-09-01","active","ltd","99999",""
17435658,"","2026-09-01","active","ltd","99999",""
17435642,"","2026-09-01","active","ltd","99999",""
17435644,"","2026-09-01","active","ltd","99999",""
17435882,"","2026-09-01","active","ltd","99999",""
17435881,"","2026-09-01","active","ltd","99999",""
17435856,"","2026-09-01","active","ltd","99999",""
17435867,"","2026-09-01","active","ltd","99999",""
17435863,"","2026-09-01","active","ltd","99999",""
17435866,"","2026-09-01","active","ltd","99999",""
SC901393,"","2026-09-01","active","ltd","99999",""
17435887,"","2026-09-01","active","ltd","99999",""
17435886,"","2026-09-01","active","ltd","99999",""
17435875,"","2026-09-01","active","ltd","99999",""
17436110,"","2026-09-01","active","ltd","99999",""
17436115,"","2026-09-01","active","ltd","99999",""
17436101,"","2026-09-01","active","ltd","99999",""
17436094,"","2026-09-01","active","ltd","99999",""
17436112,"","2026-09-01","active","ltd","99999",""
17436343,"","2026-09-01","active","ltd","99999",""
17436345,"","2026-09-01","active","ltd","99999",""
17436344,"","2026-09-01","active","ltd","99999",""
17436351,"","2026-09-01","active","ltd","99999",""
17436349,"","2026-09-01","active","ltd","99999",""
17436354,"","2026-09-01","active","ltd","99999",""
17436340,"","2026-09-01","active","ltd","99999",""
17436487,"","2026-09-01","active","ltd","99999",""
17436500,"","2026-09-01","active","ltd","99999",""
17436504,"","2026-09-01","active","ltd","99999",""
17436506,"","2026-09-01","active","ltd","99999",""
17436509,"","2026-09-01","active","ltd","99999",""
17436494,"","2026-09-01","active","ltd","99999",""
17436491,"","2026-09-01","active","ltd","99999",""
17436746,"","2026-09-01","active","ltd","99999",""
17436747,"","2026-09-01","active","ltd","99999",""
17436751,"","2026-09-01","active","ltd","99999",""
17436754,"","2026-09-01","active","ltd","99999",""
17436740,"","2026-09-01","active","ltd","99999",""
17436745,"","2026-09-01","active","ltd","99999",""
17436757,"","2026-09-01","active","ltd","99999",""
17436873,"","2026-09-01","active","ltd","99999",""
17436860,"","2026-09-01","active","ltd","99999",""
NI743489,"","2026-09-01","active","ltd","99999",""
17436863,"","2026-09-01","active","ltd","99999",""
17436865,"","2026-09-01","active","ltd","99999",""
17436866,"","2026-09-01","active","ltd","99999",""
17437071,"","2026-09-01","active","ltd","99999",""
17437070,"","2026-09-01","active","ltd","99999",""
17437062,"","2026-09-01","active","ltd","99999",""
17437067,"","2026-09-01","active","ltd","99999",""
17437154,"","2026-09-01","active","ltd","99999",""
17437146,"","2026-09-01","active","ltd","99999",""
17437147,"","2026-09-01","active","ltd","99999",""
17437141,"","2026-09-01","active","ltd","99999",""
17437153,"","2026-09-01","active","ltd","99999",""
17437223,"","2026-09-01","active","ltd","99999",""
17437234,"","2026-09-01","active","ltd","99999",""
17437227,"","2026-09-01","active","ltd","99999",""
17437504,"","2026-09-01","active","ltd","99999",""
17437503,"","2026-09-01","active","ltd","99999",""
17437495,"","2026-09-01","active","ltd","99999",""
17437499,"","2026-09-01","active","ltd","99999",""
17437518,"","2026-09-01","active","ltd","99999",""
17437527,"","2026-09-01","active","ltd","99999",""
17437528,"","2026-09-01","active","ltd","99999",""
17437509,"","2026-09-01","active","ltd","99999",""
17437510,"","2026-09-01","active","ltd","99999",""
17429359,"","2026-09-01","active","ltd","99999",""
17429358,"","2026-09-01","active","ltd","99999",""
17429355,"","2026-09-01","active","ltd","99999",""
17429352,"","2026-09-01","active","ltd","99999",""
17429363,"","2026-09-01","active","ltd","99999",""
17429356,"","2026-09-01","active","ltd","99999",""
SC900954,"","2026-09-01","active","ltd","99999",""
17429562,"","2026-09-01","active","ltd","99999",""
17429558,"","2026-09-01","active","ltd","99999",""
17429556,"","2026-09-01","active","ltd","99999",""
17429563,"","2026-09-01","active","ltd","99999",""
17429552,"","2026-09-01","active","ltd","99999",""
17429554,"","2026-09-01","active","ltd","99999",""
17429548,"","2026-09-01","active","ltd","99999",""
17429542,"","2026-09-01","active","ltd","99999",""
17429550,"","2026-09-01","active","ltd","99999",""
17429541,"","2026-09-01","active","ltd","99999",""
17429539,"","2026-09-01","active","ltd","99999",""
17429538,"","2026-09-01","active","ltd","99999",""
17429534,"","2026-09-01","active","ltd","99999",""
17429570,"","2026-09-01","active","ltd","99999",""
17429923,"","2026-09-01","active","ltd","99999",""
17429921,"","2026-09-01","active","ltd","99999",""
SC901020,"","2026-09-01","active","ltd","99999",""
17429937,"","2026-09-01","active","ltd","99999",""
17429929,"","2026-09-01","active","ltd","99999",""
17429906,"","2026-09-01","active","ltd","99999",""
17429910,"","2026-09-01","active","ltd","99999",""
17429928,"","2026-09-01","active","ltd","99999",""
17429912,"","2026-09-01","active","ltd","99999",""
SC901021,"","2026-09-01","active","ltd","99999",""
17430200,"","2026-09-01","active","ltd","99999",""
17430195,"","2026-09-01","active","ltd","99999",""
17430202,"","2026-09-01","active","ltd","99999",""
17430180,"","2026-09-01","active","ltd","99999",""
17430184,"","2026-09-01","active","ltd","99999",""
17430181,"","2026-09-01","active","ltd","99999",""
17430188,"","2026-09-01","active","ltd","99999",""
NI743389,"","2026-09-01","active","ltd","99999",""
17430176,"","2026-09-01","active","ltd","99999",""
17430190,"","2026-09-01","active","ltd","99999",""
17430175,"","2026-09-01","active","ltd","99999",""
17430191,"","2026-09-01","active","ltd","99999",""
17430392,"","2026-09-01","active","ltd","99999",""
17430387,"","2026-09-01","active","ltd","99999",""
17430388,"","2026-09-01","active","ltd","99999",""
17430396,"","2026-09-01","active","ltd","99999",""
17430382,"","2026-09-01","active","ltd","99999",""
17430401,"","2026-09-01","active","ltd","99999",""
17430404,"","2026-09-01","active","ltd","99999",""
17430397,"","2026-09-01","active","ltd","99999",""
17430403,"","2026-09-01","active","ltd","99999",""
17431458,"","2026-09-01","active","ltd","99999",""
17431460,"","2026-09-01","active","ltd","99999",""
17431459,"","2026-09-01","active","ltd","99999",""
17431466,"","2026-09-01","active","ltd","99999",""
SC901125,"","2026-09-01","active","ltd","99999",""
17431457,"","2026-09-01","active","ltd","99999",""
17431447,"","2026-09-01","active","ltd","99999",""
17431446,"","2026-09-01","active","ltd","99999",""
17431445,"","2026-09-01","active","ltd","99999",""
17431452,"","2026-09-01","active","ltd","99999",""
17431614,"","2026-09-01","active","ltd","99999",""
17431611,"","2026-09-01","active","ltd","99999",""
17431595,"","2026-09-01","active","ltd","99999",""
17431617,"","2026-09-01","active","ltd","99999",""
17431627,"","2026-09-01","active","ltd","99999",""
17431622,"","2026-09-01","active","ltd","99999",""
17431587,"","2026-09-01","active","ltd","99999",""
17431586,"","2026-09-01","active","ltd","99999",""
17431591,"","2026-09-01","active","ltd","99999",""
17431616,"","2026-09-01","active","ltd","99999",""
17431610,"","2026-09-01","active","ltd","99999",""
17431594,"","2026-09-01","active","ltd","99999",""
17431863,"","2026-09-01","active","ltd","99999",""
17431872,"","2026-09-01","active","ltd","99999",""
17431875,"","2026-09-01","active","ltd","99999",""
17431869,"","2026-09-01","active","ltd","99999",""
17431868,"","2026-09-01","active","ltd","99999",""
17431876,"","2026-09-01","active","ltd","99999",""
17431880,"","2026-09-01","active","ltd","99999",""
17431886,"","2026-09-01","active","ltd","99999",""
17431870,"","2026-09-01","active","ltd","99999",""
17432078,"","2026-09-01","active","ltd","99999",""
17432081,"","2026-09-01","active","ltd","99999",""
17432108,"","2026-09-01","active","ltd","99999",""
17432109,"","2026-09-01","active","ltd","99999",""
17432099,"","2026-09-01","active","ltd","99999",""
17432104,"","2026-09-01","active","ltd","99999",""
17432262,"","2026-09-01","active","ltd","99999",""
17432263,"","2026-09-01","active","ltd","99999",""
17432265,"","2026-09-01","active","ltd","99999",""
17432278,"","2026-09-01","active","ltd","99999",""
SC901176,"","2026-09-01","active","ltd","99999",""
17432280,"","2026-09-01","active","ltd","99999",""
SC901179,"","2026-09-01","active","ltd","99999",""
17432279,"","2026-09-01","active","ltd","99999",""
17432282,"","2026-09-01","active","ltd","99999",""
17432394,"","2026-09-01","active","ltd","99999",""
17432393,"","2026-09-01","active","ltd","99999",""
17432384,"","2026-09-01","active","ltd","99999",""
17432391,"","2026-09-01","active","ltd","99999",""
17432380,"","2026-09-01","active","ltd","99999",""
17432378,"","2026-09-01","active","ltd","99999",""
17432400,"","2026-09-01","active","ltd","99999",""
17432498,"","2026-09-01","active","ltd","99999",""
17432505,"","2026-09-01","active","ltd","99999",""
17432504,"","2026-09-01","active","ltd","99999",""
17432492,"","2026-09-01","active","ltd","99999",""
17432681,"","2026-09-01","active","ltd","99999",""
17432684,"","2026-09-01","active","ltd","99999",""
17432680,"","2026-09-01","active","ltd","99999",""
17432678,"","2026-09-01","active","ltd","99999",""
17432663,"","2026-09-01","active","ltd","99999",""
17432667,"","2026-09-01","active","ltd","99999",""
NI743406,"","2026-09-01","active","ltd","99999",""
17432671,"","2026-09-01","active","ltd","99999",""
17432849,"","2026-09-01","active","ltd","99999",""
17432846,"","2026-09-01","active","ltd","99999",""
17432853,"","2026-09-01","active","ltd","99999",""
17432842,"","2026-09-01","active","ltd","99999",""
17432844,"","2026-09-01","active","ltd","99999",""
17432843,"","2026-09-01","active","ltd","99999",""
17432845,"","2026-09-01","active","ltd","99999",""
17432850,"","2026-09-01","active","ltd","99999",""
17432852,"","2026-09-01","active","ltd","99999",""
17432855,"","2026-09-01","active","ltd","99999",""
17433065,"","2026-09-01","active","ltd","99999",""
17433070,"","2026-09-01","active","ltd","99999",""
17433076,"","2026-09-01","active","ltd","99999",""
17433082,"","2026-09-01","active","ltd","99999",""
17433087,"","2026-09-01","active","ltd","99999",""
17433088,"","2026-09-01","active","ltd","99999",""
17433072,"","2026-09-01","active","ltd","99999",""
17433079,"","2026-09-01","active","ltd","99999",""
17433075,"","2026-09-01","active","ltd","99999",""
17433074,"","2026-09-01","active","ltd","99999",""
17433084,"","2026-09-01","active","ltd","99999",""
17433212,"","2026-09-01","active","ltd","99999",""
17433219,"","2026-09-01","active","ltd","99999",""
17433227,"","2026-09-01","active","ltd","99999",""
17433456,"","2026-09-01","active","ltd","99999",""
17433457,"","2026-09-01","active","ltd","99999",""
17433458,"","2026-09-01","active","ltd","99999",""
17433466,"","2026-09-01","active","ltd","99999",""
17433449,"","2026-09-01","active","ltd","99999",""
17433453,"","2026-09-01","active","ltd","99999",""
17433450,"","2026-09-01","active","ltd","99999",""
17433467,"","2026-09-01","active","ltd","99999",""
17433448,"","2026-09-01","active","ltd","99999",""
17433440,"","2026-09-01","active","ltd","99999",""
17433464,"","2026-09-01","active","ltd","99999",""
17433570,"","2026-09-01","active","ltd","99999",""
17433567,"","2026-09-01","active","ltd","99999",""
17433575,"","2026-09-01","active","ltd","99999",""
17433574,"","2026-09-01","active","ltd","99999",""
17433577,"","2026-09-01","active","ltd","99999",""
17433584,"","2026-09-01","active","ltd","99999",""
SC901259,"","2026-09-01","active","ltd","99999",""
17433583,"","2026-09-01","active","ltd","99999",""
17433651,"","2026-09-01","active","ltd","99999",""
17433660,"","2026-09-01","active","ltd","99999",""
17433662,"","2026-09-01","active","ltd","99999",""
17433808,"","2026-09-01","active","ltd","99999",""
17433802,"","2026-09-01","active","ltd","99999",""
17433806,"","2026-09-01","active","ltd","99999",""
17433821,"","2026-09-01","active","ltd","99999",""
17433819,"","2026-09-01","active","ltd","99999",""
17433829,"","2026-09-01","active","ltd","99999",""
17433801,"","2026-09-01","active","ltd","99999",""
17433813,"","2026-09-01","active","ltd","99999",""
17433794,"","2026-09-01","active","ltd","99999",""
17433826,"","2026-09-01","active","ltd","99999",""
17433897,"","2026-09-01","active","ltd","99999",""
17433900,"","2026-09-01","active","ltd","99999",""
17433906,"","2026-09-01","active","ltd","99999",""
17433905,"","2026-09-01","active","ltd","99999",""
17433902,"","2026-09-01","active","ltd","99999",""
17433909,"","2026-09-01","active","ltd","99999",""
17433921,"","2026-09-01","active","ltd","99999",""
17433919,"","2026-09-01","active","ltd","99999",""
17433908,"","2026-09-01","active","ltd","99999",""
17434243,"","2026-09-01","active","ltd","99999",""
17434249,"","2026-09-01","active","ltd","99999",""
17434248,"","2026-09-01","active","ltd","99999",""
17434247,"","2026-09-01","active","ltd","99999",""
17434270,"","2026-09-01","active","ltd","99999",""
17434242,"","2026-09-01","active","ltd","99999",""
SC901298,"","2026-09-01","active","ltd","99999",""
17434268,"","2026-09-01","active","ltd","99999",""
17434265,"","2026-09-01","active","ltd","99999",""
17434380,"","2026-09-01","active","ltd","99999",""
17434379,"","2026-09-01","active","ltd","99999",""
17434374,"","2026-09-01","active","ltd","99999",""
17434378,"","2026-09-01","active","ltd","99999",""
17434377,"","2026-09-01","active","ltd","99999",""
17434385,"","2026-09-01","active","ltd","99999",""
17434433,"","2026-09-01","active","ltd","99999",""
17434430,"","2026-09-01","active","ltd","99999",""
SC901332,"","2026-09-01","active","ltd","99999",""
17434431,"","2026-09-01","active","ltd","99999",""
17434427,"","2026-09-01","active","ltd","99999",""
17434438,"","2026-09-01","active","ltd","99999",""
SC901333,"","2026-09-01","active","ltd","99999",""
SC901334,"","2026-09-01","active","ltd","99999",""
17434429,"","2026-09-01","active","ltd","99999",""
17434638,"","2026-09-01","active","ltd","99999",""
17434637,"","2026-09-01","active","ltd","99999",""
17434622,"","2026-09-01","active","ltd","99999",""
17434642,"","2026-09-01","active","ltd","99999",""
17434626,"","2026-09-01","active","ltd","99999",""
17434631,"","2026-09-01","active","ltd","99999",""
17434643,"","2026-09-01","active","ltd","99999",""
17434839,"","2026-09-01","active","ltd","99999",""
17434838,"","2026-09-01","active","ltd","99999",""
17434970,"","2026-09-01","active","ltd","99999",""
17434972,"","2026-09-01","active","ltd","99999",""
17434960,"","2026-09-01","active","ltd","99999",""
17435049,"","2026-09-01","active","ltd","99999",""
17435041,"","2026-09-01","active","ltd","99999",""
17435051,"","2026-09-01","active","ltd","99999",""
17435052,"","2026-09-01","active","ltd","99999",""
17435045,"","2026-09-01","active","ltd","99999",""
17435217,"","2026-09-01","active","ltd","99999",""
17435218,"","2026-09-01","active","ltd","99999",""
17435232,"","2026-09-01","active","ltd","99999",""
17435479,"","2026-09-01","active","ltd","99999",""
17435473,"","2026-09-01","active","ltd","99999",""
17435460,"","2026-09-01","active","ltd","99999",""
17435477,"","2026-09-01","active","ltd","99999",""
17435471,"","2026-09-01","active","ltd","99999",""
NI743474,"","2026-09-01","active","ltd","99999",""
17435633,"","2026-09-01","active","ltd","99999",""
17435629,"","2026-09-01","active","ltd","99999",""
SC901400,"","2026-09-01","active","ltd","99999",""
17435934,"","2026-09-01","active","ltd","99999",""
17435933,"","2026-09-01","active","ltd","99999",""
17435921,"","2026-09-01","active","ltd","99999",""
17435924,"","2026-09-01","active","ltd","99999",""
17435937,"","2026-09-01","active","ltd","99999",""
SC901424,"","2026-09-01","active","ltd","99999",""
SC901421,"","2026-09-01","active","ltd","99999",""
17435996,"","2026-09-01","active","ltd","99999",""
17436292,"","2026-09-01","active","ltd","99999",""
17436303,"","2026-09-01","active","ltd","99999",""
17436305,"","2026-09-01","active","ltd","99999",""
17436295,"","2026-09-01","active","ltd","99999",""
17436391,"","2026-09-01","active","ltd","99999",""
17436381,"","2026-09-01","active","ltd","99999",""
17436384,"","2026-09-01","active","ltd","99999",""
17436386,"","2026-09-01","active","ltd","99999",""
17436387,"","2026-09-01","active","ltd","99999",""
17436555,"","2026-09-01","active","ltd","99999",""
17436557,"","2026-09-01","active","ltd","99999",""
SC901484,"","2026-09-01","active","ltd","99999",""
17436545,"","2026-09-01","active","ltd","99999",""
17436553,"","2026-09-01","active","ltd","99999",""
17436543,"","2026-09-01","active","ltd","99999",""
17436556,"","2026-09-01","active","ltd","99999",""
17436547,"","2026-09-01","active","ltd","99999",""
17436550,"","2026-09-01","active","ltd","99999",""
17436552,"","2026-09-01","active","ltd","99999",""
17436554,"","2026-09-01","active","ltd","99999",""
17436952,"","2026-09-01","active","ltd","99999",""
17437022,"","2026-09-01","active","ltd","99999",""
17437028,"","2026-09-01","active","ltd","99999",""
17437098,"","2026-09-01","active","ltd","99999",""
17437111,"","2026-09-01","active","ltd","99999",""
17437115,"","2026-09-01","active","ltd","99999",""
17437112,"","2026-09-01","active","ltd","99999",""
17437117,"","2026-09-01","active","ltd","99999",""
17437110,"","2026-09-01","active","ltd","99999",""
17437261,"","2026-09-01","active","ltd","99999",""
17437259,"","2026-09-01","active","ltd","99999",""
17437270,"","2026-09-01","active","ltd","99999",""
17437267,"","2026-09-01","active","ltd","99999",""
17437394,"","2026-09-01","active","ltd","99999",""
17437400,"","2026-09-01","active","ltd","99999",""
17437399,"","2026-09-01","active","ltd","99999",""
17437397,"","2026-09-01","active","ltd","99999",""
17437377,"","2026-09-01","active","ltd","99999",""
17437376,"","2026-09-01","active","ltd","99999",""
17437386,"","2026-09-01","active","ltd","99999",""
17437379,"","2026-09-01","active","ltd","99999",""
17437381,"","2026-09-01","active","ltd","99999",""
17437387,"","2026-09-01","active","ltd","99999",""
17428316,"","2026-09-01","active","ltd","99999",""
SC900854,"","2026-09-01","active","ltd","99999",""
17428343,"","2026-09-01","active","ltd","99999",""
17428352,"","2026-09-01","active","ltd","99999",""
17428344,"","2026-09-01","active","ltd","99999",""
17428348,"","2026-09-01","active","ltd","99999",""
17428346,"","2026-09-01","active","ltd","99999",""
17428236,"","2026-09-01","active","ltd","99999",""
17428514,"","2026-09-01","active","ltd","99999",""
17428513,"","2026-09-01","active","ltd","99999",""
SC900876,"","2026-09-01","active","ltd","99999",""
17428553,"","2026-09-01","active","ltd","99999",""
17428554,"","2026-09-01","active","ltd","99999",""
17428552,"","2026-09-01","active","ltd","99999",""
17428608,"","2026-09-01","active","ltd","99999",""
17428606,"","2026-09-01","active","ltd","99999",""
17428611,"","2026-09-01","active","ltd","99999",""
17428612,"","2026-09-01","active","ltd","99999",""
17428609,"","2026-09-01","active","ltd","99999",""
17428610,"","2026-09-01","active","ltd","99999",""
17428671,"","2026-09-01","active","ltd","99999",""
17428670,"","2026-09-01","active","ltd","99999",""
17428760,"","2026-09-01","active","ltd","99999",""
17428754,"","2026-09-01","active","ltd","99999",""
17428751,"","2026-09-01","active","ltd","99999",""
17428789,"","2026-09-01","active","ltd","99999",""
17428834,"","2026-09-01","active","ltd","99999",""
17428832,"","2026-09-01","active","ltd","99999",""
17428830,"","2026-09-01","active","ltd","99999",""
17428835,"","2026-09-01","active","ltd","99999",""
17428837,"","2026-09-01","active","ltd","99999",""
17428891,"","2026-09-01","active","ltd","99999",""
17428893,"","2026-09-01","active","ltd","99999",""
17428898,"","2026-09-01","active","ltd","99999",""
17428895,"","2026-09-01","active","ltd","99999",""
17428894,"","2026-09-01","active","ltd","99999",""
17428890,"","2026-09-01","active","ltd","99999",""
17429094,"","2026-09-01","active","ltd","99999",""
17429088,"","2026-09-01","active","ltd","99999",""
SC900929,"","2026-09-01","active","ltd","99999",""
17429106,"","2026-09-01","active","ltd","99999",""
17429207,"","2026-09-01","active","ltd","99999",""
17429203,"","2026-09-01","active","ltd","99999",""
17429229,"","2026-09-01","active","ltd","99999",""
17429224,"","2026-09-01","active","ltd","99999",""
17429227,"","2026-09-01","active","ltd","99999",""
17429225,"","2026-09-01","active","ltd","99999",""
17429217,"","2026-09-01","active","ltd","99999",""
17429215,"","2026-09-01","active","ltd","99999",""
17429210,"","2026-09-01","active","ltd","99999",""
SC900935,"","2026-09-01","active","ltd","99999",""
17429402,"","2026-09-01","active","ltd","99999",""
17429404,"","2026-09-01","active","ltd","99999",""
17429399,"","2026-09-01","active","ltd","99999",""
17429418,"","2026-09-01","active","ltd","99999",""
17429405,"","2026-09-01","active","ltd","99999",""
17429409,"","2026-09-01","active","ltd","99999",""
17429422,"","2026-09-01","active","ltd","99999",""
17429420,"","2026-09-01","active","ltd","99999",""
17429416,"","2026-09-01","active","ltd","99999",""
17429412,"","2026-09-01","active","ltd","99999",""
17429664,"","2026-09-01","active","ltd","99999",""
SC900968,"","2026-09-01","active","ltd","99999",""
SC900970,"","2026-09-01","active","ltd","99999",""
SC900969,"","2026-09-01","active","ltd","99999",""
17429658,"","2026-09-01","active","ltd","99999",""
17429674,"","2026-09-01","active","ltd","99999",""
SC900974,"","2026-09-01","active","ltd","99999",""
SC900975,"","2026-09-01","active","ltd","99999",""
17429669,"","2026-09-01","active","ltd","99999",""
17429880,"","2026-09-01","active","ltd","99999",""
17429889,"","2026-09-01","active","ltd","99999",""
17429891,"","2026-09-01","active","ltd","99999",""
17429882,"","2026-09-01","active","ltd","99999",""
17429883,"","2026-09-01","active","ltd","99999",""
17429886,"","2026-09-01","active","ltd","99999",""
SC901015,"","2026-09-01","active","ltd","99999",""
17429887,"","2026-09-01","active","ltd","99999",""
17429863,"","2026-09-01","active","ltd","99999",""
17429866,"","2026-09-01","active","ltd","99999",""
17429871,"","2026-09-01","active","ltd","99999",""
17429895,"","2026-09-01","active","ltd","99999",""
17429903,"","2026-09-01","active","ltd","99999",""
17429893,"","2026-09-01","active","ltd","99999",""
17429864,"","2026-09-01","active","ltd","99999",""
17429869,"","2026-09-01","active","ltd","99999",""
SC901012,"","2026-09-01","active","ltd","99999",""
17429877,"","2026-09-01","active","ltd","99999",""
17429875,"","2026-09-01","active","ltd","99999",""
17430270,"","2026-09-01","active","ltd","99999",""
17430274,"","2026-09-01","active","ltd","99999",""
17430259,"","2026-09-01","active","ltd","99999",""
17430260,"","2026-09-01","active","ltd","99999",""
17430278,"","2026-09-01","active","ltd","99999",""
SC901050,"","2026-09-01","active","ltd","99999",""
17430284,"","2026-09-01","active","ltd","99999",""
17430287,"","2026-09-01","active","ltd","99999",""
SC901048,"","2026-09-01","active","ltd","99999",""
17430288,"","2026-09-01","active","ltd","99999",""
17430273,"","2026-09-01","active","ltd","99999",""
17430471,"","2026-09-01","active","ltd","99999",""
17430474,"","2026-09-01","active","ltd","99999",""
17430470,"","2026-09-01","active","ltd","99999",""
17430490,"","2026-09-01","active","ltd","99999",""
17430485,"","2026-09-01","active","ltd","99999",""
17430487,"","2026-09-01","active","ltd","99999",""
17430498,"","2026-09-01","active","ltd","99999",""
17430483,"","2026-09-01","active","ltd","99999",""
17430670,"","2026-09-01","active","ltd","99999",""
17430675,"","2026-09-01","active","ltd","99999",""
17430682,"","2026-09-01","active","ltd","99999",""
17430671,"","2026-09-01","active","ltd","99999",""
17430668,"","2026-09-01","active","ltd","99999",""
17430652,"","2026-09-01","active","ltd","99999",""
NI743395,"","2026-09-01","active","ltd","99999",""
17430679,"","2026-09-01","active","ltd","99999",""
17430662,"","2026-09-01","active","ltd","99999",""
17430660,"","2026-09-01","active","ltd","99999",""
17430655,"","2026-09-01","active","ltd","99999",""
17431018,"","2026-09-01","active","ltd","99999",""
17431025,"","2026-09-01","active","ltd","99999",""
17431022,"","2026-09-01","active","ltd","99999",""
17431035,"","2026-09-01","active","ltd","99999",""
17431040,"","2026-09-01","active","ltd","99999",""
SC901086,"","2026-09-01","active","ltd","99999",""
17431031,"","2026-09-01","active","ltd","99999",""
17431033,"","2026-09-01","active","ltd","99999",""
17431006,"","2026-09-01","active","ltd","99999",""
17431028,"","2026-09-01","active","ltd","99999",""
17431130,"","2026-09-01","active","ltd","99999",""
17431133,"","2026-09-01","active","ltd","99999",""
17431132,"","2026-09-01","active","ltd","99999",""
17431120,"","2026-09-01","active","ltd","99999",""
17431126,"","2026-09-01","active","ltd","99999",""
17431111,"","2026-09-01","active","ltd","99999",""
17431116,"","2026-09-01","active","ltd","99999",""
17431348,"","2026-09-01","active","ltd","99999",""
17431325,"","2026-09-01","active","ltd","99999",""
17431324,"","2026-09-01","active","ltd","99999",""
17431344,"","2026-09-01","active","ltd","99999",""
17431339,"","2026-09-01","active","ltd","99999",""
17431334,"","2026-09-01","active","ltd","99999",""
17431341,"","2026-09-01","active","ltd","99999",""
17431345,"","2026-09-01","active","ltd","99999",""
17431332,"","2026-09-01","active","ltd","99999",""
17431337,"","2026-09-01","active","ltd","99999",""
17431791,"","2026-09-01","active","ltd","99999",""
SC901141,"","2026-09-01","active","ltd","99999",""
17431807,"","2026-09-01","active","ltd","99999",""
17431790,"","2026-09-01","active","ltd","99999",""
17431786,"","2026-09-01","active","ltd","99999",""
17431777,"","2026-09-01","active","ltd","99999",""
17431783,"","2026-09-01","active","ltd","99999",""
17431792,"","2026-09-01","active","ltd","99999",""
17431798,"","2026-09-01","active","ltd","99999",""
17431810,"","2026-09-01","active","ltd","99999",""
17431801,"","2026-09-01","active","ltd","99999",""
17431797,"","2026-09-01","active","ltd","99999",""
17432038,"","2026-09-01","active","ltd","99999",""
17432054,"","2026-09-01","active","ltd","99999",""
17432203,"","2026-09-01","active","ltd","99999",""
17432205,"","2026-09-01","active","ltd","99999",""
17432212,"","2026-09-01","active","ltd","99999",""
17432202,"","2026-09-01","active","ltd","99999",""
17432214,"","2026-09-01","active","ltd","99999",""
SC901169,"","2026-09-01","active","ltd","99999",""
17432254,"","2026-09-01","active","ltd","99999",""
17432256,"","2026-09-01","active","ltd","99999",""
17432259,"","2026-09-01","active","ltd","99999",""
17432253,"","2026-09-01","active","ltd","99999",""
17432258,"","2026-09-01","active","ltd","99999",""
17432512,"","2026-09-01","active","ltd","99999",""
17432521,"","2026-09-01","active","ltd","99999",""
17432658,"","2026-09-01","active","ltd","99999",""
17432652,"","2026-09-01","active","ltd","99999",""
17432655,"","2026-09-01","active","ltd","99999",""
17432656,"","2026-09-01","active","ltd","99999",""
17432659,"","2026-09-01","active","ltd","99999",""
17432646,"","2026-09-01","active","ltd","99999",""
17432650,"","2026-09-01","active","ltd","99999",""
17432653,"","2026-09-01","active","ltd","99999",""
17432797,"","2026-09-01","active","ltd","99999",""
17432783,"","2026-09-01","active","ltd","99999",""
17432785,"","2026-09-01","active","ltd","99999",""
17432789,"","2026-09-01","active","ltd","99999",""
SC901197,"","2026-09-01","active","ltd","99999",""
17432793,"","2026-09-01","active","ltd","99999",""
17432889,"","2026-09-01","active","ltd","99999",""
17432888,"","2026-09-01","active","ltd","99999",""
17432887,"","2026-09-01","active","ltd","99999",""
17432880,"","2026-09-01","active","ltd","99999",""
17432890,"","2026-09-01","active","ltd","99999",""
17432878,"","2026-09-01","active","ltd","99999",""
17432891,"","2026-09-01","active","ltd","99999",""
17432992,"","2026-09-01","active","ltd","99999",""
17432975,"","2026-09-01","active","ltd","99999",""
17432978,"","2026-09-01","active","ltd","99999",""
17432980,"","2026-09-01","active","ltd","99999",""
17432984,"","2026-09-01","active","ltd","99999",""
17433192,"","2026-09-01","active","ltd","99999",""
17433193,"","2026-09-01","active","ltd","99999",""
17433198,"","2026-09-01","active","ltd","99999",""
17433201,"","2026-09-01","active","ltd","99999",""
17433184,"","2026-09-01","active","ltd","99999",""
17433551,"","2026-09-01","active","ltd","99999",""
17433599,"","2026-09-01","active","ltd","99999",""
17433596,"","2026-09-01","active","ltd","99999",""
SC901261,"","2026-09-01","active","ltd","99999",""
SC901263,"","2026-09-01","active","ltd","99999",""
17433603,"","2026-09-01","active","ltd","99999",""
17433725,"","2026-09-01","active","ltd","99999",""
17433731,"","2026-09-01","active","ltd","99999",""
17433729,"","2026-09-01","active","ltd","99999",""
NI743424,"","2026-09-01","active","ltd","99999",""
17433738,"","2026-09-01","active","ltd","99999",""
17433778,"","2026-09-01","active","ltd","99999",""
17433781,"","2026-09-01","active","ltd","99999",""
17433785,"","2026-09-01","active","ltd","99999",""
17433779,"","2026-09-01","active","ltd","99999",""
SC901276,"","2026-09-01","active","ltd","99999",""
17433772,"","2026-09-01","active","ltd","99999",""
17433768,"","2026-09-01","active","ltd","99999",""
17433767,"","2026-09-01","active","ltd","99999",""
17433773,"","2026-09-01","active","ltd","99999",""
17433796,"","2026-09-01","active","ltd","99999",""
17433777,"","2026-09-01","active","ltd","99999",""
17433789,"","2026-09-01","active","ltd","99999",""
17433800,"","2026-09-01","active","ltd","99999",""
17434073,"","2026-09-01","active","ltd","99999",""
17434070,"","2026-09-01","active","ltd","99999",""
17434069,"","2026-09-01","active","ltd","99999",""
17434068,"","2026-09-01","active","ltd","99999",""
17434062,"","2026-09-01","active","ltd","99999",""
17434079,"","2026-09-01","active","ltd","99999",""
17434087,"","2026-09-01","active","ltd","99999",""
17434088,"","2026-09-01","active","ltd","99999",""
17434100,"","2026-09-01","active","ltd","99999",""
17434360,"","2026-09-01","active","ltd","99999",""
SC901320,"","2026-09-01","active","ltd","99999",""
17434365,"","2026-09-01","active","ltd","99999",""
17434364,"","2026-09-01","active","ltd","99999",""
17434357,"","2026-09-01","active","ltd","99999",""
SC901316,"","2026-09-01","active","ltd","99999",""
NI743448,"","2026-09-01","active","ltd","99999",""
17434361,"","2026-09-01","active","ltd","99999",""
17434467,"","2026-09-01","active","ltd","99999",""
17434598,"","2026-09-01","active","ltd","99999",""
17434593,"","2026-09-01","active","ltd","99999",""
17434601,"","2026-09-01","active","ltd","99999",""
17434605,"","2026-09-01","active","ltd","99999",""
17434611,"","2026-09-01","active","ltd","99999",""
17434612,"","2026-09-01","active","ltd","99999",""
17434614,"","2026-09-01","active","ltd","99999",""
17434617,"","2026-09-01","active","ltd","99999",""
17434615,"","2026-09-01","active","ltd","99999",""
17434786,"","2026-09-01","active","ltd","99999",""
17434783,"","2026-09-01","active","ltd","99999",""
17434791,"","2026-09-01","active","ltd","99999",""
17434803,"","2026-09-01","active","ltd","99999",""
17434909,"","2026-09-01","active","ltd","99999",""
17434914,"","2026-09-01","active","ltd","99999",""
17434915,"","2026-09-01","active","ltd","99999",""
17434911,"","2026-09-01","active","ltd","99999",""
17434910,"","2026-09-01","active","ltd","99999",""
17435124,"","2026-09-01","active","ltd","99999",""
17435201,"","2026-09-01","active","ltd","99999",""
17435209,"","2026-09-01","active","ltd","99999",""
17435210,"","2026-09-01","active","ltd","99999",""
17435407,"","2026-09-01","active","ltd","99999",""
17435399,"","2026-09-01","active","ltd","99999",""
17435406,"","2026-09-01","active","ltd","99999",""
17435396,"","2026-09-01","active","ltd","99999",""
17435398,"","2026-09-01","active","ltd","99999",""
17435488,"","2026-09-01","active","ltd","99999",""
17435492,"","2026-09-01","active","ltd","99999",""
17435493,"","2026-09-01","active","ltd","99999",""
17435494,"","2026-09-01","active","ltd","99999",""
17435499,"","2026-09-01","active","ltd","99999",""
17435745,"","2026-09-01","active","ltd","99999",""
17435747,"","2026-09-01","active","ltd","99999",""
17435754,"","2026-09-01","active","ltd","99999",""
17435753,"","2026-09-01","active","ltd","99999",""
17435773,"","2026-09-01","active","ltd","99999",""
17435768,"","2026-09-01","active","ltd","99999",""
17436030,"","2026-09-01","active","ltd","99999",""
SC901439,"","2026-09-01","active","ltd","99999",""
SC901449,"","2026-09-01","active","ltd","99999",""
SC901450,"","2026-09-01","active","ltd","99999",""
NI743485,"","2026-09-01","active","ltd","99999",""
17436125,"","2026-09-01","active","ltd","99999",""
17436134,"","2026-09-01","active","ltd","99999",""
17436137,"","2026-09-01","active","ltd","99999",""
17436287,"","2026-09-01","active","ltd","99999",""
17436289,"","2026-09-01","active","ltd","99999",""
17436270,"","2026-09-01","active","ltd","99999",""
17436277,"","2026-09-01","active","ltd","99999",""
17436284,"","2026-09-01","active","ltd","99999",""
17436531,"","2026-09-01","active","ltd","99999",""
SC901481,"","2026-09-01","active","ltd","99999",""
17436537,"","2026-09-01","active","ltd","99999",""
17436518,"","2026-09-01","active","ltd","99999",""
17436519,"","2026-09-01","active","ltd","99999",""
17436527,"","2026-09-01","active","ltd","99999",""
17436515,"","2026-09-01","active","ltd","99999",""
SC901480,"","2026-09-01","active","ltd","99999",""
17436530,"","2026-09-01","active","ltd","99999",""
17436705,"","2026-09-01","active","ltd","99999",""
17436707,"","2026-09-01","active","ltd","99999",""
17436708,"","2026-09-01","active","ltd","99999",""
17436711,"","2026-09-01","active","ltd","99999",""
17436709,"","2026-09-01","active","ltd","99999",""
17436716,"","2026-09-01","active","ltd","99999",""
17436717,"","2026-09-01","active","ltd","99999",""
17436713,"","2026-09-01","active","ltd","99999",""
17436718,"","2026-09-01","active","ltd","99999",""
17436722,"","2026-09-01","active","ltd","99999",""
17436728,"","2026-09-01","active","ltd","99999",""
17436714,"","2026-09-01","active","ltd","99999",""
17436732,"","2026-09-01","active","ltd","99999",""
17436737,"","2026-09-01","active","ltd","99999",""
SC901510,"","2026-09-01","active","ltd","99999",""
17436831,"","2026-09-01","active","ltd","99999",""
17436827,"","2026-09-01","active","ltd","99999",""
17436824,"","2026-09-01","active","ltd","99999",""
17436823,"","2026-09-01","active","ltd","99999",""
17437132,"","2026-09-01","active","ltd","99999",""
17437136,"","2026-09-01","active","ltd","99999",""
17437131,"","2026-09-01","active","ltd","99999",""
17437295,"","2026-09-01","active","ltd","99999",""
17437301,"","2026-09-01","active","ltd","99999",""
17437303,"","2026-09-01","active","ltd","99999",""
17437307,"","2026-09-01","active","ltd","99999",""
17437306,"","2026-09-01","active","ltd","99999",""
17437469,"","2026-09-01","active","ltd","99999",""
17437479,"","2026-09-01","active","ltd","99999",""
17437473,"","2026-09-01","active","ltd","99999",""
17437474,"","2026-09-01","active","ltd","99999",""
17437464,"","2026-09-01","active","ltd","99999",""
17437462,"","2026-09-01","active","ltd","99999",""
17437482,"","2026-09-01","active","ltd","99999",""
17437484,"","2026-09-01","active","ltd","99999",""
17428254,"","2026-09-01","active","ltd","99999",""
17428256,"","2026-09-01","active","ltd","99999",""
SC900861,"","2026-09-01","active","ltd","99999",""
17428386,"","2026-09-01","active","ltd","99999",""
17428388,"","2026-09-01","active","ltd","99999",""
17428394,"","2026-09-01","active","ltd","99999",""
17428380,"","2026-09-01","active","ltd","99999",""
17428387,"","2026-09-01","active","ltd","99999",""
17428384,"","2026-09-01","active","ltd","99999",""
17428392,"","2026-09-01","active","ltd","99999",""
17428399,"","2026-09-01","active","ltd","99999",""
17428400,"","2026-09-01","active","ltd","99999",""
17428402,"","2026-09-01","active","ltd","99999",""
17428396,"","2026-09-01","active","ltd","99999",""
17428397,"","2026-09-01","active","ltd","99999",""
17428467,"","2026-09-01","active","ltd","99999",""
17428474,"","2026-09-01","active","ltd","99999",""
NI743377,"","2026-09-01","active","ltd","99999",""
SC900872,"","2026-09-01","active","ltd","99999",""
17428468,"","2026-09-01","active","ltd","99999",""
SC900885,"","2026-09-01","active","ltd","99999",""
17428617,"","2026-09-01","active","ltd","99999",""
17428689,"","2026-09-01","active","ltd","99999",""
17428691,"","2026-09-01","active","ltd","99999",""
17428692,"","2026-09-01","active","ltd","99999",""
17428772,"","2026-09-01","active","ltd","99999",""
17428774,"","2026-09-01","active","ltd","99999",""
17428771,"","2026-09-01","active","ltd","99999",""
17428850,"","2026-09-01","active","ltd","99999",""
17428848,"","2026-09-01","active","ltd","99999",""
17428846,"","2026-09-01","active","ltd","99999",""
17428844,"","2026-09-01","active","ltd","99999",""
17428973,"","2026-09-01","active","ltd","99999",""
17428977,"","2026-09-01","active","ltd","99999",""
17428972,"","2026-09-01","active","ltd","99999",""
17429058,"","2026-09-01","active","ltd","99999",""
17429060,"","2026-09-01","active","ltd","99999",""
17429057,"","2026-09-01","active","ltd","99999",""
17429061,"","2026-09-01","active","ltd","99999",""
NI743384,"","2026-09-01","active","ltd","99999",""
17429113,"","2026-09-01","active","ltd","99999",""
17429149,"","2026-09-01","active","ltd","99999",""
17429331,"","2026-09-01","active","ltd","99999",""
17429333,"","2026-09-01","active","ltd","99999",""
17429620,"","2026-09-01","active","ltd","99999",""
SC900963,"","2026-09-01","active","ltd","99999",""
17429616,"","2026-09-01","active","ltd","99999",""
17429634,"","2026-09-01","active","ltd","99999",""
17429629,"","2026-09-01","active","ltd","99999",""
17429626,"","2026-09-01","active","ltd","99999",""
17429612,"","2026-09-01","active","ltd","99999",""
17429651,"","2026-09-01","active","ltd","99999",""
SC900967,"","2026-09-01","active","ltd","99999",""
17429646,"","2026-09-01","active","ltd","99999",""
17429647,"","2026-09-01","active","ltd","99999",""
17429615,"","2026-09-01","active","ltd","99999",""
17429631,"","2026-09-01","active","ltd","99999",""
17430024,"","2026-09-01","active","ltd","99999",""
17429991,"","2026-09-01","active","ltd","99999",""
SC901039,"","2026-09-01","active","ltd","99999",""
SC901040,"","2026-09-01","active","ltd","99999",""
17430000,"","2026-09-01","active","ltd","99999",""
17430001,"","2026-09-01","active","ltd","99999",""
17430017,"","2026-09-01","active","ltd","99999",""
17430012,"","2026-09-01","active","ltd","99999",""
17430004,"","2026-09-01","active","ltd","99999",""
17430009,"","2026-09-01","active","ltd","99999",""
17430003,"","2026-09-01","active","ltd","99999",""
17429984,"","2026-09-01","active","ltd","99999",""
17430018,"","2026-09-01","active","ltd","99999",""
17430016,"","2026-09-01","active","ltd","99999",""
17429990,"","2026-09-01","active","ltd","99999",""
17430238,"","2026-09-01","active","ltd","99999",""
17430610,"","2026-09-01","active","ltd","99999",""
17430625,"","2026-09-01","active","ltd","99999",""
17430614,"","2026-09-01","active","ltd","99999",""
17430820,"","2026-09-01","active","ltd","99999",""
17430816,"","2026-09-01","active","ltd","99999",""
17430818,"","2026-09-01","active","ltd","99999",""
17430907,"","2026-09-01","active","ltd","99999",""
17430896,"","2026-09-01","active","ltd","99999",""
17430887,"","2026-09-01","active","ltd","99999",""
17430898,"","2026-09-01","active","ltd","99999",""
17430915,"","2026-09-01","active","ltd","99999",""
17430913,"","2026-09-01","active","ltd","99999",""
17431210,"","2026-09-01","active","ltd","99999",""
17431207,"","2026-09-01","active","ltd","99999",""
17431211,"","2026-09-01","active","ltd","99999",""
17431215,"","2026-09-01","active","ltd","99999",""
17431206,"","2026-09-01","active","ltd","99999",""
17431184,"","2026-09-01","active","ltd","99999",""
17431198,"","2026-09-01","active","ltd","99999",""
17431189,"","2026-09-01","active","ltd","99999",""
17431202,"","2026-09-01","active","ltd","99999",""
17431199,"","2026-09-01","active","ltd","99999",""
17431484,"","2026-09-01","active","ltd","99999",""
17431488,"","2026-09-01","active","ltd","99999",""
17431491,"","2026-09-01","active","ltd","99999",""
17431494,"","2026-09-01","active","ltd","99999",""
17431493,"","2026-09-01","active","ltd","99999",""
17431486,"","2026-09-01","active","ltd","99999",""
17431480,"","2026-09-01","active","ltd","99999",""
17431476,"","2026-09-01","active","ltd","99999",""
17431475,"","2026-09-01","active","ltd","99999",""
17431483,"","2026-09-01","active","ltd","99999",""
17431716,"","2026-09-01","active","ltd","99999",""
17431721,"","2026-09-01","active","ltd","99999",""
17431720,"","2026-09-01","active","ltd","99999",""
17431707,"","2026-09-01","active","ltd","99999",""
17431706,"","2026-09-01","active","ltd","99999",""
17431711,"","2026-09-01","active","ltd","99999",""
17431714,"","2026-09-01","active","ltd","99999",""
17431725,"","2026-09-01","active","ltd","99999",""
17431983,"","2026-09-01","active","ltd","99999",""
17431987,"","2026-09-01","active","ltd","99999",""
17431990,"","2026-09-01","active","ltd","99999",""
17431991,"","2026-09-01","active","ltd","99999",""
17432003,"","2026-09-01","active","ltd","99999",""
17431993,"","2026-09-01","active","ltd","99999",""
SC901149,"","2026-09-01","active","ltd","99999",""
17431996,"","2026-09-01","active","ltd","99999",""
17431989,"","2026-09-01","active","ltd","99999",""
17432059,"","2026-09-01","active","ltd","99999",""
17432057,"","2026-09-01","active","ltd","99999",""
17432061,"","2026-09-01","active","ltd","99999",""
17432127,"","2026-09-01","active","ltd","99999",""
17432320,"","2026-09-01","active","ltd","99999",""
17432301,"","2026-09-01","active","ltd","99999",""
17432309,"","2026-09-01","active","ltd","99999",""
17432305,"","2026-09-01","active","ltd","99999",""
17432318,"","2026-09-01","active","ltd","99999",""
17432349,"","2026-09-01","active","ltd","99999",""
17432360,"","2026-09-01","active","ltd","99999",""
17432358,"","2026-09-01","active","ltd","99999",""
17432367,"","2026-09-01","active","ltd","99999",""
17432347,"","2026-09-01","active","ltd","99999",""
17432355,"","2026-09-01","active","ltd","99999",""
17432344,"","2026-09-01","active","ltd","99999",""
SC901180,"","2026-09-01","active","ltd","99999",""
17432369,"","2026-09-01","active","ltd","99999",""
17432370,"","2026-09-01","active","ltd","99999",""
17432374,"","2026-09-01","active","ltd","99999",""
17432578,"","2026-09-01","active","ltd","99999",""
17432570,"","2026-09-01","active","ltd","99999",""
17432567,"","2026-09-01","active","ltd","99999",""
17432565,"","2026-09-01","active","ltd","99999",""
17432585,"","2026-09-01","active","ltd","99999",""
17432584,"","2026-09-01","active","ltd","99999",""
17432808,"","2026-09-01","active","ltd","99999",""
17432816,"","2026-09-01","active","ltd","99999",""
17432811,"","2026-09-01","active","ltd","99999",""
SC901201,"","2026-09-01","active","ltd","99999",""
17432860,"","2026-09-01","active","ltd","99999",""
SC901202,"","2026-09-01","active","ltd","99999",""
17432863,"","2026-09-01","active","ltd","99999",""
17432866,"","2026-09-01","active","ltd","99999",""
17433059,"","2026-09-01","active","ltd","99999",""
17433055,"","2026-09-01","active","ltd","99999",""
17433064,"","2026-09-01","active","ltd","99999",""
17433068,"","2026-09-01","active","ltd","99999",""
17433051,"","2026-09-01","active","ltd","99999",""
17433043,"","2026-09-01","active","ltd","99999",""
17433035,"","2026-09-01","active","ltd","99999",""
17433028,"","2026-09-01","active","ltd","99999",""
17433029,"","2026-09-01","active","ltd","99999",""
17433031,"","2026-09-01","active","ltd","99999",""
17433030,"","2026-09-01","active","ltd","99999",""
17433046,"","2026-09-01","active","ltd","99999",""
17433050,"","2026-09-01","active","ltd","99999",""
17433027,"","2026-09-01","active","ltd","99999",""
17433026,"","2026-09-01","active","ltd","99999",""
17433041,"","2026-09-01","active","ltd","99999",""
SC901227,"","2026-09-01","active","ltd","99999",""
17433174,"","2026-09-01","active","ltd","99999",""
17433177,"","2026-09-01","active","ltd","99999",""
17433181,"","2026-09-01","active","ltd","99999",""
17433477,"","2026-09-01","active","ltd","99999",""
17433484,"","2026-09-01","active","ltd","99999",""
17433486,"","2026-09-01","active","ltd","99999",""
17433472,"","2026-09-01","active","ltd","99999",""
17433474,"","2026-09-01","active","ltd","99999",""
17433494,"","2026-09-01","active","ltd","99999",""
17433492,"","2026-09-01","active","ltd","99999",""
17433609,"","2026-09-01","active","ltd","99999",""
17433613,"","2026-09-01","active","ltd","99999",""
17433617,"","2026-09-01","active","ltd","99999",""
17433619,"","2026-09-01","active","ltd","99999",""
17433622,"","2026-09-01","active","ltd","99999",""
SC901265,"","2026-09-01","active","ltd","99999",""
17433626,"","2026-09-01","active","ltd","99999",""
17433629,"","2026-09-01","active","ltd","99999",""
17433682,"","2026-09-01","active","ltd","99999",""
17433672,"","2026-09-01","active","ltd","99999",""
SC900883,"","2026-09-01","active","ltd","99999",""
17433676,"","2026-09-01","active","ltd","99999",""
17433679,"","2026-09-01","active","ltd","99999",""
17433848,"","2026-09-01","active","ltd","99999",""
17433856,"","2026-09-01","active","ltd","99999",""
17433859,"","2026-09-01","active","ltd","99999",""
17433841,"","2026-09-01","active","ltd","99999",""
17433844,"","2026-09-01","active","ltd","99999",""
17433837,"","2026-09-01","active","ltd","99999",""
SC901297,"","2026-09-01","active","ltd","99999",""
17429956,"","2026-09-01","active","ltd","99999",""
17434230,"","2026-09-01","active","ltd","99999",""
17434225,"","2026-09-01","active","ltd","99999",""
17434220,"","2026-09-01","active","ltd","99999",""
17434215,"","2026-09-01","active","ltd","99999",""
17434217,"","2026-09-01","active","ltd","99999",""
SC901294,"","2026-09-01","active","ltd","99999",""
17434181,"","2026-09-01","active","ltd","99999",""
17434180,"","2026-09-01","active","ltd","99999",""
17434175,"","2026-09-01","active","ltd","99999",""
17434207,"","2026-09-01","active","ltd","99999",""
17434203,"","2026-09-01","active","ltd","99999",""
NI743441,"","2026-09-01","active","ltd","99999",""
17434213,"","2026-09-01","active","ltd","99999",""
17434212,"","2026-09-01","active","ltd","99999",""
17434165,"","2026-09-01","active","ltd","99999",""
17434167,"","2026-09-01","active","ltd","99999",""
17434206,"","2026-09-01","active","ltd","99999",""
17434194,"","2026-09-01","active","ltd","99999",""
17434398,"","2026-09-01","active","ltd","99999",""
17434412,"","2026-09-01","active","ltd","99999",""
17434413,"","2026-09-01","active","ltd","99999",""
17434409,"","2026-09-01","active","ltd","99999",""
17434400,"","2026-09-01","active","ltd","99999",""
17434399,"","2026-09-01","active","ltd","99999",""
17434402,"","2026-09-01","active","ltd","99999",""
17434407,"","2026-09-01","active","ltd","99999",""
17434476,"","2026-09-01","active","ltd","99999",""
NI743464,"","2026-09-01","active","ltd","99999",""
17434480,"","2026-09-01","active","ltd","99999",""
17434653,"","2026-09-01","active","ltd","99999",""
17434652,"","2026-09-01","active","ltd","99999",""
17434650,"","2026-09-01","active","ltd","99999",""
17434659,"","2026-09-01","active","ltd","99999",""
17434667,"","2026-09-01","active","ltd","99999",""
17434678,"","2026-09-01","active","ltd","99999",""
17434680,"","2026-09-01","active","ltd","99999",""
17434670,"","2026-09-01","active","ltd","99999",""
17434668,"","2026-09-01","active","ltd","99999",""
17434727,"","2026-09-01","active","ltd","99999",""
17434731,"","2026-09-01","active","ltd","99999",""
17434873,"","2026-09-01","active","ltd","99999",""
17434882,"","2026-09-01","active","ltd","99999",""
17435003,"","2026-09-01","active","ltd","99999",""
17435004,"","2026-09-01","active","ltd","99999",""
17435017,"","2026-09-01","active","ltd","99999",""
17435010,"","2026-09-01","active","ltd","99999",""
17435011,"","2026-09-01","active","ltd","99999",""
17435175,"","2026-09-01","active","ltd","99999",""
17435167,"","2026-09-01","active","ltd","99999",""
17435163,"","2026-09-01","active","ltd","99999",""
17435170,"","2026-09-01","active","ltd","99999",""
17435165,"","2026-09-01","active","ltd","99999",""
17435347,"","2026-09-01","active","ltd","99999",""
17435351,"","2026-09-01","active","ltd","99999",""
17435371,"","2026-09-01","active","ltd","99999",""
17435384,"","2026-09-01","active","ltd","99999",""
17435357,"","2026-09-01","active","ltd","99999",""
17435359,"","2026-09-01","active","ltd","99999",""
17435363,"","2026-09-01","active","ltd","99999",""
17435360,"","2026-09-01","active","ltd","99999",""
17435567,"","2026-09-01","active","ltd","99999",""
17435558,"","2026-09-01","active","ltd","99999",""
17435565,"","2026-09-01","active","ltd","99999",""
17435615,"","2026-09-01","active","ltd","99999",""
17435608,"","2026-09-01","active","ltd","99999",""
17435610,"","2026-09-01","active","ltd","99999",""
17435619,"","2026-09-01","active","ltd","99999",""
17435609,"","2026-09-01","active","ltd","99999",""
17435909,"","2026-09-01","active","ltd","99999",""
17435910,"","2026-09-01","active","ltd","99999",""
17435907,"","2026-09-01","active","ltd","99999",""
17435899,"","2026-09-01","active","ltd","99999",""
17435904,"","2026-09-01","active","ltd","99999",""
17435918,"","2026-09-01","active","ltd","99999",""
17435902,"","2026-09-01","active","ltd","99999",""
17436189,"","2026-09-01","active","ltd","99999",""
17436202,"","2026-09-01","active","ltd","99999",""
17436213,"","2026-09-01","active","ltd","99999",""
SC901455,"","2026-09-01","active","ltd","99999",""
17436194,"","2026-09-01","active","ltd","99999",""
SC901454,"","2026-09-01","active","ltd","99999",""
17436430,"","2026-09-01","active","ltd","99999",""
17436428,"","2026-09-01","active","ltd","99999",""
17436441,"","2026-09-01","active","ltd","99999",""
17436438,"","2026-09-01","active","ltd","99999",""
17436442,"","2026-09-01","active","ltd","99999",""
17436409,"","2026-09-01","active","ltd","99999",""
17436423,"","2026-09-01","active","ltd","99999",""
SC901463,"","2026-09-01","active","ltd","99999",""
17436416,"","2026-09-01","active","ltd","99999",""
17436417,"","2026-09-01","active","ltd","99999",""
17436435,"","2026-09-01","active","ltd","99999",""
17436634,"","2026-09-01","active","ltd","99999",""
SC901487,"","2026-09-01","active","ltd","99999",""
17436635,"","2026-09-01","active","ltd","99999",""
17436625,"","2026-09-01","active","ltd","99999",""
17436636,"","2026-09-01","active","ltd","99999",""
17436638,"","2026-09-01","active","ltd","99999",""
17436642,"","2026-09-01","active","ltd","99999",""
17436621,"","2026-09-01","active","ltd","99999",""
17436619,"","2026-09-01","active","ltd","99999",""
17436610,"","2026-09-01","active","ltd","99999",""
17436615,"","2026-09-01","active","ltd","99999",""
17436795,"","2026-09-01","active","ltd","99999",""
17436800,"","2026-09-01","active","ltd","99999",""
17436810,"","2026-09-01","active","ltd","99999",""
17436814,"","2026-09-01","active","ltd","99999",""
17436816,"","2026-09-01","active","ltd","99999",""
17436998,"","2026-09-01","active","ltd","99999",""
NI743495,"","2026-09-01","active","ltd","99999",""
17437004,"","2026-09-01","active","ltd","99999",""
17437010,"","2026-09-01","active","ltd","99999",""
SC901521,"","2026-09-01","active","ltd","99999",""
17437015,"","2026-09-01","active","ltd","99999",""
17437197,"","2026-09-01","active","ltd","99999",""
17437181,"","2026-09-01","active","ltd","99999",""
17437189,"","2026-09-01","active","ltd","99999",""
17437193,"","2026-09-01","active","ltd","99999",""
17437191,"","2026-09-01","active","ltd","99999",""
17437190,"","2026-09-01","active","ltd","99999",""
17437194,"","2026-09-01","active","ltd","99999",""
17437201,"","2026-09-01","active","ltd","99999",""
17437199,"","2026-09-01","active","ltd","99999",""
SC901534,"","2026-09-01","active","ltd","99999",""
17437203,"","2026-09-01","active","ltd","99999",""
17437206,"","2026-09-01","active","ltd","99999",""
17437538,"","2026-09-01","active","ltd","99999",""
17437547,"","2026-09-01","active","ltd","99999",""
17437545,"","2026-09-01","active","ltd","99999",""
17437542,"","2026-09-01","active","ltd","99999",""
17437532,"","2026-09-01","active","ltd","99999",""
17428575,"","2026-09-01","active","ltd","99999",""
17428582,"","2026-09-01","active","ltd","99999",""
17428594,"","2026-09-01","active","ltd","99999",""
17428596,"","2026-09-01","active","ltd","99999",""
SC900898,"","2026-09-01","active","ltd","99999",""
17428685,"","2026-09-01","active","ltd","99999",""
17428687,"","2026-09-01","active","ltd","99999",""
17428686,"","2026-09-01","active","ltd","99999",""
17428696,"","2026-09-01","active","ltd","99999",""
17428704,"","2026-09-01","active","ltd","99999",""
17428705,"","2026-09-01","active","ltd","99999",""
17428768,"","2026-09-01","active","ltd","99999",""
17428769,"","2026-09-01","active","ltd","99999",""
17428761,"","2026-09-01","active","ltd","99999",""
17428764,"","2026-09-01","active","ltd","99999",""
17428762,"","2026-09-01","active","ltd","99999",""
17428858,"","2026-09-01","active","ltd","99999",""
17428853,"","2026-09-01","active","ltd","99999",""
17428864,"","2026-09-01","active","ltd","99999",""
17428859,"","2026-09-01","active","ltd","99999",""
17428863,"","2026-09-01","active","ltd","99999",""
17428998,"","2026-09-01","active","ltd","99999",""
SC900922,"","2026-09-01","active","ltd","99999",""
17429002,"","2026-09-01","active","ltd","99999",""
17429005,"","2026-09-01","active","ltd","99999",""
17429041,"","2026-09-01","active","ltd","99999",""
17429032,"","2026-09-01","active","ltd","99999",""
17429259,"","2026-09-01","active","ltd","99999",""
17429261,"","2026-09-01","active","ltd","99999",""
17429264,"","2026-09-01","active","ltd","99999",""
17429258,"","2026-09-01","active","ltd","99999",""
17429252,"","2026-09-01","active","ltd","99999",""
17429250,"","2026-09-01","active","ltd","99999",""
17429260,"","2026-09-01","active","ltd","99999",""
17429472,"","2026-09-01","active","ltd","99999",""
17429461,"","2026-09-01","active","ltd","99999",""
17429479,"","2026-09-01","active","ltd","99999",""
17429478,"","2026-09-01","active","ltd","99999",""
17429695,"","2026-09-01","active","ltd","99999",""
17429699,"","2026-09-01","active","ltd","99999",""
17429693,"","2026-09-01","active","ltd","99999",""
SC900981,"","2026-09-01","active","ltd","99999",""
SC900979,"","2026-09-01","active","ltd","99999",""
17429685,"","2026-09-01","active","ltd","99999",""
SC900978,"","2026-09-01","active","ltd","99999",""
17429701,"","2026-09-01","active","ltd","99999",""
17429689,"","2026-09-01","active","ltd","99999",""
17429687,"","2026-09-01","active","ltd","99999",""
17429703,"","2026-09-01","active","ltd","99999",""
17429707,"","2026-09-01","active","ltd","99999",""
17429710,"","2026-09-01","active","ltd","99999",""
17429714,"","2026-09-01","active","ltd","99999",""
17430040,"","2026-09-01","active","ltd","99999",""
17430033,"","2026-09-01","active","ltd","99999",""
17430036,"","2026-09-01","active","ltd","99999",""
17430048,"","2026-09-01","active","ltd","99999",""
17430063,"","2026-09-01","active","ltd","99999",""
17430068,"","2026-09-01","active","ltd","99999",""
17430053,"","2026-09-01","active","ltd","99999",""
17430067,"","2026-09-01","active","ltd","99999",""
17430066,"","2026-09-01","active","ltd","99999",""
SC901043,"","2026-09-01","active","ltd","99999",""
17430052,"","2026-09-01","active","ltd","99999",""
17430039,"","2026-09-01","active","ltd","99999",""
17430422,"","2026-09-01","active","ltd","99999",""
17430420,"","2026-09-01","active","ltd","99999",""
17430414,"","2026-09-01","active","ltd","99999",""
17430417,"","2026-09-01","active","ltd","99999",""
17430425,"","2026-09-01","active","ltd","99999",""
NI743391,"","2026-09-01","active","ltd","99999",""
17430411,"","2026-09-01","active","ltd","99999",""
17430636,"","2026-09-01","active","ltd","99999",""
17430632,"","2026-09-01","active","ltd","99999",""
SC901072,"","2026-09-01","active","ltd","99999",""
17430640,"","2026-09-01","active","ltd","99999",""
17430784,"","2026-09-01","active","ltd","99999",""
17430795,"","2026-09-01","active","ltd","99999",""
17430780,"","2026-09-01","active","ltd","99999",""
17430779,"","2026-09-01","active","ltd","99999",""
17430771,"","2026-09-01","active","ltd","99999",""
17430789,"","2026-09-01","active","ltd","99999",""
17430785,"","2026-09-01","active","ltd","99999",""
17431054,"","2026-09-01","active","ltd","99999",""
17431060,"","2026-09-01","active","ltd","99999",""
17431055,"","2026-09-01","active","ltd","99999",""
17431059,"","2026-09-01","active","ltd","99999",""
17431065,"","2026-09-01","active","ltd","99999",""
17431066,"","2026-09-01","active","ltd","99999",""
17431067,"","2026-09-01","active","ltd","99999",""
17431046,"","2026-09-01","active","ltd","99999",""
17431051,"","2026-09-01","active","ltd","99999",""
17431221,"","2026-09-01","active","ltd","99999",""
17431232,"","2026-09-01","active","ltd","99999",""
17431229,"","2026-09-01","active","ltd","99999",""
17431228,"","2026-09-01","active","ltd","99999",""
SC901093,"","2026-09-01","active","ltd","99999",""
17431218,"","2026-09-01","active","ltd","99999",""
17431225,"","2026-09-01","active","ltd","99999",""
17431510,"","2026-09-01","active","ltd","99999",""
17431511,"","2026-09-01","active","ltd","99999",""
17431514,"","2026-09-01","active","ltd","99999",""
17431515,"","2026-09-01","active","ltd","99999",""
17431513,"","2026-09-01","active","ltd","99999",""
17431519,"","2026-09-01","active","ltd","99999",""
17431505,"","2026-09-01","active","ltd","99999",""
17431508,"","2026-09-01","active","ltd","99999",""
17431506,"","2026-09-01","active","ltd","99999",""
17431502,"","2026-09-01","active","ltd","99999",""
17431518,"","2026-09-01","active","ltd","99999",""
17431813,"","2026-09-01","active","ltd","99999",""
17431808,"","2026-09-01","active","ltd","99999",""
17431816,"","2026-09-01","active","ltd","99999",""
17431815,"","2026-09-01","active","ltd","99999",""
17431822,"","2026-09-01","active","ltd","99999",""
17431828,"","2026-09-01","active","ltd","99999",""
17431824,"","2026-09-01","active","ltd","99999",""
17431825,"","2026-09-01","active","ltd","99999",""
17431829,"","2026-09-01","active","ltd","99999",""
17432030,"","2026-09-01","active","ltd","99999",""
17432020,"","2026-09-01","active","ltd","99999",""
17432026,"","2026-09-01","active","ltd","99999",""
17432033,"","2026-09-01","active","ltd","99999",""
17432032,"","2026-09-01","active","ltd","99999",""
17432017,"","2026-09-01","active","ltd","99999",""
17432019,"","2026-09-01","active","ltd","99999",""
17432065,"","2026-09-01","active","ltd","99999",""
SC901153,"","2026-09-01","active","ltd","99999",""
17432067,"","2026-09-01","active","ltd","99999",""
17432073,"","2026-09-01","active","ltd","99999",""
17432119,"","2026-09-01","active","ltd","99999",""
17432115,"","2026-09-01","active","ltd","99999",""
17432116,"","2026-09-01","active","ltd","99999",""
17432277,"","2026-09-01","active","ltd","99999",""
17432276,"","2026-09-01","active","ltd","99999",""
17432269,"","2026-09-01","active","ltd","99999",""
17432270,"","2026-09-01","active","ltd","99999",""
17434770,"","2026-09-01","active","ltd","99999",""
17434776,"","2026-09-01","active","ltd","99999",""
17434781,"","2026-09-01","active","ltd","99999",""
17434772,"","2026-09-01","active","ltd","99999",""
17434898,"","2026-09-01","active","ltd","99999",""
17434885,"","2026-09-01","active","ltd","99999",""
17434890,"","2026-09-01","active","ltd","99999",""
17434889,"","2026-09-01","active","ltd","99999",""
17434892,"","2026-09-01","active","ltd","99999",""
17434894,"","2026-09-01","active","ltd","99999",""
17434896,"","2026-09-01","active","ltd","99999",""
17434974,"","2026-09-01","active","ltd","99999",""
17434976,"","2026-09-01","active","ltd","99999",""
17434980,"","2026-09-01","active","ltd","99999",""
SC901364,"","2026-09-01","active","ltd","99999",""
SC901363,"","2026-09-01","active","ltd","99999",""
17434983,"","2026-09-01","active","ltd","99999",""
17435063,"","2026-09-01","active","ltd","99999",""
17435065,"","2026-09-01","active","ltd","99999",""
17435064,"","2026-09-01","active","ltd","99999",""
17435061,"","2026-09-01","active","ltd","99999",""
17435077,"","2026-09-01","active","ltd","99999",""
17435079,"","2026-09-01","active","ltd","99999",""
17435071,"","2026-09-01","active","ltd","99999",""
17435069,"","2026-09-01","active","ltd","99999",""
17435083,"","2026-09-01","active","ltd","99999",""
17435291,"","2026-09-01","active","ltd","99999",""
17435290,"","2026-09-01","active","ltd","99999",""
17435287,"","2026-09-01","active","ltd","99999",""
17435288,"","2026-09-01","active","ltd","99999",""
17435273,"","2026-09-01","active","ltd","99999",""
17435284,"","2026-09-01","active","ltd","99999",""
17435277,"","2026-09-01","active","ltd","99999",""
17435280,"","2026-09-01","active","ltd","99999",""
17435694,"","2026-09-01","active","ltd","99999",""
NI743476,"","2026-09-01","active","ltd","99999",""
17435712,"","2026-09-01","active","ltd","99999",""
17435714,"","2026-09-01","active","ltd","99999",""
17435719,"","2026-09-01","active","ltd","99999",""
17435709,"","2026-09-01","active","ltd","99999",""
SC901386,"","2026-09-01","active","ltd","99999",""
SC901405,"","2026-09-01","active","ltd","99999",""
17435961,"","2026-09-01","active","ltd","99999",""
NI743478,"","2026-09-01","active","ltd","99999",""
17435953,"","2026-09-01","active","ltd","99999",""
17435942,"","2026-09-01","active","ltd","99999",""
17436474,"","2026-09-01","active","ltd","99999",""
SC901472,"","2026-09-01","active","ltd","99999",""
17436485,"","2026-09-01","active","ltd","99999",""
SC901474,"","2026-09-01","active","ltd","99999",""
17436479,"","2026-09-01","active","ltd","99999",""
SC901477,"","2026-09-01","active","ltd","99999",""
17436486,"","2026-09-01","active","ltd","99999",""
17436484,"","2026-09-01","active","ltd","99999",""
17436482,"","2026-09-01","active","ltd","99999",""
17436665,"","2026-09-01","active","ltd","99999",""
SC901492,"","2026-09-01","active","ltd","99999",""
17436667,"","2026-09-01","active","ltd","99999",""
17436666,"","2026-09-01","active","ltd","99999",""
17436660,"","2026-09-01","active","ltd","99999",""
17436649,"","2026-09-01","active","ltd","99999",""
SC901490,"","2026-09-01","active","ltd","99999",""
SC901488,"","2026-09-01","active","ltd","99999",""
17436647,"","2026-09-01","active","ltd","99999",""
17436644,"","2026-09-01","active","ltd","99999",""
17436641,"","2026-09-01","active","ltd","99999",""
17436655,"","2026-09-01","active","ltd","99999",""
17436915,"","2026-09-01","active","ltd","99999",""
17436913,"","2026-09-01","active","ltd","99999",""
17436916,"","2026-09-01","active","ltd","99999",""
17436963,"","2026-09-01","active","ltd","99999",""
17436964,"","2026-09-01","active","ltd","99999",""
17436968,"","2026-09-01","active","ltd","99999",""
17437122,"","2026-09-01","active","ltd","99999",""
17437125,"","2026-09-01","active","ltd","99999",""
17437217,"","2026-09-01","active","ltd","99999",""
17437218,"","2026-09-01","active","ltd","99999",""
17437212,"","2026-09-01","active","ltd","99999",""
17437220,"","2026-09-01","active","ltd","99999",""
SC901536,"","2026-09-01","active","ltd","99999",""
17437327,"","2026-09-01","active","ltd","99999",""
17437323,"","2026-09-01","active","ltd","99999",""
17437339,"","2026-09-01","active","ltd","99999",""
17428655,"","2026-09-01","active","ltd","99999",""
17428724,"","2026-09-01","active","ltd","99999",""
17428728,"","2026-09-01","active","ltd","99999",""
17428813,"","2026-09-01","active","ltd","99999",""
17428802,"","2026-09-01","active","ltd","99999",""
17428810,"","2026-09-01","active","ltd","99999",""
17428808,"","2026-09-01","active","ltd","99999",""
NI743380,"","2026-09-01","active","ltd","99999",""
17428942,"","2026-09-01","active","ltd","99999",""
17428941,"","2026-09-01","active","ltd","99999",""
17428935,"","2026-09-01","active","ltd","99999",""
17428987,"","2026-09-01","active","ltd","99999",""
17428982,"","2026-09-01","active","ltd","99999",""
17429080,"","2026-09-01","active","ltd","99999",""
17429087,"","2026-09-01","active","ltd","99999",""
17429082,"","2026-09-01","active","ltd","99999",""
17429110,"","2026-09-01","active","ltd","99999",""
17429109,"","2026-09-01","active","ltd","99999",""
17429239,"","2026-09-01","active","ltd","99999",""
17429243,"","2026-09-01","active","ltd","99999",""
17429245,"","2026-09-01","active","ltd","99999",""
17429238,"","2026-09-01","active","ltd","99999",""
17429234,"","2026-09-01","active","ltd","99999",""
17429329,"","2026-09-01","active","ltd","99999",""
17429317,"","2026-09-01","active","ltd","99999",""
17429321,"","2026-09-01","active","ltd","99999",""
17429318,"","2026-09-01","active","ltd","99999",""
17429323,"","2026-09-01","active","ltd","99999",""
17429594,"","2026-09-01","active","ltd","99999",""
SC900959,"","2026-09-01","active","ltd","99999",""
17429586,"","2026-09-01","active","ltd","99999",""
17429587,"","2026-09-01","active","ltd","99999",""
17429590,"","2026-09-01","active","ltd","99999",""
17429572,"","2026-09-01","active","ltd","99999",""
17429577,"","2026-09-01","active","ltd","99999",""
17429608,"","2026-09-01","active","ltd","99999",""
17429592,"","2026-09-01","active","ltd","99999",""
SC900960,"","2026-09-01","active","ltd","99999",""
17429766,"","2026-09-01","active","ltd","99999",""
17429755,"","2026-09-01","active","ltd","99999",""
17429777,"","2026-09-01","active","ltd","99999",""
17429770,"","2026-09-01","active","ltd","99999",""
17429781,"","2026-09-01","active","ltd","99999",""
17429787,"","2026-09-01","active","ltd","99999",""
17429784,"","2026-09-01","active","ltd","99999",""
17430121,"","2026-09-01","active","ltd","99999",""
17430123,"","2026-09-01","active","ltd","99999",""
17430113,"","2026-09-01","active","ltd","99999",""
17430108,"","2026-09-01","active","ltd","99999",""
17430325,"","2026-09-01","active","ltd","99999",""
17430324,"","2026-09-01","active","ltd","99999",""
17430326,"","2026-09-01","active","ltd","99999",""
17430299,"","2026-09-01","active","ltd","99999",""
17430296,"","2026-09-01","active","ltd","99999",""
17430310,"","2026-09-01","active","ltd","99999",""
17430305,"","2026-09-01","active","ltd","99999",""
17430304,"","2026-09-01","active","ltd","99999",""
17430333,"","2026-09-01","active","ltd","99999",""
SC901065,"","2026-09-01","active","ltd","99999",""
17430582,"","2026-09-01","active","ltd","99999",""
17430579,"","2026-09-01","active","ltd","99999",""
17430597,"","2026-09-01","active","ltd","99999",""
17430591,"","2026-09-01","active","ltd","99999",""
SC901070,"","2026-09-01","active","ltd","99999",""
17430601,"","2026-09-01","active","ltd","99999",""
17430598,"","2026-09-01","active","ltd","99999",""
17430596,"","2026-09-01","active","ltd","99999",""
SC901062,"","2026-09-01","active","ltd","99999",""
17430852,"","2026-09-01","active","ltd","99999",""
17430844,"","2026-09-01","active","ltd","99999",""
17430841,"","2026-09-01","active","ltd","99999",""
17430843,"","2026-09-01","active","ltd","99999",""
17430846,"","2026-09-01","active","ltd","99999",""
17430827,"","2026-09-01","active","ltd","99999",""
17430825,"","2026-09-01","active","ltd","99999",""
17430834,"","2026-09-01","active","ltd","99999",""
17430849,"","2026-09-01","active","ltd","99999",""
17430829,"","2026-09-01","active","ltd","99999",""
17430830,"","2026-09-01","active","ltd","99999",""
17431159,"","2026-09-01","active","ltd","99999",""
17431171,"","2026-09-01","active","ltd","99999",""
17431176,"","2026-09-01","active","ltd","99999",""
17431162,"","2026-09-01","active","ltd","99999",""
17431353,"","2026-09-01","active","ltd","99999",""
17431357,"","2026-09-01","active","ltd","99999",""
17431381,"","2026-09-01","active","ltd","99999",""
17431384,"","2026-09-01","active","ltd","99999",""
17431390,"","2026-09-01","active","ltd","99999",""
17431361,"","2026-09-01","active","ltd","99999",""
17431363,"","2026-09-01","active","ltd","99999",""
17431371,"","2026-09-01","active","ltd","99999",""
17431374,"","2026-09-01","active","ltd","99999",""
17431370,"","2026-09-01","active","ltd","99999",""
17431382,"","2026-09-01","active","ltd","99999",""
17431386,"","2026-09-01","active","ltd","99999",""
17431372,"","2026-09-01","active","ltd","99999",""
17431385,"","2026-09-01","active","ltd","99999",""
17431665,"","2026-09-01","active","ltd","99999",""
17431640,"","2026-09-01","active","ltd","99999",""
17431629,"","2026-09-01","active","ltd","99999",""
17431635,"","2026-09-01","active","ltd","99999",""
17431633,"","2026-09-01","active","ltd","99999",""
17431670,"","2026-09-01","active","ltd","99999",""
17431650,"","2026-09-01","active","ltd","99999",""
17431649,"","2026-09-01","active","ltd","99999",""
17431653,"","2026-09-01","active","ltd","99999",""
17431656,"","2026-09-01","active","ltd","99999",""
17431660,"","2026-09-01","active","ltd","99999",""
17431659,"","2026-09-01","active","ltd","99999",""
17431654,"","2026-09-01","active","ltd","99999",""
17431661,"","2026-09-01","active","ltd","99999",""
17431897,"","2026-09-01","active","ltd","99999",""
17431898,"","2026-09-01","active","ltd","99999",""
17431903,"","2026-09-01","active","ltd","99999",""
17431889,"","2026-09-01","active","ltd","99999",""
17431899,"","2026-09-01","active","ltd","99999",""
17431900,"","2026-09-01","active","ltd","99999",""
17432112,"","2026-09-01","active","ltd","99999",""
17432113,"","2026-09-01","active","ltd","99999",""
17432220,"","2026-09-01","active","ltd","99999",""
17432229,"","2026-09-01","active","ltd","99999",""
17432228,"","2026-09-01","active","ltd","99999",""
17432218,"","2026-09-01","active","ltd","99999",""
17432233,"","2026-09-01","active","ltd","99999",""
17432451,"","2026-09-01","active","ltd","99999",""
17432448,"","2026-09-01","active","ltd","99999",""
17432442,"","2026-09-01","active","ltd","99999",""
17432444,"","2026-09-01","active","ltd","99999",""
17432446,"","2026-09-01","active","ltd","99999",""
17432445,"","2026-09-01","active","ltd","99999",""
17432449,"","2026-09-01","active","ltd","99999",""
17432538,"","2026-09-01","active","ltd","99999",""
17432534,"","2026-09-01","active","ltd","99999",""
17432535,"","2026-09-01","active","ltd","99999",""
17432536,"","2026-09-01","active","ltd","99999",""
17432550,"","2026-09-01","active","ltd","99999",""
17432540,"","2026-09-01","active","ltd","99999",""
17432553,"","2026-09-01","active","ltd","99999",""
17432556,"","2026-09-01","active","ltd","99999",""
17432542,"","2026-09-01","active","ltd","99999",""
17432561,"","2026-09-01","active","ltd","99999",""
17432530,"","2026-09-01","active","ltd","99999",""
17432707,"","2026-09-01","active","ltd","99999",""
17432713,"","2026-09-01","active","ltd","99999",""
17432714,"","2026-09-01","active","ltd","99999",""
17432696,"","2026-09-01","active","ltd","99999",""
17432692,"","2026-09-01","active","ltd","99999",""
17432694,"","2026-09-01","active","ltd","99999",""
17432701,"","2026-09-01","active","ltd","99999",""
SC901186,"","2026-09-01","active","ltd","99999",""
17432689,"","2026-09-01","active","ltd","99999",""
17432907,"","2026-09-01","active","ltd","99999",""
17432911,"","2026-09-01","active","ltd","99999",""
17432910,"","2026-09-01","active","ltd","99999",""
17432897,"","2026-09-01","active","ltd","99999",""
17432896,"","2026-09-01","active","ltd","99999",""
SC901209,"","2026-09-01","active","ltd","99999",""
SC901212,"","2026-09-01","active","ltd","99999",""
SC901236,"","2026-09-01","active","ltd","99999",""
17433124,"","2026-09-01","active","ltd","99999",""
17433120,"","2026-09-01","active","ltd","99999",""
17433108,"","2026-09-01","active","ltd","99999",""
17433110,"","2026-09-01","active","ltd","99999",""
17433116,"","2026-09-01","active","ltd","99999",""
17433126,"","2026-09-01","active","ltd","99999",""
17433335,"","2026-09-01","active","ltd","99999",""
17433327,"","2026-09-01","active","ltd","99999",""
17433330,"","2026-09-01","active","ltd","99999",""
17433328,"","2026-09-01","active","ltd","99999",""
17433321,"","2026-09-01","active","ltd","99999",""
17433325,"","2026-09-01","active","ltd","99999",""
17433324,"","2026-09-01","active","ltd","99999",""
17433326,"","2026-09-01","active","ltd","99999",""
17433316,"","2026-09-01","active","ltd","99999",""
17433315,"","2026-09-01","active","ltd","99999",""
17433307,"","2026-09-01","active","ltd","99999",""
17433573,"","2026-09-01","active","ltd","99999",""
17433566,"","2026-09-01","active","ltd","99999",""
17433568,"","2026-09-01","active","ltd","99999",""
17433558,"","2026-09-01","active","ltd","99999",""
17433553,"","2026-09-01","active","ltd","99999",""
17433555,"","2026-09-01","active","ltd","99999",""
17433565,"","2026-09-01","active","ltd","99999",""
17433683,"","2026-09-01","active","ltd","99999",""
SC901268,"","2026-09-01","active","ltd","99999",""
17433694,"","2026-09-01","active","ltd","99999",""
17433697,"","2026-09-01","active","ltd","99999",""
17433686,"","2026-09-01","active","ltd","99999",""
17433685,"","2026-09-01","active","ltd","99999",""
17433876,"","2026-09-01","active","ltd","99999",""
17433878,"","2026-09-01","active","ltd","99999",""
NI743426,"","2026-09-01","active","ltd","99999",""
17433884,"","2026-09-01","active","ltd","99999",""
17433885,"","2026-09-01","active","ltd","99999",""
17433890,"","2026-09-01","active","ltd","99999",""
17433868,"","2026-09-01","active","ltd","99999",""
NI743427,"","2026-09-01","active","ltd","99999",""
SC901279,"","2026-09-01","active","ltd","99999",""
17434110,"","2026-09-01","active","ltd","99999",""
17434111,"","2026-09-01","active","ltd","99999",""
17434112,"","2026-09-01","active","ltd","99999",""
17434107,"","2026-09-01","active","ltd","99999",""
17434114,"","2026-09-01","active","ltd","99999",""
17434113,"","2026-09-01","active","ltd","99999",""
17434117,"","2026-09-01","active","ltd","99999",""
17434118,"","2026-09-01","active","ltd","99999",""
17434130,"","2026-09-01","active","ltd","99999",""
17434116,"","2026-09-01","active","ltd","99999",""
17434346,"","2026-09-01","active","ltd","99999",""
17434351,"","2026-09-01","active","ltd","99999",""
17434354,"","2026-09-01","active","ltd","99999",""
SC901313,"","2026-09-01","active","ltd","99999",""
SC901314,"","2026-09-01","active","ltd","99999",""
SC901312,"","2026-09-01","active","ltd","99999",""
17434340,"","2026-09-01","active","ltd","99999",""
17434448,"","2026-09-01","active","ltd","99999",""
17434446,"","2026-09-01","active","ltd","99999",""
17434444,"","2026-09-01","active","ltd","99999",""
NI743458,"","2026-09-01","active","ltd","99999",""
17434453,"","2026-09-01","active","ltd","99999",""
SC901335,"","2026-09-01","active","ltd","99999",""
17434455,"","2026-09-01","active","ltd","99999",""
NI743459,"","2026-09-01","active","ltd","99999",""
17434459,"","2026-09-01","active","ltd","99999",""
17434574,"","2026-09-01","active","ltd","99999",""
17434581,"","2026-09-01","active","ltd","99999",""
17434585,"","2026-09-01","active","ltd","99999",""
17434583,"","2026-09-01","active","ltd","99999",""
17434590,"","2026-09-01","active","ltd","99999",""
17434591,"","2026-09-01","active","ltd","99999",""
17434592,"","2026-09-01","active","ltd","99999",""
17434584,"","2026-09-01","active","ltd","99999",""
17434579,"","2026-09-01","active","ltd","99999",""
17434582,"","2026-09-01","active","ltd","99999",""
17434576,"","2026-09-01","active","ltd","99999",""
17434703,"","2026-09-01","active","ltd","99999",""
17434717,"","2026-09-01","active","ltd","99999",""
17434716,"","2026-09-01","active","ltd","99999",""
17434713,"","2026-09-01","active","ltd","99999",""
17434712,"","2026-09-01","active","ltd","99999",""
17434818,"","2026-09-01","active","ltd","99999",""
17434829,"","2026-09-01","active","ltd","99999",""
17434824,"","2026-09-01","active","ltd","99999",""
17434823,"","2026-09-01","active","ltd","99999",""
17434989,"","2026-09-01","active","ltd","99999",""
17434990,"","2026-09-01","active","ltd","99999",""
17434986,"","2026-09-01","active","ltd","99999",""
17434992,"","2026-09-01","active","ltd","99999",""
17434998,"","2026-09-01","active","ltd","99999",""
17434993,"","2026-09-01","active","ltd","99999",""
17434997,"","2026-09-01","active","ltd","99999",""
17435087,"","2026-09-01","active","ltd","99999",""
17435102,"","2026-09-01","active","ltd","99999",""
17435096,"","2026-09-01","active","ltd","99999",""
17435115,"","2026-09-01","active","ltd","99999",""
17435109,"","2026-09-01","active","ltd","99999",""
17435116,"","2026-09-01","active","ltd","99999",""
17435093,"","2026-09-01","active","ltd","99999",""
17435294,"","2026-09-01","active","ltd","99999",""
17435292,"","2026-09-01","active","ltd","99999",""
17435306,"","2026-09-01","active","ltd","99999",""
17435305,"","2026-09-01","active","ltd","99999",""
17435303,"","2026-09-01","active","ltd","99999",""
17435296,"","2026-09-01","active","ltd","99999",""
17435308,"","2026-09-01","active","ltd","99999",""
17435300,"","2026-09-01","active","ltd","99999",""
17435301,"","2026-09-01","active","ltd","99999",""
17435554,"","2026-09-01","active","ltd","99999",""
17435545,"","2026-09-01","active","ltd","99999",""
17435548,"","2026-09-01","active","ltd","99999",""
17435541,"","2026-09-01","active","ltd","99999",""
17435543,"","2026-09-01","active","ltd","99999",""
17435738,"","2026-09-01","active","ltd","99999",""
17435737,"","2026-09-01","active","ltd","99999",""
17435744,"","2026-09-01","active","ltd","99999",""
17435740,"","2026-09-01","active","ltd","99999",""
17435723,"","2026-09-01","active","ltd","99999",""
17435720,"","2026-09-01","active","ltd","99999",""
17435728,"","2026-09-01","active","ltd","99999",""
17435727,"","2026-09-01","active","ltd","99999",""
17435741,"","2026-09-01","active","ltd","99999",""
SC901412,"","2026-09-01","active","ltd","99999",""
SC901409,"","2026-09-01","active","ltd","99999",""
17435966,"","2026-09-01","active","ltd","99999",""
17435977,"","2026-09-01","active","ltd","99999",""
17435973,"","2026-09-01","active","ltd","99999",""
17435981,"","2026-09-01","active","ltd","99999",""
17435976,"","2026-09-01","active","ltd","99999",""
17435972,"","2026-09-01","active","ltd","99999",""
SC901407,"","2026-09-01","active","ltd","99999",""
17436066,"","2026-09-01","active","ltd","99999",""
17436070,"","2026-09-01","active","ltd","99999",""
17436048,"","2026-09-01","active","ltd","99999",""
17436051,"","2026-09-01","active","ltd","99999",""
17436054,"","2026-09-01","active","ltd","99999",""
17436052,"","2026-09-01","active","ltd","99999",""
17436060,"","2026-09-01","active","ltd","99999",""
17436061,"","2026-09-01","active","ltd","99999",""
17436045,"","2026-09-01","active","ltd","99999",""
17436043,"","2026-09-01","active","ltd","99999",""
17436063,"","2026-09-01","active","ltd","99999",""
17436250,"","2026-09-01","active","ltd","99999",""
17436246,"","2026-09-01","active","ltd","99999",""
17436266,"","2026-09-01","active","ltd","99999",""
17436245,"","2026-09-01","active","ltd","99999",""
17436257,"","2026-09-01","active","ltd","99999",""
17436247,"","2026-09-01","active","ltd","99999",""
17436309,"","2026-09-01","active","ltd","99999",""
17436313,"","2026-09-01","active","ltd","99999",""
17436311,"","2026-09-01","active","ltd","99999",""
17436315,"","2026-09-01","active","ltd","99999",""
17436324,"","2026-09-01","active","ltd","99999",""
17436331,"","2026-09-01","active","ltd","99999",""
17436316,"","2026-09-01","active","ltd","99999",""
17436330,"","2026-09-01","active","ltd","99999",""
17436611,"","2026-09-01","active","ltd","99999",""
17436605,"","2026-09-01","active","ltd","99999",""
17436596,"","2026-09-01","active","ltd","99999",""
17436602,"","2026-09-01","active","ltd","99999",""
SC901509,"","2026-09-01","active","ltd","99999",""
17436786,"","2026-09-01","active","ltd","99999",""
17436779,"","2026-09-01","active","ltd","99999",""
17436782,"","2026-09-01","active","ltd","99999",""
17436785,"","2026-09-01","active","ltd","99999",""
17436788,"","2026-09-01","active","ltd","99999",""
17436882,"","2026-09-01","active","ltd","99999",""
SC901512,"","2026-09-01","active","ltd","99999",""
17436888,"","2026-09-01","active","ltd","99999",""
17436884,"","2026-09-01","active","ltd","99999",""
17436879,"","2026-09-01","active","ltd","99999",""
17436930,"","2026-09-01","active","ltd","99999",""
17436932,"","2026-09-01","active","ltd","99999",""
17437033,"","2026-09-01","active","ltd","99999",""
17437036,"","2026-09-01","active","ltd","99999",""
17437030,"","2026-09-01","active","ltd","99999",""
17437163,"","2026-09-01","active","ltd","99999",""
17437168,"","2026-09-01","active","ltd","99999",""
17437170,"","2026-09-01","active","ltd","99999",""
17437283,"","2026-09-01","active","ltd","99999",""
17437286,"","2026-09-01","active","ltd","99999",""
17437275,"","2026-09-01","active","ltd","99999",""
17437282,"","2026-09-01","active","ltd","99999",""
17437279,"","2026-09-01","active","ltd","99999",""
17437434,"","2026-09-01","active","ltd","99999",""
17437436,"","2026-09-01","active","ltd","99999",""
17437433,"","2026-09-01","active","ltd","99999",""
17437437,"","2026-09-01","active","ltd","99999",""
17437455,"","2026-09-01","active","ltd","99999",""
17437431,"","2026-09-01","active","ltd","99999",""
17437427,"","2026-09-01","active","ltd","99999",""
17428591,"","2026-09-01","active","ltd","99999",""
17428590,"","2026-09-01","active","ltd","99999",""
SC900886,"","2026-09-01","active","ltd","99999",""
17428633,"","2026-09-01","active","ltd","99999",""
17428636,"","2026-09-01","active","ltd","99999",""
17428712,"","2026-09-01","active","ltd","99999",""
17428710,"","2026-09-01","active","ltd","99999",""
17428798,"","2026-09-01","active","ltd","99999",""
17428801,"","2026-09-01","active","ltd","99999",""
SC900909,"","2026-09-01","active","ltd","99999",""
17428797,"","2026-09-01","active","ltd","99999",""
17428870,"","2026-09-01","active","ltd","99999",""
17428873,"","2026-09-01","active","ltd","99999",""
17428865,"","2026-09-01","active","ltd","99999",""
SC900921,"","2026-09-01","active","ltd","99999",""
17429114,"","2026-09-01","active","ltd","99999",""
NI743385,"","2026-09-01","active","ltd","99999",""
17429284,"","2026-09-01","active","ltd","99999",""
17429283,"","2026-09-01","active","ltd","99999",""
17429287,"","2026-09-01","active","ltd","99999",""
17429285,"","2026-09-01","active","ltd","99999",""
17429338,"","2026-09-01","active","ltd","99999",""
17429339,"","2026-09-01","active","ltd","99999",""
17429342,"","2026-09-01","active","ltd","99999",""
17429345,"","2026-09-01","active","ltd","99999",""
17429350,"","2026-09-01","active","ltd","99999",""
17429506,"","2026-09-01","active","ltd","99999",""
SC900951,"","2026-09-01","active","ltd","99999",""
17429490,"","2026-09-01","active","ltd","99999",""
17429487,"","2026-09-01","active","ltd","99999",""
SC900947,"","2026-09-01","active","ltd","99999",""
17429486,"","2026-09-01","active","ltd","99999",""
17429491,"","2026-09-01","active","ltd","99999",""
17429493,"","2026-09-01","active","ltd","99999",""
17429501,"","2026-09-01","active","ltd","99999",""
17429502,"","2026-09-01","active","ltd","99999",""
17429495,"","2026-09-01","active","ltd","99999",""
17429503,"","2026-09-01","active","ltd","99999",""
17429952,"","2026-09-01","active","ltd","99999",""
17429955,"","2026-09-01","active","ltd","99999",""
17429959,"","2026-09-01","active","ltd","99999",""
17429966,"","2026-09-01","active","ltd","99999",""
17429969,"","2026-09-01","active","ltd","99999",""
SC901031,"","2026-09-01","active","ltd","99999",""
SC901033,"","2026-09-01","active","ltd","99999",""
17429965,"","2026-09-01","active","ltd","99999",""
SC901032,"","2026-09-01","active","ltd","99999",""
17429961,"","2026-09-01","active","ltd","99999",""
17430214,"","2026-09-01","active","ltd","99999",""
17430213,"","2026-09-01","active","ltd","99999",""
17430226,"","2026-09-01","active","ltd","99999",""
NI743390,"","2026-09-01","active","ltd","99999",""
17430227,"","2026-09-01","active","ltd","99999",""
SC901046,"","2026-09-01","active","ltd","99999",""
17430568,"","2026-09-01","active","ltd","99999",""
17430538,"","2026-09-01","active","ltd","99999",""
17430555,"","2026-09-01","active","ltd","99999",""
17430577,"","2026-09-01","active","ltd","99999",""
17430575,"","2026-09-01","active","ltd","99999",""
SC901063,"","2026-09-01","active","ltd","99999",""
17430565,"","2026-09-01","active","ltd","99999",""
17430553,"","2026-09-01","active","ltd","99999",""
17430561,"","2026-09-01","active","ltd","99999",""
17430546,"","2026-09-01","active","ltd","99999",""
17430570,"","2026-09-01","active","ltd","99999",""
17430972,"","2026-09-01","active","ltd","99999",""
17430968,"","2026-09-01","active","ltd","99999",""
17430983,"","2026-09-01","active","ltd","99999",""
17430986,"","2026-09-01","active","ltd","99999",""
17430991,"","2026-09-01","active","ltd","99999",""
17430996,"","2026-09-01","active","ltd","99999",""
17430971,"","2026-09-01","active","ltd","99999",""
17431153,"","2026-09-01","active","ltd","99999",""
17431152,"","2026-09-01","active","ltd","99999",""
17431151,"","2026-09-01","active","ltd","99999",""
SC901088,"","2026-09-01","active","ltd","99999",""
17431143,"","2026-09-01","active","ltd","99999",""
17431144,"","2026-09-01","active","ltd","99999",""
17431148,"","2026-09-01","active","ltd","99999",""
17431150,"","2026-09-01","active","ltd","99999",""
17431404,"","2026-09-01","active","ltd","99999",""
17431398,"","2026-09-01","active","ltd","99999",""
17431403,"","2026-09-01","active","ltd","99999",""
17431406,"","2026-09-01","active","ltd","99999",""
17431405,"","2026-09-01","active","ltd","99999",""
17431400,"","2026-09-01","active","ltd","99999",""
17431401,"","2026-09-01","active","ltd","99999",""
17431742,"","2026-09-01","active","ltd","99999",""
17431750,"","2026-09-01","active","ltd","99999",""
17431733,"","2026-09-01","active","ltd","99999",""
17431736,"","2026-09-01","active","ltd","99999",""
17431743,"","2026-09-01","active","ltd","99999",""
17431763,"","2026-09-01","active","ltd","99999",""
17431767,"","2026-09-01","active","ltd","99999",""
17431728,"","2026-09-01","active","ltd","99999",""
17431735,"","2026-09-01","active","ltd","99999",""
17431931,"","2026-09-01","active","ltd","99999",""
17431932,"","2026-09-01","active","ltd","99999",""
17431929,"","2026-09-01","active","ltd","99999",""
17431935,"","2026-09-01","active","ltd","99999",""
17431936,"","2026-09-01","active","ltd","99999",""
17431942,"","2026-09-01","active","ltd","99999",""
SC901148,"","2026-09-01","active","ltd","99999",""
17432085,"","2026-09-01","active","ltd","99999",""
17432093,"","2026-09-01","active","ltd","99999",""
17432083,"","2026-09-01","active","ltd","99999",""
17432165,"","2026-09-01","active","ltd","99999",""
17432161,"","2026-09-01","active","ltd","99999",""
17432163,"","2026-09-01","active","ltd","99999",""
17432296,"","2026-09-01","active","ltd","99999",""
17432298,"","2026-09-01","active","ltd","99999",""
17432436,"","2026-09-01","active","ltd","99999",""
17432438,"","2026-09-01","active","ltd","99999",""
17432439,"","2026-09-01","active","ltd","99999",""
17432427,"","2026-09-01","active","ltd","99999",""
SC901182,"","2026-09-01","active","ltd","99999",""
17432428,"","2026-09-01","active","ltd","99999",""
17432429,"","2026-09-01","active","ltd","99999",""
17432485,"","2026-09-01","active","ltd","99999",""
17432487,"","2026-09-01","active","ltd","99999",""
17432476,"","2026-09-01","active","ltd","99999",""
17432477,"","2026-09-01","active","ltd","99999",""
17432473,"","2026-09-01","active","ltd","99999",""
17432631,"","2026-09-01","active","ltd","99999",""
17432640,"","2026-09-01","active","ltd","99999",""
17432635,"","2026-09-01","active","ltd","99999",""
17432641,"","2026-09-01","active","ltd","99999",""
17432644,"","2026-09-01","active","ltd","99999",""
17432643,"","2026-09-01","active","ltd","99999",""
17432636,"","2026-09-01","active","ltd","99999",""
17432770,"","2026-09-01","active","ltd","99999",""
17432771,"","2026-09-01","active","ltd","99999",""
17432757,"","2026-09-01","active","ltd","99999",""
17432763,"","2026-09-01","active","ltd","99999",""
17432767,"","2026-09-01","active","ltd","99999",""
17432773,"","2026-09-01","active","ltd","99999",""
17432779,"","2026-09-01","active","ltd","99999",""
17433025,"","2026-09-01","active","ltd","99999",""
17433024,"","2026-09-01","active","ltd","99999",""
17433022,"","2026-09-01","active","ltd","99999",""
17432999,"","2026-09-01","active","ltd","99999",""
17433006,"","2026-09-01","active","ltd","99999",""
17433010,"","2026-09-01","active","ltd","99999",""
17433106,"","2026-09-01","active","ltd","99999",""
17433094,"","2026-09-01","active","ltd","99999",""
17433102,"","2026-09-01","active","ltd","99999",""
17433090,"","2026-09-01","active","ltd","99999",""
17433279,"","2026-09-01","active","ltd","99999",""
17433273,"","2026-09-01","active","ltd","99999",""
17433284,"","2026-09-01","active","ltd","99999",""
17433293,"","2026-09-01","active","ltd","99999",""
17433302,"","2026-09-01","active","ltd","99999",""
17433312,"","2026-09-01","active","ltd","99999",""
17433308,"","2026-09-01","active","ltd","99999",""
17433309,"","2026-09-01","active","ltd","99999",""
17433271,"","2026-09-01","active","ltd","99999",""
17433294,"","2026-09-01","active","ltd","99999",""
17433291,"","2026-09-01","active","ltd","99999",""
17433304,"","2026-09-01","active","ltd","99999",""
17433281,"","2026-09-01","active","ltd","99999",""
17433305,"","2026-09-01","active","ltd","99999",""
17433410,"","2026-09-01","active","ltd","99999",""
17433406,"","2026-09-01","active","ltd","99999",""
17433411,"","2026-09-01","active","ltd","99999",""
17433413,"","2026-09-01","active","ltd","99999",""
17433427,"","2026-09-01","active","ltd","99999",""
17433425,"","2026-09-01","active","ltd","99999",""
17433435,"","2026-09-01","active","ltd","99999",""
17433432,"","2026-09-01","active","ltd","99999",""
17433431,"","2026-09-01","active","ltd","99999",""
17433397,"","2026-09-01","active","ltd","99999",""
17433403,"","2026-09-01","active","ltd","99999",""
17433717,"","2026-09-01","active","ltd","99999",""
SC901272,"","2026-09-01","active","ltd","99999",""
17433720,"","2026-09-01","active","ltd","99999",""
17433723,"","2026-09-01","active","ltd","99999",""
17433721,"","2026-09-01","active","ltd","99999",""
17433726,"","2026-09-01","active","ltd","99999",""
17433709,"","2026-09-01","active","ltd","99999",""
17433708,"","2026-09-01","active","ltd","99999",""
17433712,"","2026-09-01","active","ltd","99999",""
17433713,"","2026-09-01","active","ltd","99999",""
17433936,"","2026-09-01","active","ltd","99999",""
17433926,"","2026-09-01","active","ltd","99999",""
17433927,"","2026-09-01","active","ltd","99999",""
17434011,"","2026-09-01","active","ltd","99999",""
17434010,"","2026-09-01","active","ltd","99999",""
NI743430,"","2026-09-01","active","ltd","99999",""
17434018,"","2026-09-01","active","ltd","99999",""
17434005,"","2026-09-01","active","ltd","99999",""
17434006,"","2026-09-01","active","ltd","99999",""
17433974,"","2026-09-01","active","ltd","99999",""
17434302,"","2026-09-01","active","ltd","99999",""
17434315,"","2026-09-01","active","ltd","99999",""
17434316,"","2026-09-01","active","ltd","99999",""
17434309,"","2026-09-01","active","ltd","99999",""
17434319,"","2026-09-01","active","ltd","99999",""
SC901308,"","2026-09-01","active","ltd","99999",""
NI743446,"","2026-09-01","active","ltd","99999",""
17434294,"","2026-09-01","active","ltd","99999",""
SC901306,"","2026-09-01","active","ltd","99999",""
17434291,"","2026-09-01","active","ltd","99999",""
SC901339,"","2026-09-01","active","ltd","99999",""
17434519,"","2026-09-01","active","ltd","99999",""
17434491,"","2026-09-01","active","ltd","99999",""
17434514,"","2026-09-01","active","ltd","99999",""
17434510,"","2026-09-01","active","ltd","99999",""
17434503,"","2026-09-01","active","ltd","99999",""
17434739,"","2026-09-01","active","ltd","99999",""
17434740,"","2026-09-01","active","ltd","99999",""
17434736,"","2026-09-01","active","ltd","99999",""
17434734,"","2026-09-01","active","ltd","99999",""
17434737,"","2026-09-01","active","ltd","99999",""
17434858,"","2026-09-01","active","ltd","99999",""
17434856,"","2026-09-01","active","ltd","99999",""
17434854,"","2026-09-01","active","ltd","99999",""
17434861,"","2026-09-01","active","ltd","99999",""
17434922,"","2026-09-01","active","ltd","99999",""
17434923,"","2026-09-01","active","ltd","99999",""
17434916,"","2026-09-01","active","ltd","99999",""
SC901357,"","2026-09-01","active","ltd","99999",""
17434921,"","2026-09-01","active","ltd","99999",""
17435156,"","2026-09-01","active","ltd","99999",""
17435160,"","2026-09-01","active","ltd","99999",""
17435151,"","2026-09-01","active","ltd","99999",""
17435150,"","2026-09-01","active","ltd","99999",""
17435240,"","2026-09-01","active","ltd","99999",""
17435241,"","2026-09-01","active","ltd","99999",""
17435244,"","2026-09-01","active","ltd","99999",""
17435519,"","2026-09-01","active","ltd","99999",""
17435513,"","2026-09-01","active","ltd","99999",""
17435516,"","2026-09-01","active","ltd","99999",""
17435578,"","2026-09-01","active","ltd","99999",""
17435568,"","2026-09-01","active","ltd","99999",""
17435571,"","2026-09-01","active","ltd","99999",""
17435816,"","2026-09-01","active","ltd","99999",""
17435827,"","2026-09-01","active","ltd","99999",""
17435824,"","2026-09-01","active","ltd","99999",""
17435828,"","2026-09-01","active","ltd","99999",""
17435806,"","2026-09-01","active","ltd","99999",""
17435818,"","2026-09-01","active","ltd","99999",""
17435819,"","2026-09-01","active","ltd","99999",""
17436091,"","2026-09-01","active","ltd","99999",""
17436092,"","2026-09-01","active","ltd","99999",""
17436093,"","2026-09-01","active","ltd","99999",""
17436084,"","2026-09-01","active","ltd","99999",""
NI743482,"","2026-09-01","active","ltd","99999",""
17436080,"","2026-09-01","active","ltd","99999",""
17436158,"","2026-09-01","active","ltd","99999",""
17436160,"","2026-09-01","active","ltd","99999",""
17436164,"","2026-09-01","active","ltd","99999",""
17436165,"","2026-09-01","active","ltd","99999",""
17436161,"","2026-09-01","active","ltd","99999",""
17436139,"","2026-09-01","active","ltd","99999",""
17436140,"","2026-09-01","active","ltd","99999",""
17436142,"","2026-09-01","active","ltd","99999",""
17436144,"","2026-09-01","active","ltd","99999",""
17436154,"","2026-09-01","active","ltd","99999",""
17436156,"","2026-09-01","active","ltd","99999",""
17436146,"","2026-09-01","active","ltd","99999",""
17436149,"","2026-09-01","active","ltd","99999",""
17436167,"","2026-09-01","active","ltd","99999",""
17436470,"","2026-09-01","active","ltd","99999",""
17436461,"","2026-09-01","active","ltd","99999",""
17436464,"","2026-09-01","active","ltd","99999",""
SC901467,"","2026-09-01","active","ltd","99999",""
17436453,"","2026-09-01","active","ltd","99999",""
17436448,"","2026-09-01","active","ltd","99999",""
17436692,"","2026-09-01","active","ltd","99999",""
17436694,"","2026-09-01","active","ltd","99999",""
17436693,"","2026-09-01","active","ltd","99999",""
17436683,"","2026-09-01","active","ltd","99999",""
17436697,"","2026-09-01","active","ltd","99999",""
17436700,"","2026-09-01","active","ltd","99999",""
17436689,"","2026-09-01","active","ltd","99999",""
17436685,"","2026-09-01","active","ltd","99999",""
17436710,"","2026-09-01","active","ltd","99999",""
17436906,"","2026-09-01","active","ltd","99999",""
17436909,"","2026-09-01","active","ltd","99999",""
17429335,"","2026-09-01","active","ltd","99999",""
17436969,"","2026-09-01","active","ltd","99999",""
17436972,"","2026-09-01","active","ltd","99999",""
17436987,"","2026-09-01","active","ltd","99999",""
17436992,"","2026-09-01","active","ltd","99999",""
17436993,"","2026-09-01","active","ltd","99999",""
17436991,"","2026-09-01","active","ltd","99999",""
17437087,"","2026-09-01","active","ltd","99999",""
17437092,"","2026-09-01","active","ltd","99999",""
17437077,"","2026-09-01","active","ltd","99999",""
17437078,"","2026-09-01","active","ltd","99999",""
17437235,"","2026-09-01","active","ltd","99999",""
17437240,"","2026-09-01","active","ltd","99999",""
17437238,"","2026-09-01","active","ltd","99999",""
17437237,"","2026-09-01","active","ltd","99999",""
17437319,"","2026-09-01","active","ltd","99999",""
17437313,"","2026-09-01","active","ltd","99999",""
17437316,"","2026-09-01","active","ltd","99999",""
17428585,"","2026-09-01","active","ltd","99999",""
17428587,"","2026-09-01","active","ltd","99999",""
17428586,"","2026-09-01","active","ltd","99999",""
17428646,"","2026-09-01","active","ltd","99999",""
17428665,"","2026-09-01","active","ltd","99999",""
17428666,"","2026-09-01","active","ltd","99999",""
17428779,"","2026-09-01","active","ltd","99999",""
17428778,"","2026-09-01","active","ltd","99999",""
17428777,"","2026-09-01","active","ltd","99999",""
17428784,"","2026-09-01","active","ltd","99999",""
17428783,"","2026-09-01","active","ltd","99999",""
17428911,"","2026-09-01","active","ltd","99999",""
17428917,"","2026-09-01","active","ltd","99999",""
17428932,"","2026-09-01","active","ltd","99999",""
17428933,"","2026-09-01","active","ltd","99999",""
17428921,"","2026-09-01","active","ltd","99999",""
17428922,"","2026-09-01","active","ltd","99999",""
17428915,"","2026-09-01","active","ltd","99999",""
17428934,"","2026-09-01","active","ltd","99999",""
17429014,"","2026-09-01","active","ltd","99999",""
17429008,"","2026-09-01","active","ltd","99999",""
17429075,"","2026-09-01","active","ltd","99999",""
17429073,"","2026-09-01","active","ltd","99999",""
17429157,"","2026-09-01","active","ltd","99999",""
17429161,"","2026-09-01","active","ltd","99999",""
17429163,"","2026-09-01","active","ltd","99999",""
17429165,"","2026-09-01","active","ltd","99999",""
17429158,"","2026-09-01","active","ltd","99999",""
17429185,"","2026-09-01","active","ltd","99999",""
17429191,"","2026-09-01","active","ltd","99999",""
17429197,"","2026-09-01","active","ltd","99999",""
17429198,"","2026-09-01","active","ltd","99999",""
17429201,"","2026-09-01","active","ltd","99999",""
17429179,"","2026-09-01","active","ltd","99999",""
17429183,"","2026-09-01","active","ltd","99999",""
17429175,"","2026-09-01","active","ltd","99999",""
17429189,"","2026-09-01","active","ltd","99999",""
17429530,"","2026-09-01","active","ltd","99999",""
17429529,"","2026-09-01","active","ltd","99999",""
17429527,"","2026-09-01","active","ltd","99999",""
17429522,"","2026-09-01","active","ltd","99999",""
17429518,"","2026-09-01","active","ltd","99999",""
SC900952,"","2026-09-01","active","ltd","99999",""
SC900953,"","2026-09-01","active","ltd","99999",""
17429514,"","2026-09-01","active","ltd","99999",""
17429523,"","2026-09-01","active","ltd","99999",""
17429850,"","2026-09-01","active","ltd","99999",""
17429847,"","2026-09-01","active","ltd","99999",""
17429844,"","2026-09-01","active","ltd","99999",""
17429854,"","2026-09-01","active","ltd","99999",""
17429858,"","2026-09-01","active","ltd","99999",""
17429828,"","2026-09-01","active","ltd","99999",""
17429852,"","2026-09-01","active","ltd","99999",""
17429839,"","2026-09-01","active","ltd","99999",""
17429851,"","2026-09-01","active","ltd","99999",""
17430144,"","2026-09-01","active","ltd","99999",""
17430150,"","2026-09-01","active","ltd","99999",""
17430148,"","2026-09-01","active","ltd","99999",""
17430138,"","2026-09-01","active","ltd","99999",""
17430135,"","2026-09-01","active","ltd","99999",""
17430134,"","2026-09-01","active","ltd","99999",""
17430361,"","2026-09-01","active","ltd","99999",""
17443182,"","2026-09-01","active","ltd","99999",""
17443185,"","2026-09-01","active","ltd","99999",""
17443200,"","2026-09-01","active","ltd","99999",""
17443198,"","2026-09-01","active","ltd","99999",""
17443202,"","2026-09-01","active","ltd","99999",""
17443207,"","2026-09-01","active","ltd","99999",""
17443205,"","2026-09-01","active","ltd","99999",""
17443531,"","2026-09-01","active","ltd","99999",""
17443532,"","2026-09-01","active","ltd","99999",""
17443524,"","2026-09-01","active","ltd","99999",""
17443522,"","2026-09-01","active","ltd","99999",""
17443523,"","2026-09-01","active","ltd","99999",""
17443527,"","2026-09-01","active","ltd","99999",""
17443667,"","2026-09-01","active","ltd","99999",""
17443669,"","2026-09-01","active","ltd","99999",""
17443690,"","2026-09-01","active","ltd","99999",""
17443688,"","2026-09-01","active","ltd","99999",""
17443767,"","2026-09-01","active","ltd","99999",""
NI743558,"","2026-09-01","active","ltd","99999",""
17443780,"","2026-09-01","active","ltd","99999",""
17443762,"","2026-09-01","active","ltd","99999",""
17443764,"","2026-09-01","active","ltd","99999",""
17443765,"","2026-09-01","active","ltd","99999",""
17443769,"","2026-09-01","active","ltd","99999",""
17443778,"","2026-09-01","active","ltd","99999",""
17443772,"","2026-09-01","active","ltd","99999",""
17443774,"","2026-09-01","active","ltd","99999",""
17444045,"","2026-09-01","active","ltd","99999",""
17444036,"","2026-09-01","active","ltd","99999",""
17444034,"","2026-09-01","active","ltd","99999",""
17444037,"","2026-09-01","active","ltd","99999",""
17444029,"","2026-09-01","active","ltd","99999",""
SC901837,"","2026-09-01","active","ltd","99999",""
17444031,"","2026-09-01","active","ltd","99999",""
17444054,"","2026-09-01","active","ltd","99999",""
17444048,"","2026-09-01","active","ltd","99999",""
17444042,"","2026-09-01","active","ltd","99999",""
17444051,"","2026-09-01","active","ltd","99999",""
17444238,"","2026-09-01","active","ltd","99999",""
NI743568,"","2026-09-01","active","ltd","99999",""
17444244,"","2026-09-01","active","ltd","99999",""
SC901853,"","2026-09-01","active","ltd","99999",""
17444250,"","2026-09-01","active","ltd","99999",""
17444259,"","2026-09-01","active","ltd","99999",""
17444257,"","2026-09-01","active","ltd","99999",""
17444254,"","2026-09-01","active","ltd","99999",""
SC901854,"","2026-09-01","active","ltd","99999",""
17444449,"","2026-09-01","active","ltd","99999",""
17444448,"","2026-09-01","active","ltd","99999",""
17444451,"","2026-09-01","active","ltd","99999",""
17444461,"","2026-09-01","active","ltd","99999",""
17444635,"","2026-09-01","active","ltd","99999",""
17444634,"","2026-09-01","active","ltd","99999",""
NI743571,"","2026-09-01","active","ltd","99999",""
17444647,"","2026-09-01","active","ltd","99999",""
17444640,"","2026-09-01","active","ltd","99999",""
17444641,"","2026-09-01","active","ltd","99999",""
SC901867,"","2026-09-01","active","ltd","99999",""
17444632,"","2026-09-01","active","ltd","99999",""
17444639,"","2026-09-01","active","ltd","99999",""
17444646,"","2026-09-01","active","ltd","99999",""
17444842,"","2026-09-01","active","ltd","99999",""
17444838,"","2026-09-01","active","ltd","99999",""
17444839,"","2026-09-01","active","ltd","99999",""
17444840,"","2026-09-01","active","ltd","99999",""
17444961,"","2026-09-01","active","ltd","99999",""
17444962,"","2026-09-01","active","ltd","99999",""
17444958,"","2026-09-01","active","ltd","99999",""
17444968,"","2026-09-01","active","ltd","99999",""
17444995,"","2026-09-01","active","ltd","99999",""
17445001,"","2026-09-01","active","ltd","99999",""
17444993,"","2026-09-01","active","ltd","99999",""
17445119,"","2026-09-01","active","ltd","99999",""
17445120,"","2026-09-01","active","ltd","99999",""
17445132,"","2026-09-01","active","ltd","99999",""
17445127,"","2026-09-01","active","ltd","99999",""
17445222,"","2026-09-01","active","ltd","99999",""
17445223,"","2026-09-01","active","ltd","99999",""
17445220,"","2026-09-01","active","ltd","99999",""
17445224,"","2026-09-01","active","ltd","99999",""
17434820,"","2026-09-01","active","ltd","99999",""
17445238,"","2026-09-01","active","ltd","99999",""
17445233,"","2026-09-01","active","ltd","99999",""
17445245,"","2026-09-01","active","ltd","99999",""
17445250,"","2026-09-01","active","ltd","99999",""
17445255,"","2026-09-01","active","ltd","99999",""
17445256,"","2026-09-01","active","ltd","99999",""
17445503,"","2026-09-01","active","ltd","99999",""
17445512,"","2026-09-01","active","ltd","99999",""
17445510,"","2026-09-01","active","ltd","99999",""
17445509,"","2026-09-01","active","ltd","99999",""
17445743,"","2026-09-01","active","ltd","99999",""
17445746,"","2026-09-01","active","ltd","99999",""
17445722,"","2026-09-01","active","ltd","99999",""
17445728,"","2026-09-01","active","ltd","99999",""
17445725,"","2026-09-01","active","ltd","99999",""
17445723,"","2026-09-01","active","ltd","99999",""
17445750,"","2026-09-01","active","ltd","99999",""
17445749,"","2026-09-01","active","ltd","99999",""
17445748,"","2026-09-01","active","ltd","99999",""
SC901909,"","2026-09-01","active","ltd","99999",""
17445739,"","2026-09-01","active","ltd","99999",""
SC901936,"","2026-09-01","active","ltd","99999",""
17445985,"","2026-09-01","active","ltd","99999",""
17446095,"","2026-09-01","active","ltd","99999",""
17446096,"","2026-09-01","active","ltd","99999",""
17446100,"","2026-09-01","active","ltd","99999",""
17446102,"","2026-09-01","active","ltd","99999",""
17446106,"","2026-09-01","active","ltd","99999",""
17446109,"","2026-09-01","active","ltd","99999",""
17446108,"","2026-09-01","active","ltd","99999",""
SC901953,"","2026-09-01","active","ltd","99999",""
17446099,"","2026-09-01","active","ltd","99999",""
17446296,"","2026-09-01","active","ltd","99999",""
SC901964,"","2026-09-01","active","ltd","99999",""
17446298,"","2026-09-01","active","ltd","99999",""
17446347,"","2026-09-01","active","ltd","99999",""
17446357,"","2026-09-01","active","ltd","99999",""
17446355,"","2026-09-01","active","ltd","99999",""
17446356,"","2026-09-01","active","ltd","99999",""
17446338,"","2026-09-01","active","ltd","99999",""
NI743603,"","2026-09-01","active","ltd","99999",""
17446350,"","2026-09-01","active","ltd","99999",""
17446562,"","2026-09-01","active","ltd","99999",""
17446575,"","2026-09-01","active","ltd","99999",""
17446572,"","2026-09-01","active","ltd","99999",""
17446582,"","2026-09-01","active","ltd","99999",""
17446585,"","2026-09-01","active","ltd","99999",""
17446558,"","2026-09-01","active","ltd","99999",""
17446559,"","2026-09-01","active","ltd","99999",""
17446556,"","2026-09-01","active","ltd","99999",""
17446570,"","2026-09-01","active","ltd","99999",""
17446563,"","2026-09-01","active","ltd","99999",""
17446554,"","2026-09-01","active","ltd","99999",""
17446576,"","2026-09-01","active","ltd","99999",""
17446949,"","2026-09-01","active","ltd","99999",""
NI743609,"","2026-09-01","active","ltd","99999",""
17446974,"","2026-09-01","active","ltd","99999",""
17446972,"","2026-09-01","active","ltd","99999",""
17446967,"","2026-09-01","active","ltd","99999",""
17446958,"","2026-09-01","active","ltd","99999",""
17447088,"","2026-09-01","active","ltd","99999",""
17447090,"","2026-09-01","active","ltd","99999",""
17447084,"","2026-09-01","active","ltd","99999",""
17447070,"","2026-09-01","active","ltd","99999",""
17447079,"","2026-09-01","active","ltd","99999",""
17447080,"","2026-09-01","active","ltd","99999",""
17447089,"","2026-09-01","active","ltd","99999",""
17447077,"","2026-09-01","active","ltd","99999",""
17447333,"","2026-09-01","active","ltd","99999",""
17447336,"","2026-09-01","active","ltd","99999",""
17447335,"","2026-09-01","active","ltd","99999",""
17447326,"","2026-09-01","active","ltd","99999",""
17447329,"","2026-09-01","active","ltd","99999",""
17447331,"","2026-09-01","active","ltd","99999",""
17447321,"","2026-09-01","active","ltd","99999",""
17447648,"","2026-09-01","active","ltd","99999",""
17447653,"","2026-09-01","active","ltd","99999",""
17447640,"","2026-09-01","active","ltd","99999",""
17447632,"","2026-09-01","active","ltd","99999",""
17447638,"","2026-09-01","active","ltd","99999",""
17447633,"","2026-09-01","active","ltd","99999",""
17447625,"","2026-09-01","active","ltd","99999",""
17447629,"","2026-09-01","active","ltd","99999",""
17447627,"","2026-09-01","active","ltd","99999",""
17447628,"","2026-09-01","active","ltd","99999",""
17447643,"","2026-09-01","active","ltd","99999",""
17447654,"","2026-09-01","active","ltd","99999",""
17447641,"","2026-09-01","active","ltd","99999",""
17447617,"","2026-09-01","active","ltd","99999",""
17447814,"","2026-09-01","active","ltd","99999",""
17447822,"","2026-09-01","active","ltd","99999",""
17447812,"","2026-09-01","active","ltd","99999",""
17448035,"","2026-09-01","active","ltd","99999",""
17448034,"","2026-09-01","active","ltd","99999",""
17448045,"","2026-09-01","active","ltd","99999",""
17449908,"","2026-09-01","active","ltd","99999",""
17449905,"","2026-09-01","active","ltd","99999",""
17449891,"","2026-09-01","active","ltd","99999",""
17449890,"","2026-09-01","active","ltd","99999",""
17449892,"","2026-09-01","active","ltd","99999",""
17449870,"","2026-09-01","active","ltd","99999",""
17449874,"","2026-09-01","active","ltd","99999",""
17449884,"","2026-09-01","active","ltd","99999",""
17449881,"","2026-09-01","active","ltd","99999",""
17449911,"","2026-09-01","active","ltd","99999",""
17449876,"","2026-09-01","active","ltd","99999",""
17449879,"","2026-09-01","active","ltd","99999",""
17449902,"","2026-09-01","active","ltd","99999",""
17450157,"","2026-09-01","active","ltd","99999",""
17450169,"","2026-09-01","active","ltd","99999",""
17450148,"","2026-09-01","active","ltd","99999",""
17450158,"","2026-09-01","active","ltd","99999",""
17450154,"","2026-09-01","active","ltd","99999",""
17450462,"","2026-09-01","active","ltd","99999",""
17450456,"","2026-09-01","active","ltd","99999",""
17450460,"","2026-09-01","active","ltd","99999",""
17450478,"","2026-09-01","active","ltd","99999",""
SC902145,"","2026-09-01","active","ltd","99999",""
17450441,"","2026-09-01","active","ltd","99999",""
17450444,"","2026-09-01","active","ltd","99999",""
17450442,"","2026-09-01","active","ltd","99999",""
17450451,"","2026-09-01","active","ltd","99999",""
17450465,"","2026-09-01","active","ltd","99999",""
17450471,"","2026-09-01","active","ltd","99999",""
17450448,"","2026-09-01","active","ltd","99999",""
17450470,"","2026-09-01","active","ltd","99999",""
17450662,"","2026-09-01","active","ltd","99999",""
17450661,"","2026-09-01","active","ltd","99999",""
17450666,"","2026-09-01","active","ltd","99999",""
17450664,"","2026-09-01","active","ltd","99999",""
17450659,"","2026-09-01","active","ltd","99999",""
17450652,"","2026-09-01","active","ltd","99999",""
17450762,"","2026-09-01","active","ltd","99999",""
17450759,"","2026-09-01","active","ltd","99999",""
NI743649,"","2026-09-01","active","ltd","99999",""
17450764,"","2026-09-01","active","ltd","99999",""
17450768,"","2026-09-01","active","ltd","99999",""
SC902168,"","2026-09-01","active","ltd","99999",""
SC902170,"","2026-09-01","active","ltd","99999",""
17450870,"","2026-09-01","active","ltd","99999",""
17450874,"","2026-09-01","active","ltd","99999",""
17450928,"","2026-09-01","active","ltd","99999",""
17450930,"","2026-09-01","active","ltd","99999",""
17451046,"","2026-09-01","active","ltd","99999",""
17451041,"","2026-09-01","active","ltd","99999",""
17451111,"","2026-09-01","active","ltd","99999",""
17451107,"","2026-09-01","active","ltd","99999",""
17451118,"","2026-09-01","active","ltd","99999",""
17451112,"","2026-09-01","active","ltd","99999",""
17451264,"","2026-09-01","active","ltd","99999",""
17451391,"","2026-09-01","active","ltd","99999",""
SC902206,"","2026-09-01","active","ltd","99999",""
17451398,"","2026-09-01","active","ltd","99999",""
17451384,"","2026-09-01","active","ltd","99999",""
17451401,"","2026-09-01","active","ltd","99999",""
17451638,"","2026-09-01","active","ltd","99999",""
SC902246,"","2026-09-01","active","ltd","99999",""
17451641,"","2026-09-01","active","ltd","99999",""
17451639,"","2026-09-01","active","ltd","99999",""
17451635,"","2026-09-01","active","ltd","99999",""
SC902243,"","2026-09-01","active","ltd","99999",""
17447303,"","2026-09-01","active","ltd","99999",""
17451700,"","2026-09-01","active","ltd","99999",""
17451703,"","2026-09-01","active","ltd","99999",""
17451702,"","2026-09-01","active","ltd","99999",""
17451708,"","2026-09-01","active","ltd","99999",""
17451706,"","2026-09-01","active","ltd","99999",""
17451795,"","2026-09-01","active","ltd","99999",""
17451799,"","2026-09-01","active","ltd","99999",""
17451801,"","2026-09-01","active","ltd","99999",""
17451896,"","2026-09-01","active","ltd","99999",""
17451892,"","2026-09-01","active","ltd","99999",""
17451893,"","2026-09-01","active","ltd","99999",""
17451898,"","2026-09-01","active","ltd","99999",""
17451895,"","2026-09-01","active","ltd","99999",""
17450992,"","2026-09-01","active","ltd","99999",""
17452007,"","2026-09-01","active","ltd","99999",""
17451996,"","2026-09-01","active","ltd","99999",""
17452011,"","2026-09-01","active","ltd","99999",""
17451999,"","2026-09-01","active","ltd","99999",""
17452004,"","2026-09-01","active","ltd","99999",""
17452070,"","2026-09-01","active","ltd","99999",""
17452079,"","2026-09-01","active","ltd","99999",""
17452074,"","2026-09-01","active","ltd","99999",""
17452076,"","2026-09-01","active","ltd","99999",""
17452075,"","2026-09-01","active","ltd","99999",""
17452132,"","2026-09-01","active","ltd","99999",""
17452357,"","2026-09-01","active","ltd","99999",""
17452352,"","2026-09-01","active","ltd","99999",""
17449079,"","2026-09-01","active","ltd","99999",""
17452343,"","2026-09-01","active","ltd","99999",""
17452358,"","2026-09-01","active","ltd","99999",""
17452457,"","2026-09-01","active","ltd","99999",""
17452530,"","2026-09-01","active","ltd","99999",""
17452534,"","2026-09-01","active","ltd","99999",""
17452533,"","2026-09-01","active","ltd","99999",""
17452537,"","2026-09-01","active","ltd","99999",""
17452922,"","2026-09-01","active","ltd","99999",""
17452918,"","2026-09-01","active","ltd","99999",""
SC902334,"","2026-09-01","active","ltd","99999",""
SC902337,"","2026-09-01","active","ltd","99999",""
SC902338,"","2026-09-01","active","ltd","99999",""
17452934,"","2026-09-01","active","ltd","99999",""
17453082,"","2026-09-01","active","ltd","99999",""
17453078,"","2026-09-01","active","ltd","99999",""
17453073,"","2026-09-01","active","ltd","99999",""
17453083,"","2026-09-01","active","ltd","99999",""
17453087,"","2026-09-01","active","ltd","99999",""
NI743690,"","2026-09-01","active","ltd","99999",""
17453407,"","2026-09-01","active","ltd","99999",""
17453393,"","2026-09-01","active","ltd","99999",""
17453400,"","2026-09-01","active","ltd","99999",""
17453403,"","2026-09-01","active","ltd","99999",""
17453398,"","2026-09-01","active","ltd","99999",""
17453397,"","2026-09-01","active","ltd","99999",""
17453399,"","2026-09-01","active","ltd","99999",""
NI743694,"","2026-09-01","active","ltd","99999",""
17453492,"","2026-09-01","active","ltd","99999",""
17453487,"","2026-09-01","active","ltd","99999",""
17453496,"","2026-09-01","active","ltd","99999",""
17453479,"","2026-09-01","active","ltd","99999",""
17453484,"","2026-09-01","active","ltd","99999",""
17453488,"","2026-09-01","active","ltd","99999",""
17453499,"","2026-09-01","active","ltd","99999",""
17453476,"","2026-09-01","active","ltd","99999",""
SC902387,"","2026-09-01","active","ltd","99999",""
17453809,"","2026-09-01","active","ltd","99999",""
17453818,"","2026-09-01","active","ltd","99999",""
17453815,"","2026-09-01","active","ltd","99999",""
17453806,"","2026-09-01","active","ltd","99999",""
17453801,"","2026-09-01","active","ltd","99999",""
17453797,"","2026-09-01","active","ltd","99999",""
17453796,"","2026-09-01","active","ltd","99999",""
17453814,"","2026-09-01","active","ltd","99999",""
17454073,"","2026-09-01","active","ltd","99999",""
17454069,"","2026-09-01","active","ltd","99999",""
17454082,"","2026-09-01","active","ltd","99999",""
17454040,"","2026-09-01","active","ltd","99999",""
17454066,"","2026-09-01","active","ltd","99999",""
17454062,"","2026-09-01","active","ltd","99999",""
17454051,"","2026-09-01","active","ltd","99999",""
17454063,"","2026-09-01","active","ltd","99999",""
17454075,"","2026-09-01","active","ltd","99999",""
17454076,"","2026-09-01","active","ltd","99999",""
17454074,"","2026-09-01","active","ltd","99999",""
17454042,"","2026-09-01","active","ltd","99999",""
17454361,"","2026-09-01","active","ltd","99999",""
17454366,"","2026-09-01","active","ltd","99999",""
17454368,"","2026-09-01","active","ltd","99999",""
17454357,"","2026-09-01","active","ltd","99999",""
17454364,"","2026-09-01","active","ltd","99999",""
17454384,"","2026-09-01","active","ltd","99999",""
17454351,"","2026-09-01","active","ltd","99999",""
17454349,"","2026-09-01","active","ltd","99999",""
17454611,"","2026-09-01","active","ltd","99999",""
17454612,"","2026-09-01","active","ltd","99999",""
17454627,"","2026-09-01","active","ltd","99999",""
17454628,"","2026-09-01","active","ltd","99999",""
17454618,"","2026-09-01","active","ltd","99999",""
17454622,"","2026-09-01","active","ltd","99999",""
17454615,"","2026-09-01","active","ltd","99999",""
17454630,"","2026-09-01","active","ltd","99999",""
17454814,"","2026-09-01","active","ltd","99999",""
17454815,"","2026-09-01","active","ltd","99999",""
17454813,"","2026-09-01","active","ltd","99999",""
17454822,"","2026-09-01","active","ltd","99999",""
17454976,"","2026-09-01","active","ltd","99999",""
17454984,"","2026-09-01","active","ltd","99999",""
17454986,"","2026-09-01","active","ltd","99999",""
17455013,"","2026-09-01","active","ltd","99999",""
17455009,"","2026-09-01","active","ltd","99999",""
17455008,"","2026-09-01","active","ltd","99999",""
17455012,"","2026-09-01","active","ltd","99999",""
17455002,"","2026-09-01","active","ltd","99999",""
17455027,"","2026-09-01","active","ltd","99999",""
17455036,"","2026-09-01","active","ltd","99999",""
17455032,"","2026-09-01","active","ltd","99999",""
17455023,"","2026-09-01","active","ltd","99999",""
17455033,"","2026-09-01","active","ltd","99999",""
17455019,"","2026-09-01","active","ltd","99999",""
17455043,"","2026-09-01","active","ltd","99999",""
17455014,"","2026-09-01","active","ltd","99999",""
17435638,"","2026-09-01","active","ltd","99999",""
17454993,"","2026-09-01","active","ltd","99999",""
17455040,"","2026-09-01","active","ltd","99999",""
17455001,"","2026-09-01","active","ltd","99999",""
17439345,"","2026-09-01","active","ltd","99999",""
17439351,"","2026-09-01","active","ltd","99999",""
17439347,"","2026-09-01","active","ltd","99999",""
17439338,"","2026-09-01","active","ltd","99999",""
17439335,"","2026-09-01","active","ltd","99999",""
17439328,"","2026-09-01","active","ltd","99999",""
17439329,"","2026-09-01","active","ltd","99999",""
17439344,"","2026-09-01","active","ltd","99999",""
17439331,"","2026-09-01","active","ltd","99999",""
17439353,"","2026-09-01","active","ltd","99999",""
17430672,"","2026-09-01","active","ltd","99999",""
17439357,"","2026-09-01","active","ltd","99999",""
17439371,"","2026-09-01","active","ltd","99999",""
17439375,"","2026-09-01","active","ltd","99999",""
17439370,"","2026-09-01","active","ltd","99999",""
17439379,"","2026-09-01","active","ltd","99999",""
17439389,"","2026-09-01","active","ltd","99999",""
17439391,"","2026-09-01","active","ltd","99999",""
17439390,"","2026-09-01","active","ltd","99999",""
17439392,"","2026-09-01","active","ltd","99999",""
17439394,"","2026-09-01","active","ltd","99999",""
SC901631,"","2026-09-01","active","ltd","99999",""
17439384,"","2026-09-01","active","ltd","99999",""
17439387,"","2026-09-01","active","ltd","99999",""
17439377,"","2026-09-01","active","ltd","99999",""
SC901632,"","2026-09-01","active","ltd","99999",""
17439399,"","2026-09-01","active","ltd","99999",""
17439410,"","2026-09-01","active","ltd","99999",""
17439412,"","2026-09-01","active","ltd","99999",""
17439403,"","2026-09-01","active","ltd","99999",""
17439405,"","2026-09-01","active","ltd","99999",""
17439404,"","2026-09-01","active","ltd","99999",""
17439398,"","2026-09-01","active","ltd","99999",""
17439434,"","2026-09-01","active","ltd","99999",""
17439436,"","2026-09-01","active","ltd","99999",""
SC901635,"","2026-09-01","active","ltd","99999",""
17439428,"","2026-09-01","active","ltd","99999",""
17439420,"","2026-09-01","active","ltd","99999",""
17439426,"","2026-09-01","active","ltd","99999",""
17439424,"","2026-09-01","active","ltd","99999",""
17439421,"","2026-09-01","active","ltd","99999",""
SC901633,"","2026-09-01","active","ltd","99999",""
SC901636,"","2026-09-01","active","ltd","99999",""
17439469,"","2026-09-01","active","ltd","99999",""
17439457,"","2026-09-01","active","ltd","99999",""
17439450,"","2026-09-01","active","ltd","99999",""
17439460,"","2026-09-01","active","ltd","99999",""
17439468,"","2026-09-01","active","ltd","99999",""
17439445,"","2026-09-01","active","ltd","99999",""
17439485,"","2026-09-01","active","ltd","99999",""
17439474,"","2026-09-01","active","ltd","99999",""
17439471,"","2026-09-01","active","ltd","99999",""
17439487,"","2026-09-01","active","ltd","99999",""
17439498,"","2026-09-01","active","ltd","99999",""
17439499,"","2026-09-01","active","ltd","99999",""
17439491,"","2026-09-01","active","ltd","99999",""
17439489,"","2026-09-01","active","ltd","99999",""
17439501,"","2026-09-01","active","ltd","99999",""
17439578,"","2026-09-01","active","ltd","99999",""
17439576,"","2026-09-01","active","ltd","99999",""
17439580,"","2026-09-01","active","ltd","99999",""
17439560,"","2026-09-01","active","ltd","99999",""
17439566,"","2026-09-01","active","ltd","99999",""
17439561,"","2026-09-01","active","ltd","99999",""
17439559,"","2026-09-01","active","ltd","99999",""
17439568,"","2026-09-01","active","ltd","99999",""
17439558,"","2026-09-01","active","ltd","99999",""
17439572,"","2026-09-01","active","ltd","99999",""
17439586,"","2026-09-01","active","ltd","99999",""
17439687,"","2026-09-01","active","ltd","99999",""
17439683,"","2026-09-01","active","ltd","99999",""
17439686,"","2026-09-01","active","ltd","99999",""
17439679,"","2026-09-01","active","ltd","99999",""
17439688,"","2026-09-01","active","ltd","99999",""
17439674,"","2026-09-01","active","ltd","99999",""
17439827,"","2026-09-01","active","ltd","99999",""
17439809,"","2026-09-01","active","ltd","99999",""
17439810,"","2026-09-01","active","ltd","99999",""
17439900,"","2026-09-01","active","ltd","99999",""
17439893,"","2026-09-01","active","ltd","99999",""
17439898,"","2026-09-01","active","ltd","99999",""
17439884,"","2026-09-01","active","ltd","99999",""
17439901,"","2026-09-01","active","ltd","99999",""
17439973,"","2026-09-01","active","ltd","99999",""
17439961,"","2026-09-01","active","ltd","99999",""
17439975,"","2026-09-01","active","ltd","99999",""
17439964,"","2026-09-01","active","ltd","99999",""
17440053,"","2026-09-01","active","ltd","99999",""
SC901652,"","2026-09-01","active","ltd","99999",""
17440197,"","2026-09-01","active","ltd","99999",""
17440195,"","2026-09-01","active","ltd","99999",""
17440221,"","2026-09-01","active","ltd","99999",""
17440211,"","2026-09-01","active","ltd","99999",""
17440208,"","2026-09-01","active","ltd","99999",""
17440199,"","2026-09-01","active","ltd","99999",""
17440212,"","2026-09-01","active","ltd","99999",""
17440457,"","2026-09-01","active","ltd","99999",""
17440465,"","2026-09-01","active","ltd","99999",""
17440463,"","2026-09-01","active","ltd","99999",""
17440437,"","2026-09-01","active","ltd","99999",""
17440438,"","2026-09-01","active","ltd","99999",""
17440440,"","2026-09-01","active","ltd","99999",""
17440441,"","2026-09-01","active","ltd","99999",""
17440469,"","2026-09-01","active","ltd","99999",""
17440471,"","2026-09-01","active","ltd","99999",""
17440470,"","2026-09-01","active","ltd","99999",""
17440454,"","2026-09-01","active","ltd","99999",""
17440451,"","2026-09-01","active","ltd","99999",""
17440479,"","2026-09-01","active","ltd","99999",""
17440449,"","2026-09-01","active","ltd","99999",""
17440775,"","2026-09-01","active","ltd","99999",""
17440755,"","2026-09-01","active","ltd","99999",""
17440759,"","2026-09-01","active","ltd","99999",""
17440769,"","2026-09-01","active","ltd","99999",""
17441119,"","2026-09-01","active","ltd","99999",""
17441121,"","2026-09-01","active","ltd","99999",""
17441111,"","2026-09-01","active","ltd","99999",""
17441113,"","2026-09-01","active","ltd","99999",""
17441115,"","2026-09-01","active","ltd","99999",""
17441116,"","2026-09-01","active","ltd","99999",""
17441140,"","2026-09-01","active","ltd","99999",""
17441141,"","2026-09-01","active","ltd","99999",""
17441124,"","2026-09-01","active","ltd","99999",""
17441123,"","2026-09-01","active","ltd","99999",""
17441130,"","2026-09-01","active","ltd","99999",""
17441146,"","2026-09-01","active","ltd","99999",""
17441150,"","2026-09-01","active","ltd","99999",""
17441294,"","2026-09-01","active","ltd","99999",""
17441290,"","2026-09-01","active","ltd","99999",""
17441293,"","2026-09-01","active","ltd","99999",""
17441291,"","2026-09-01","active","ltd","99999",""
17441297,"","2026-09-01","active","ltd","99999",""
17441284,"","2026-09-01","active","ltd","99999",""
17441269,"","2026-09-01","active","ltd","99999",""
17441310,"","2026-09-01","active","ltd","99999",""
17441306,"","2026-09-01","active","ltd","99999",""
17441309,"","2026-09-01","active","ltd","99999",""
17441266,"","2026-09-01","active","ltd","99999",""
17441281,"","2026-09-01","active","ltd","99999",""
SC901663,"","2026-09-01","active","ltd","99999",""
17441539,"","2026-09-01","active","ltd","99999",""
17441530,"","2026-09-01","active","ltd","99999",""
17441534,"","2026-09-01","active","ltd","99999",""
17441531,"","2026-09-01","active","ltd","99999",""
17441625,"","2026-09-01","active","ltd","99999",""
17441624,"","2026-09-01","active","ltd","99999",""
17441635,"","2026-09-01","active","ltd","99999",""
17441631,"","2026-09-01","active","ltd","99999",""
SC901666,"","2026-09-01","active","ltd","99999",""
17441637,"","2026-09-01","active","ltd","99999",""
17441621,"","2026-09-01","active","ltd","99999",""
SC901671,"","2026-09-01","active","ltd","99999",""
17441702,"","2026-09-01","active","ltd","99999",""
17441704,"","2026-09-01","active","ltd","99999",""
17441708,"","2026-09-01","active","ltd","99999",""
17441698,"","2026-09-01","active","ltd","99999",""
17441712,"","2026-09-01","active","ltd","99999",""
17441851,"","2026-09-01","active","ltd","99999",""
17441848,"","2026-09-01","active","ltd","99999",""
17441854,"","2026-09-01","active","ltd","99999",""
17441853,"","2026-09-01","active","ltd","99999",""
17441852,"","2026-09-01","active","ltd","99999",""
17441873,"","2026-09-01","active","ltd","99999",""
17441874,"","2026-09-01","active","ltd","99999",""
17441867,"","2026-09-01","active","ltd","99999",""
17441875,"","2026-09-01","active","ltd","99999",""
17442037,"","2026-09-01","active","ltd","99999",""
17442034,"","2026-09-01","active","ltd","99999",""
17442028,"","2026-09-01","active","ltd","99999",""
17442038,"","2026-09-01","active","ltd","99999",""
SC901701,"","2026-09-01","active","ltd","99999",""
17442122,"","2026-09-01","active","ltd","99999",""
SC901700,"","2026-09-01","active","ltd","99999",""
17442183,"","2026-09-01","active","ltd","99999",""
17442189,"","2026-09-01","active","ltd","99999",""
17442194,"","2026-09-01","active","ltd","99999",""
17442190,"","2026-09-01","active","ltd","99999",""
17442175,"","2026-09-01","active","ltd","99999",""
17442187,"","2026-09-01","active","ltd","99999",""
17442179,"","2026-09-01","active","ltd","99999",""
17442356,"","2026-09-01","active","ltd","99999",""
17442350,"","2026-09-01","active","ltd","99999",""
17442349,"","2026-09-01","active","ltd","99999",""
17444480,"","2026-09-01","active","ltd","99999",""
17444476,"","2026-09-01","active","ltd","99999",""
17444477,"","2026-09-01","active","ltd","99999",""
17444478,"","2026-09-01","active","ltd","99999",""
17444479,"","2026-09-01","active","ltd","99999",""
17444482,"","2026-09-01","active","ltd","99999",""
SC901858,"","2026-09-01","active","ltd","99999",""
17444497,"","2026-09-01","active","ltd","99999",""
SC901857,"","2026-09-01","active","ltd","99999",""
17444484,"","2026-09-01","active","ltd","99999",""
17444499,"","2026-09-01","active","ltd","99999",""
17444509,"","2026-09-01","active","ltd","99999",""
17444495,"","2026-09-01","active","ltd","99999",""
17444503,"","2026-09-01","active","ltd","99999",""
17444508,"","2026-09-01","active","ltd","99999",""
17444737,"","2026-09-01","active","ltd","99999",""
17444735,"","2026-09-01","active","ltd","99999",""
SC901872,"","2026-09-01","active","ltd","99999",""
17444793,"","2026-09-01","active","ltd","99999",""
17444802,"","2026-09-01","active","ltd","99999",""
17444792,"","2026-09-01","active","ltd","99999",""
17444798,"","2026-09-01","active","ltd","99999",""
17444803,"","2026-09-01","active","ltd","99999",""
17444794,"","2026-09-01","active","ltd","99999",""
17444955,"","2026-09-01","active","ltd","99999",""
17444956,"","2026-09-01","active","ltd","99999",""
17445066,"","2026-09-01","active","ltd","99999",""
17445065,"","2026-09-01","active","ltd","99999",""
17445143,"","2026-09-01","active","ltd","99999",""
17445169,"","2026-09-01","active","ltd","99999",""
17445144,"","2026-09-01","active","ltd","99999",""
17445171,"","2026-09-01","active","ltd","99999",""
17445172,"","2026-09-01","active","ltd","99999",""
17445142,"","2026-09-01","active","ltd","99999",""
17445403,"","2026-09-01","active","ltd","99999",""
17445402,"","2026-09-01","active","ltd","99999",""
17445388,"","2026-09-01","active","ltd","99999",""
17445398,"","2026-09-01","active","ltd","99999",""
17445385,"","2026-09-01","active","ltd","99999",""
17445407,"","2026-09-01","active","ltd","99999",""
17445401,"","2026-09-01","active","ltd","99999",""
17445409,"","2026-09-01","active","ltd","99999",""
17445656,"","2026-09-01","active","ltd","99999",""
17445659,"","2026-09-01","active","ltd","99999",""
17445652,"","2026-09-01","active","ltd","99999",""
17445651,"","2026-09-01","active","ltd","99999",""
17445662,"","2026-09-01","active","ltd","99999",""
17445649,"","2026-09-01","active","ltd","99999",""
SC901902,"","2026-09-01","active","ltd","99999",""
17445767,"","2026-09-01","active","ltd","99999",""
17445769,"","2026-09-01","active","ltd","99999",""
17445763,"","2026-09-01","active","ltd","99999",""
17445765,"","2026-09-01","active","ltd","99999",""
17445953,"","2026-09-01","active","ltd","99999",""
17445960,"","2026-09-01","active","ltd","99999",""
17445965,"","2026-09-01","active","ltd","99999",""
17445942,"","2026-09-01","active","ltd","99999",""
17445982,"","2026-09-01","active","ltd","99999",""
17445979,"","2026-09-01","active","ltd","99999",""
17445972,"","2026-09-01","active","ltd","99999",""
17445977,"","2026-09-01","active","ltd","99999",""
17445945,"","2026-09-01","active","ltd","99999",""
17445981,"","2026-09-01","active","ltd","99999",""
NI743597,"","2026-09-01","active","ltd","99999",""
17446241,"","2026-09-01","active","ltd","99999",""
17446239,"","2026-09-01","active","ltd","99999",""
17446247,"","2026-09-01","active","ltd","99999",""
17446250,"","2026-09-01","active","ltd","99999",""
17446237,"","2026-09-01","active","ltd","99999",""
17446248,"","2026-09-01","active","ltd","99999",""
SC901960,"","2026-09-01","active","ltd","99999",""
17446376,"","2026-09-01","active","ltd","99999",""
17446375,"","2026-09-01","active","ltd","99999",""
SC901968,"","2026-09-01","active","ltd","99999",""
17446378,"","2026-09-01","active","ltd","99999",""
17446373,"","2026-09-01","active","ltd","99999",""
17446383,"","2026-09-01","active","ltd","99999",""
17446387,"","2026-09-01","active","ltd","99999",""
17446370,"","2026-09-01","active","ltd","99999",""
17446369,"","2026-09-01","active","ltd","99999",""
17446411,"","2026-09-01","active","ltd","99999",""
17446399,"","2026-09-01","active","ltd","99999",""
17446400,"","2026-09-01","active","ltd","99999",""
17446403,"","2026-09-01","active","ltd","99999",""
17446390,"","2026-09-01","active","ltd","99999",""
17446396,"","2026-09-01","active","ltd","99999",""
17446394,"","2026-09-01","active","ltd","99999",""
17446752,"","2026-09-01","active","ltd","99999",""
17446755,"","2026-09-01","active","ltd","99999",""
17446762,"","2026-09-01","active","ltd","99999",""
17446760,"","2026-09-01","active","ltd","99999",""
17446743,"","2026-09-01","active","ltd","99999",""
17446747,"","2026-09-01","active","ltd","99999",""
17441282,"","2026-09-01","active","ltd","99999",""
17428952,"","2026-09-01","active","ltd","99999",""
17447036,"","2026-09-01","active","ltd","99999",""
17447015,"","2026-09-01","active","ltd","99999",""
17447028,"","2026-09-01","active","ltd","99999",""
17447021,"","2026-09-01","active","ltd","99999",""
17447027,"","2026-09-01","active","ltd","99999",""
17447023,"","2026-09-01","active","ltd","99999",""
17447024,"","2026-09-01","active","ltd","99999",""
17447243,"","2026-09-01","active","ltd","99999",""
17447245,"","2026-09-01","active","ltd","99999",""
17447220,"","2026-09-01","active","ltd","99999",""
17447224,"","2026-09-01","active","ltd","99999",""
SC902002,"","2026-09-01","active","ltd","99999",""
NI743612,"","2026-09-01","active","ltd","99999",""
17447241,"","2026-09-01","active","ltd","99999",""
17447242,"","2026-09-01","active","ltd","99999",""
17447239,"","2026-09-01","active","ltd","99999",""
17447253,"","2026-09-01","active","ltd","99999",""
17447233,"","2026-09-01","active","ltd","99999",""
17447214,"","2026-09-01","active","ltd","99999",""
17447217,"","2026-09-01","active","ltd","99999",""
17430807,"","2026-09-01","active","ltd","99999",""
17447530,"","2026-09-01","active","ltd","99999",""
17447531,"","2026-09-01","active","ltd","99999",""
17447532,"","2026-09-01","active","ltd","99999",""
17446777,"","2026-09-01","active","ltd","99999",""
17447545,"","2026-09-01","active","ltd","99999",""
17447524,"","2026-09-01","active","ltd","99999",""
17447519,"","2026-09-01","active","ltd","99999",""
17447520,"","2026-09-01","active","ltd","99999",""
17447518,"","2026-09-01","active","ltd","99999",""
17447540,"","2026-09-01","active","ltd","99999",""
17447746,"","2026-09-01","active","ltd","99999",""
17429992,"","2026-09-01","active","ltd","99999",""
17447763,"","2026-09-01","active","ltd","99999",""
17429653,"","2026-09-01","active","ltd","99999",""
17447760,"","2026-09-01","active","ltd","99999",""
17447753,"","2026-09-01","active","ltd","99999",""
17447752,"","2026-09-01","active","ltd","99999",""
17447940,"","2026-09-01","active","ltd","99999",""
SC902018,"","2026-09-01","active","ltd","99999",""
17447938,"","2026-09-01","active","ltd","99999",""
17447933,"","2026-09-01","active","ltd","99999",""
17447969,"","2026-09-01","active","ltd","99999",""
17447970,"","2026-09-01","active","ltd","99999",""
17447957,"","2026-09-01","active","ltd","99999",""
17447973,"","2026-09-01","active","ltd","99999",""
17447974,"","2026-09-01","active","ltd","99999",""
17448054,"","2026-09-01","active","ltd","99999",""
17448049,"","2026-09-01","active","ltd","99999",""
17448055,"","2026-09-01","active","ltd","99999",""
17448057,"","2026-09-01","active","ltd","99999",""
17448053,"","2026-09-01","active","ltd","99999",""
17449386,"","2026-09-01","active","ltd","99999",""
17449385,"","2026-09-01","active","ltd","99999",""
17449393,"","2026-09-01","active","ltd","99999",""
17449390,"","2026-09-01","active","ltd","99999",""
17449383,"","2026-09-01","active","ltd","99999",""
17449380,"","2026-09-01","active","ltd","99999",""
17449388,"","2026-09-01","active","ltd","99999",""
17449574,"","2026-09-01","active","ltd","99999",""
17449548,"","2026-09-01","active","ltd","99999",""
17449561,"","2026-09-01","active","ltd","99999",""
17449557,"","2026-09-01","active","ltd","99999",""
17449554,"","2026-09-01","active","ltd","99999",""
17449562,"","2026-09-01","active","ltd","99999",""
17449590,"","2026-09-01","active","ltd","99999",""
17449592,"","2026-09-01","active","ltd","99999",""
17449594,"","2026-09-01","active","ltd","99999",""
17449589,"","2026-09-01","active","ltd","99999",""
17431528,"","2026-09-01","active","ltd","99999",""
17449581,"","2026-09-01","active","ltd","99999",""
17449580,"","2026-09-01","active","ltd","99999",""
17449584,"","2026-09-01","active","ltd","99999",""
17449613,"","2026-09-01","active","ltd","99999",""
17449577,"","2026-09-01","active","ltd","99999",""
17449579,"","2026-09-01","active","ltd","99999",""
17449602,"","2026-09-01","active","ltd","99999",""
17449596,"","2026-09-01","active","ltd","99999",""
17449958,"","2026-09-01","active","ltd","99999",""
17449953,"","2026-09-01","active","ltd","99999",""
17449963,"","2026-09-01","active","ltd","99999",""
17450207,"","2026-09-01","active","ltd","99999",""
17450233,"","2026-09-01","active","ltd","99999",""
17450230,"","2026-09-01","active","ltd","99999",""
17450227,"","2026-09-01","active","ltd","99999",""
17450218,"","2026-09-01","active","ltd","99999",""
17450221,"","2026-09-01","active","ltd","99999",""
17450424,"","2026-09-01","active","ltd","99999",""
17450425,"","2026-09-01","active","ltd","99999",""
17450440,"","2026-09-01","active","ltd","99999",""
17450439,"","2026-09-01","active","ltd","99999",""
17450436,"","2026-09-01","active","ltd","99999",""
17450415,"","2026-09-01","active","ltd","99999",""
17450416,"","2026-09-01","active","ltd","99999",""
17450435,"","2026-09-01","active","ltd","99999",""
17450417,"","2026-09-01","active","ltd","99999",""
17450624,"","2026-09-01","active","ltd","99999",""
17450614,"","2026-09-01","active","ltd","99999",""
17444070,"","2026-09-01","active","ltd","99999",""
17450626,"","2026-09-01","active","ltd","99999",""
17450755,"","2026-09-01","active","ltd","99999",""
17450753,"","2026-09-01","active","ltd","99999",""
SC902159,"","2026-09-01","active","ltd","99999",""
17450751,"","2026-09-01","active","ltd","99999",""
17450754,"","2026-09-01","active","ltd","99999",""
SC902171,"","2026-09-01","active","ltd","99999",""
17450891,"","2026-09-01","active","ltd","99999",""
17450877,"","2026-09-01","active","ltd","99999",""
17451186,"","2026-09-01","active","ltd","99999",""
17451187,"","2026-09-01","active","ltd","99999",""
17451190,"","2026-09-01","active","ltd","99999",""
SC902188,"","2026-09-01","active","ltd","99999",""
SC902187,"","2026-09-01","active","ltd","99999",""
17451194,"","2026-09-01","active","ltd","99999",""
17451199,"","2026-09-01","active","ltd","99999",""
17451184,"","2026-09-01","active","ltd","99999",""
17451315,"","2026-09-01","active","ltd","99999",""
17451323,"","2026-09-01","active","ltd","99999",""
17451325,"","2026-09-01","active","ltd","99999",""
17451311,"","2026-09-01","active","ltd","99999",""
SC902202,"","2026-09-01","active","ltd","99999",""
17451318,"","2026-09-01","active","ltd","99999",""
17451469,"","2026-09-01","active","ltd","99999",""
SC902211,"","2026-09-01","active","ltd","99999",""
17451477,"","2026-09-01","active","ltd","99999",""
17451482,"","2026-09-01","active","ltd","99999",""
SC902217,"","2026-09-01","active","ltd","99999",""
SC902216,"","2026-09-01","active","ltd","99999",""
17451776,"","2026-09-01","active","ltd","99999",""
17451763,"","2026-09-01","active","ltd","99999",""
17451770,"","2026-09-01","active","ltd","99999",""
17451768,"","2026-09-01","active","ltd","99999",""
17451765,"","2026-09-01","active","ltd","99999",""
17451773,"","2026-09-01","active","ltd","99999",""
17451764,"","2026-09-01","active","ltd","99999",""
17451907,"","2026-09-01","active","ltd","99999",""
17451904,"","2026-09-01","active","ltd","99999",""
17451903,"","2026-09-01","active","ltd","99999",""
17451850,"","2026-09-01","active","ltd","99999",""
17451849,"","2026-09-01","active","ltd","99999",""
17451832,"","2026-09-01","active","ltd","99999",""
17451843,"","2026-09-01","active","ltd","99999",""
SC902268,"","2026-09-01","active","ltd","99999",""
17446704,"","2026-09-01","active","ltd","99999",""
17451979,"","2026-09-01","active","ltd","99999",""
17452034,"","2026-09-01","active","ltd","99999",""
17452318,"","2026-09-01","active","ltd","99999",""
17452409,"","2026-09-01","active","ltd","99999",""
17452406,"","2026-09-01","active","ltd","99999",""
17452405,"","2026-09-01","active","ltd","99999",""
17452517,"","2026-09-01","active","ltd","99999",""
17452520,"","2026-09-01","active","ltd","99999",""
17441800,"","2026-09-01","active","ltd","99999",""
17452542,"","2026-09-01","active","ltd","99999",""
17452544,"","2026-09-01","active","ltd","99999",""
17452546,"","2026-09-01","active","ltd","99999",""
17452805,"","2026-09-01","active","ltd","99999",""
17452803,"","2026-09-01","active","ltd","99999",""
17452794,"","2026-09-01","active","ltd","99999",""
NI743676,"","2026-09-01","active","ltd","99999",""
SC902309,"","2026-09-01","active","ltd","99999",""
17452793,"","2026-09-01","active","ltd","99999",""
17452789,"","2026-09-01","active","ltd","99999",""
17452806,"","2026-09-01","active","ltd","99999",""
17452989,"","2026-09-01","active","ltd","99999",""
17452993,"","2026-09-01","active","ltd","99999",""
17452987,"","2026-09-01","active","ltd","99999",""
17452992,"","2026-09-01","active","ltd","99999",""
17452997,"","2026-09-01","active","ltd","99999",""
SC902348,"","2026-09-01","active","ltd","99999",""
17452982,"","2026-09-01","active","ltd","99999",""
17453118,"","2026-09-01","active","ltd","99999",""
17453106,"","2026-09-01","active","ltd","99999",""
17453113,"","2026-09-01","active","ltd","99999",""
17453108,"","2026-09-01","active","ltd","99999",""
SC902362,"","2026-09-01","active","ltd","99999",""
17453107,"","2026-09-01","active","ltd","99999",""
17453105,"","2026-09-01","active","ltd","99999",""
17453102,"","2026-09-01","active","ltd","99999",""
17453199,"","2026-09-01","active","ltd","99999",""
17453200,"","2026-09-01","active","ltd","99999",""
17453203,"","2026-09-01","active","ltd","99999",""
17453193,"","2026-09-01","active","ltd","99999",""
17453192,"","2026-09-01","active","ltd","99999",""
17453169,"","2026-09-01","active","ltd","99999",""
17453161,"","2026-09-01","active","ltd","99999",""
17453166,"","2026-09-01","active","ltd","99999",""
17453195,"","2026-09-01","active","ltd","99999",""
17453183,"","2026-09-01","active","ltd","99999",""
17453170,"","2026-09-01","active","ltd","99999",""
17453164,"","2026-09-01","active","ltd","99999",""
17453175,"","2026-09-01","active","ltd","99999",""
17453158,"","2026-09-01","active","ltd","99999",""
17434706,"","2026-09-01","active","ltd","99999",""
17453449,"","2026-09-01","active","ltd","99999",""
NI743699,"","2026-09-01","active","ltd","99999",""
17453441,"","2026-09-01","active","ltd","99999",""
17453446,"","2026-09-01","active","ltd","99999",""
17453453,"","2026-09-01","active","ltd","99999",""
17453447,"","2026-09-01","active","ltd","99999",""
17453454,"","2026-09-01","active","ltd","99999",""
17435243,"","2026-09-01","active","ltd","99999",""
17453784,"","2026-09-01","active","ltd","99999",""
SC902382,"","2026-09-01","active","ltd","99999",""
17453781,"","2026-09-01","active","ltd","99999",""
17453788,"","2026-09-01","active","ltd","99999",""
17453786,"","2026-09-01","active","ltd","99999",""
17453832,"","2026-09-01","active","ltd","99999",""
17453824,"","2026-09-01","active","ltd","99999",""
17453828,"","2026-09-01","active","ltd","99999",""
17453823,"","2026-09-01","active","ltd","99999",""
17453829,"","2026-09-01","active","ltd","99999",""
17453836,"","2026-09-01","active","ltd","99999",""
17454296,"","2026-09-01","active","ltd","99999",""
17454307,"","2026-09-01","active","ltd","99999",""
17454311,"","2026-09-01","active","ltd","99999",""
17454284,"","2026-09-01","active","ltd","99999",""
17454281,"","2026-09-01","active","ltd","99999",""
17454280,"","2026-09-01","active","ltd","99999",""
17454305,"","2026-09-01","active","ltd","99999",""
17454310,"","2026-09-01","active","ltd","99999",""
17454445,"","2026-09-01","active","ltd","99999",""
17454426,"","2026-09-01","active","ltd","99999",""
17454417,"","2026-09-01","active","ltd","99999",""
17454447,"","2026-09-01","active","ltd","99999",""
17454430,"","2026-09-01","active","ltd","99999",""
17454432,"","2026-09-01","active","ltd","99999",""
17454759,"","2026-09-01","active","ltd","99999",""
17454751,"","2026-09-01","active","ltd","99999",""
17454758,"","2026-09-01","active","ltd","99999",""
17454757,"","2026-09-01","active","ltd","99999",""
17454851,"","2026-09-01","active","ltd","99999",""
17437180,"","2026-09-01","active","ltd","99999",""
17454843,"","2026-09-01","active","ltd","99999",""
17454853,"","2026-09-01","active","ltd","99999",""
17454869,"","2026-09-01","active","ltd","99999",""
17454872,"","2026-09-01","active","ltd","99999",""
17454875,"","2026-09-01","active","ltd","99999",""
17454876,"","2026-09-01","active","ltd","99999",""
17454868,"","2026-09-01","active","ltd","99999",""
17454866,"","2026-09-01","active","ltd","99999",""
17455225,"","2026-09-01","active","ltd","99999",""
17455251,"","2026-09-01","active","ltd","99999",""
17453212,"","2026-09-01","active","ltd","99999",""
17455238,"","2026-09-01","active","ltd","99999",""
17455257,"","2026-09-01","active","ltd","99999",""
17455234,"","2026-09-01","active","ltd","99999",""
SC902448,"","2026-09-01","active","ltd","99999",""
17455269,"","2026-09-01","active","ltd","99999",""
17437768,"","2026-09-01","active","ltd","99999",""
17437769,"","2026-09-01","active","ltd","99999",""
17437764,"","2026-09-01","active","ltd","99999",""
17437760,"","2026-09-01","active","ltd","99999",""
17437750,"","2026-09-01","active","ltd","99999",""
17430046,"","2026-09-01","active","ltd","99999",""